DELETE FROM METL_FLOW_STEP_LINK WHERE SOURCE_STEP_ID IN (SELECT ID FROM METL_FLOW_STEP WHERE FLOW_ID IN (SELECT ID FROM METL_FLOW WHERE PROJECT_VERSION_ID='a27e7f8c-7ef5-4684-9041-a2fa5682b366' ));
DELETE FROM METL_FLOW_STEP WHERE FLOW_ID IN (SELECT ID FROM METL_FLOW WHERE PROJECT_VERSION_ID='a27e7f8c-7ef5-4684-9041-a2fa5682b366' );
DELETE FROM METL_FLOW_PARAMETER WHERE FLOW_ID IN (SELECT ID FROM METL_FLOW WHERE PROJECT_VERSION_ID='a27e7f8c-7ef5-4684-9041-a2fa5682b366' );
DELETE FROM METL_FLOW WHERE PROJECT_VERSION_ID='a27e7f8c-7ef5-4684-9041-a2fa5682b366' ;
DELETE FROM METL_COMPONENT_ATTRIB_SETTING WHERE COMPONENT_ID IN (SELECT ID FROM METL_COMPONENT WHERE PROJECT_VERSION_ID='a27e7f8c-7ef5-4684-9041-a2fa5682b366' ) AND ATTRIBUTE_ID in (SELECT ID FROM METL_MODEL_ATTRIB WHERE ENTITY_ID IN (SELECT ID FROM METL_MODEL_ENTITY WHERE MODEL_ID IN (SELECT ID FROM METL_MODEL WHERE PROJECT_VERSION_ID='a27e7f8c-7ef5-4684-9041-a2fa5682b366' )));
DELETE FROM METL_COMPONENT_ENTITY_SETTING WHERE COMPONENT_ID IN (SELECT ID FROM METL_COMPONENT WHERE PROJECT_VERSION_ID='a27e7f8c-7ef5-4684-9041-a2fa5682b366' );
DELETE FROM METL_COMPONENT_SETTING WHERE COMPONENT_ID IN (SELECT ID FROM METL_COMPONENT WHERE PROJECT_VERSION_ID='a27e7f8c-7ef5-4684-9041-a2fa5682b366' );
DELETE FROM METL_COMPONENT WHERE PROJECT_VERSION_ID='a27e7f8c-7ef5-4684-9041-a2fa5682b366' ;
DELETE FROM METL_RESOURCE_SETTING WHERE RESOURCE_ID IN (SELECT ID FROM METL_RESOURCE WHERE PROJECT_VERSION_ID='a27e7f8c-7ef5-4684-9041-a2fa5682b366' );
DELETE FROM METL_RESOURCE WHERE PROJECT_VERSION_ID='a27e7f8c-7ef5-4684-9041-a2fa5682b366' ;
DELETE FROM METL_MODEL_ATTRIB WHERE ENTITY_ID IN (SELECT ID FROM METL_MODEL_ENTITY WHERE MODEL_ID in (SELECT ID FROM METL_MODEL WHERE PROJECT_VERSION_ID='a27e7f8c-7ef5-4684-9041-a2fa5682b366' ));
DELETE FROM METL_MODEL_ENTITY WHERE MODEL_ID in (SELECT ID FROM METL_MODEL WHERE PROJECT_VERSION_ID='a27e7f8c-7ef5-4684-9041-a2fa5682b366' );
DELETE FROM METL_MODEL WHERE PROJECT_VERSION_ID='a27e7f8c-7ef5-4684-9041-a2fa5682b366' ;
DELETE FROM METL_FOLDER WHERE PROJECT_VERSION_ID='a27e7f8c-7ef5-4684-9041-a2fa5682b366';
DELETE FROM METL_PROJECT_VERSION WHERE ID='a27e7f8c-7ef5-4684-9041-a2fa5682b366';
DELETE FROM METL_PROJECT WHERE ID='64e7dcaa-cab7-46ac-a431-abc49b4f9e3e';
insert into METL_PROJECT (ID, NAME, DESCRIPTION, DELETED, CREATE_TIME, CREATE_BY, LAST_UPDATE_BY, LAST_UPDATE_TIME) values ('64e7dcaa-cab7-46ac-a431-abc49b4f9e3e','FilePoller Flow Test','This project contains tests for Metl.  It is run during the build.',0,{ts '2015-11-16 08:41:59.956'},null,null,{ts '2015-11-29 20:40:07.853'});
insert into METL_PROJECT_VERSION (ID, VERSION_LABEL, PROJECT_ID, ORIG_VERSION_ID, DESCRIPTION, RELEASED, ARCHIVED, DELETED, CREATE_TIME, CREATE_BY, LAST_UPDATE_BY, LAST_UPDATE_TIME) values ('a27e7f8c-7ef5-4684-9041-a2fa5682b366','1.0','64e7dcaa-cab7-46ac-a431-abc49b4f9e3e',null,null,0,0,0,{ts '2015-11-16 08:41:59.956'},null,null,{ts '2015-11-16 08:41:59.958'});
insert into METL_MODEL (ID, ROW_ID, PROJECT_VERSION_ID, DELETED, NAME, SHARED, FOLDER_ID, CREATE_TIME, CREATE_BY, LAST_UPDATE_BY, LAST_UPDATE_TIME) values ('7d66e4dd-9434-4e43-9554-6ea871352e23','047302b7-0915-43be-a78e-2f95d4602588','a27e7f8c-7ef5-4684-9041-a2fa5682b366',0,'OneColumnEntity',0,null,{ts '2015-11-16 08:43:12.021'},null,null,{ts '2015-11-16 08:45:54.094'});
insert into METL_MODEL (ID, ROW_ID, PROJECT_VERSION_ID, DELETED, NAME, SHARED, FOLDER_ID, CREATE_TIME, CREATE_BY, LAST_UPDATE_BY, LAST_UPDATE_TIME) values ('f72fa005-e58b-4adf-946a-4b206ee6cfd3','273aec0e-01d2-4c1c-ab7a-6dfa9e9fad4e','a27e7f8c-7ef5-4684-9041-a2fa5682b366',0,'TwoColumnEntity',0,null,{ts '2015-11-19 12:59:25.377'},null,null,{ts '2015-11-19 12:59:30.127'});
insert into METL_MODEL_ENTITY (ID, MODEL_ID, NAME, CREATE_TIME, CREATE_BY, LAST_UPDATE_BY, LAST_UPDATE_TIME) values ('425f003c-9249-4e93-ae85-9c8ff2ee196d','f72fa005-e58b-4adf-946a-4b206ee6cfd3','TwoColumnEntity',{ts '2015-11-19 12:59:33.890'},null,null,{ts '2015-11-19 13:00:29.935'});
insert into METL_MODEL_ENTITY (ID, MODEL_ID, NAME, CREATE_TIME, CREATE_BY, LAST_UPDATE_BY, LAST_UPDATE_TIME) values ('79d82d44-97bc-4e11-9a32-da2469fdde91','7d66e4dd-9434-4e43-9554-6ea871352e23','OneColumnEntity',{ts '2015-11-16 08:43:29.158'},null,null,{ts '2015-11-16 08:43:44.274'});
insert into METL_MODEL_ATTRIB (ID, ENTITY_ID, NAME, TYPE, TYPE_ENTITY_ID, PK, CREATE_TIME, CREATE_BY, LAST_UPDATE_BY, LAST_UPDATE_TIME) values ('281e88e6-ccdb-44b7-bad9-2c0676ef8ea4','79d82d44-97bc-4e11-9a32-da2469fdde91','Col1','VARCHAR',null,0,{ts '2015-11-16 08:43:34.318'},null,null,{ts '2015-11-16 08:43:37.613'});
insert into METL_MODEL_ATTRIB (ID, ENTITY_ID, NAME, TYPE, TYPE_ENTITY_ID, PK, CREATE_TIME, CREATE_BY, LAST_UPDATE_BY, LAST_UPDATE_TIME) values ('3057f2f1-2385-40ce-9ad6-9b3021652a5a','425f003c-9249-4e93-ae85-9c8ff2ee196d','COL1','VARCHAR',null,0,{ts '2015-11-19 12:59:41.817'},null,null,{ts '2015-11-19 13:00:08.406'});
insert into METL_MODEL_ATTRIB (ID, ENTITY_ID, NAME, TYPE, TYPE_ENTITY_ID, PK, CREATE_TIME, CREATE_BY, LAST_UPDATE_BY, LAST_UPDATE_TIME) values ('e42ca641-df40-475f-a634-bc6ea76e4caf','425f003c-9249-4e93-ae85-9c8ff2ee196d','ID','INTEGER',null,1,{ts '2015-11-19 12:59:41.370'},null,null,{ts '2015-11-19 13:00:05.016'});
insert into METL_RESOURCE (ID, ROW_ID, PROJECT_VERSION_ID, DELETED, NAME, TYPE, FOLDER_ID, CREATE_TIME, CREATE_BY, LAST_UPDATE_BY, LAST_UPDATE_TIME) values ('2c185046-1121-4b25-a5f6-1c747c6b9136','cfdb1a8b-7520-4a11-8064-01dba8c96511','a27e7f8c-7ef5-4684-9041-a2fa5682b366',0,'directory2','Local File System',null,{ts '2015-11-24 17:21:17.441'},null,null,{ts '2015-11-24 17:21:20.711'});
insert into METL_RESOURCE (ID, ROW_ID, PROJECT_VERSION_ID, DELETED, NAME, TYPE, FOLDER_ID, CREATE_TIME, CREATE_BY, LAST_UPDATE_BY, LAST_UPDATE_TIME) values ('333e4c84-63cf-4c8b-87c3-d8ab917955a8','df577961-8caf-4de8-8b96-68a0a3c40ae5','a27e7f8c-7ef5-4684-9041-a2fa5682b366',0,'directory1','Local File System',null,{ts '2015-11-22 19:09:27.085'},null,null,{ts '2015-11-24 17:21:08.464'});
insert into METL_RESOURCE (ID, ROW_ID, PROJECT_VERSION_ID, DELETED, NAME, TYPE, FOLDER_ID, CREATE_TIME, CREATE_BY, LAST_UPDATE_BY, LAST_UPDATE_TIME) values ('e15810d9-c756-4e60-a274-283991cf510c','dd7fb3a7-4ab1-4334-b795-1e6514697b53','a27e7f8c-7ef5-4684-9041-a2fa5682b366',0,'database','Database',null,{ts '2015-11-19 12:57:48.887'},null,null,{ts '2015-11-19 12:57:51.921'});
insert into METL_RESOURCE_SETTING (RESOURCE_ID, NAME, VALUE, CREATE_TIME, CREATE_BY, LAST_UPDATE_BY, LAST_UPDATE_TIME) values ('2c185046-1121-4b25-a5f6-1c747c6b9136','localfile.path','working/directory2',{ts '2015-11-24 17:21:26.388'},null,null,{ts '2015-11-24 17:21:28.292'});
insert into METL_RESOURCE_SETTING (RESOURCE_ID, NAME, VALUE, CREATE_TIME, CREATE_BY, LAST_UPDATE_BY, LAST_UPDATE_TIME) values ('333e4c84-63cf-4c8b-87c3-d8ab917955a8','localfile.path','working/directory1',{ts '2015-11-22 19:09:46.255'},null,null,{ts '2015-11-24 17:21:01.004'});
insert into METL_COMPONENT (ID, ROW_ID, PROJECT_VERSION_ID, DELETED, NAME, TYPE, FOLDER_ID, SHARED, INPUT_MODEL_ID, OUTPUT_MODEL_ID, RESOURCE_ID, CREATE_TIME, CREATE_BY, LAST_UPDATE_BY, LAST_UPDATE_TIME) values ('02c670ed-2dee-495a-861e-ac2d6e9e51bc','fa0b84e0-f9ec-49f5-8219-6522530af3a9','a27e7f8c-7ef5-4684-9041-a2fa5682b366',0,'Move','File Util',null,0,null,null,'333e4c84-63cf-4c8b-87c3-d8ab917955a8',{ts '2015-11-23 16:08:15.636'},null,null,{ts '2015-11-23 16:14:50.455'});
insert into METL_COMPONENT (ID, ROW_ID, PROJECT_VERSION_ID, DELETED, NAME, TYPE, FOLDER_ID, SHARED, INPUT_MODEL_ID, OUTPUT_MODEL_ID, RESOURCE_ID, CREATE_TIME, CREATE_BY, LAST_UPDATE_BY, LAST_UPDATE_TIME) values ('0b5b4317-7b13-4ae1-864d-8c4b67c1192f','1b74d5a7-dc72-449c-b634-ecd8cf1bced3','a27e7f8c-7ef5-4684-9041-a2fa5682b366',0,'File Poller 1','File Poller',null,0,null,null,'333e4c84-63cf-4c8b-87c3-d8ab917955a8',{ts '2016-03-03 20:48:41.421'},null,null,{ts '2016-03-03 20:50:23.530'});
insert into METL_COMPONENT (ID, ROW_ID, PROJECT_VERSION_ID, DELETED, NAME, TYPE, FOLDER_ID, SHARED, INPUT_MODEL_ID, OUTPUT_MODEL_ID, RESOURCE_ID, CREATE_TIME, CREATE_BY, LAST_UPDATE_BY, LAST_UPDATE_TIME) values ('114de479-d3da-4210-b28f-7d21df7fd51a','f38f6386-84aa-4145-841c-045a922661fc','a27e7f8c-7ef5-4684-9041-a2fa5682b366',0,'Text File Reader 1','Text File Reader',null,0,null,null,'333e4c84-63cf-4c8b-87c3-d8ab917955a8',{ts '2016-03-03 21:02:23.125'},null,null,{ts '2016-03-03 21:02:44.947'});
insert into METL_COMPONENT (ID, ROW_ID, PROJECT_VERSION_ID, DELETED, NAME, TYPE, FOLDER_ID, SHARED, INPUT_MODEL_ID, OUTPUT_MODEL_ID, RESOURCE_ID, CREATE_TIME, CREATE_BY, LAST_UPDATE_BY, LAST_UPDATE_TIME) values ('117d159b-adac-40b6-aa24-18a54fe71b1e','efc0883e-c93a-40b5-94b0-5441fd4eba6b','a27e7f8c-7ef5-4684-9041-a2fa5682b366',0,'Setup','Script',null,0,null,null,'333e4c84-63cf-4c8b-87c3-d8ab917955a8',{ts '2015-11-24 12:48:58.976'},null,null,{ts '2015-11-24 17:04:16.009'});
insert into METL_COMPONENT (ID, ROW_ID, PROJECT_VERSION_ID, DELETED, NAME, TYPE, FOLDER_ID, SHARED, INPUT_MODEL_ID, OUTPUT_MODEL_ID, RESOURCE_ID, CREATE_TIME, CREATE_BY, LAST_UPDATE_BY, LAST_UPDATE_TIME) values ('15571af0-5aba-4ac1-98ce-1234cd834fc3','9fe9a0a6-8ed6-436c-b0cf-255b3f9ad943','a27e7f8c-7ef5-4684-9041-a2fa5682b366',0,'Assert 2','Assert',null,0,null,null,null,{ts '2016-03-03 21:02:41.009'},null,null,{ts '2016-03-03 21:02:44.948'});
insert into METL_COMPONENT (ID, ROW_ID, PROJECT_VERSION_ID, DELETED, NAME, TYPE, FOLDER_ID, SHARED, INPUT_MODEL_ID, OUTPUT_MODEL_ID, RESOURCE_ID, CREATE_TIME, CREATE_BY, LAST_UPDATE_BY, LAST_UPDATE_TIME) values ('208d8261-1aac-4b93-a98c-b0a0f5fddfd7','06364f7e-a61e-4883-a785-f953de69bf9f','a27e7f8c-7ef5-4684-9041-a2fa5682b366',0,'File Poller 1','File Poller',null,0,null,null,'333e4c84-63cf-4c8b-87c3-d8ab917955a8',{ts '2015-11-22 19:41:43.823'},null,null,{ts '2015-11-23 09:03:08.911'});
insert into METL_COMPONENT (ID, ROW_ID, PROJECT_VERSION_ID, DELETED, NAME, TYPE, FOLDER_ID, SHARED, INPUT_MODEL_ID, OUTPUT_MODEL_ID, RESOURCE_ID, CREATE_TIME, CREATE_BY, LAST_UPDATE_BY, LAST_UPDATE_TIME) values ('26095f7c-39e5-43d7-8b3e-520c0131aa50','c11bd5e3-0fdb-40bf-a20a-a1d6f30c1d7a','a27e7f8c-7ef5-4684-9041-a2fa5682b366',0,'Text File Reader 1','Text File Reader',null,0,null,null,'333e4c84-63cf-4c8b-87c3-d8ab917955a8',{ts '2015-11-22 20:00:47.792'},null,null,{ts '2015-11-23 08:54:54.512'});
insert into METL_COMPONENT (ID, ROW_ID, PROJECT_VERSION_ID, DELETED, NAME, TYPE, FOLDER_ID, SHARED, INPUT_MODEL_ID, OUTPUT_MODEL_ID, RESOURCE_ID, CREATE_TIME, CREATE_BY, LAST_UPDATE_BY, LAST_UPDATE_TIME) values ('27091e0c-05b8-4feb-8649-927c9ccad3df','33616c47-6264-489d-a056-52cc831c3c98','a27e7f8c-7ef5-4684-9041-a2fa5682b366',0,'File Poller','File Poller',null,0,null,null,'333e4c84-63cf-4c8b-87c3-d8ab917955a8',{ts '2015-11-23 16:07:30.827'},null,null,{ts '2015-11-23 16:14:48.383'});
insert into METL_COMPONENT (ID, ROW_ID, PROJECT_VERSION_ID, DELETED, NAME, TYPE, FOLDER_ID, SHARED, INPUT_MODEL_ID, OUTPUT_MODEL_ID, RESOURCE_ID, CREATE_TIME, CREATE_BY, LAST_UPDATE_BY, LAST_UPDATE_TIME) values ('33b872b8-dba2-425a-9a21-010531301115','dfff8d2b-4b85-46b9-8672-657ffc1a1da8','a27e7f8c-7ef5-4684-9041-a2fa5682b366',0,'Script 1','Script',null,0,null,null,'333e4c84-63cf-4c8b-87c3-d8ab917955a8',{ts '2016-03-03 21:00:25.971'},null,null,{ts '2016-03-03 21:02:44.946'});
insert into METL_COMPONENT (ID, ROW_ID, PROJECT_VERSION_ID, DELETED, NAME, TYPE, FOLDER_ID, SHARED, INPUT_MODEL_ID, OUTPUT_MODEL_ID, RESOURCE_ID, CREATE_TIME, CREATE_BY, LAST_UPDATE_BY, LAST_UPDATE_TIME) values ('3443953e-3cd6-422f-a21d-cce232f6e235','4f5188f7-cee5-4600-9878-26b03517dc42','a27e7f8c-7ef5-4684-9041-a2fa5682b366',0,'Assert','Assert',null,0,null,null,null,{ts '2015-11-24 17:10:56.286'},null,null,{ts '2015-11-24 17:43:21.512'});
insert into METL_COMPONENT (ID, ROW_ID, PROJECT_VERSION_ID, DELETED, NAME, TYPE, FOLDER_ID, SHARED, INPUT_MODEL_ID, OUTPUT_MODEL_ID, RESOURCE_ID, CREATE_TIME, CREATE_BY, LAST_UPDATE_BY, LAST_UPDATE_TIME) values ('4510d502-74eb-4396-a4c9-7aac148ebd50','3a495611-37ff-486e-b0a8-fba6bc8aeb84','a27e7f8c-7ef5-4684-9041-a2fa5682b366',0,'Text File Reader 1','Text File Reader',null,0,null,null,'333e4c84-63cf-4c8b-87c3-d8ab917955a8',{ts '2016-03-03 20:50:04.298'},null,null,{ts '2016-03-03 20:50:23.531'});
insert into METL_COMPONENT (ID, ROW_ID, PROJECT_VERSION_ID, DELETED, NAME, TYPE, FOLDER_ID, SHARED, INPUT_MODEL_ID, OUTPUT_MODEL_ID, RESOURCE_ID, CREATE_TIME, CREATE_BY, LAST_UPDATE_BY, LAST_UPDATE_TIME) values ('4a1c439b-bb01-4862-8a6f-56dc839e844e','5ea239ca-45bc-4364-8738-a6bdf63fd773','a27e7f8c-7ef5-4684-9041-a2fa5682b366',0,'File Poller 1','File Poller',null,0,null,null,'333e4c84-63cf-4c8b-87c3-d8ab917955a8',{ts '2016-03-03 12:42:34.242'},null,null,{ts '2016-03-03 20:42:43.950'});
insert into METL_COMPONENT (ID, ROW_ID, PROJECT_VERSION_ID, DELETED, NAME, TYPE, FOLDER_ID, SHARED, INPUT_MODEL_ID, OUTPUT_MODEL_ID, RESOURCE_ID, CREATE_TIME, CREATE_BY, LAST_UPDATE_BY, LAST_UPDATE_TIME) values ('522b2b97-51b6-4bd9-b45b-764f9340cf5c','69dad15a-49fd-4b14-b853-fdc53330cad8','a27e7f8c-7ef5-4684-9041-a2fa5682b366',0,'Script 1','Script',null,0,null,null,'333e4c84-63cf-4c8b-87c3-d8ab917955a8',{ts '2016-03-03 20:46:06.334'},null,null,{ts '2016-03-03 20:50:23.529'});
insert into METL_COMPONENT (ID, ROW_ID, PROJECT_VERSION_ID, DELETED, NAME, TYPE, FOLDER_ID, SHARED, INPUT_MODEL_ID, OUTPUT_MODEL_ID, RESOURCE_ID, CREATE_TIME, CREATE_BY, LAST_UPDATE_BY, LAST_UPDATE_TIME) values ('61113711-1101-499c-b73a-e45f0f7ad372','1a0b2a43-2f3c-49a9-ba46-ca503ef3b19e','a27e7f8c-7ef5-4684-9041-a2fa5682b366',0,'Script','Script',null,0,null,null,'333e4c84-63cf-4c8b-87c3-d8ab917955a8',{ts '2015-11-24 17:04:54.033'},null,null,{ts '2015-11-24 17:43:31.767'});
insert into METL_COMPONENT (ID, ROW_ID, PROJECT_VERSION_ID, DELETED, NAME, TYPE, FOLDER_ID, SHARED, INPUT_MODEL_ID, OUTPUT_MODEL_ID, RESOURCE_ID, CREATE_TIME, CREATE_BY, LAST_UPDATE_BY, LAST_UPDATE_TIME) values ('6264d8b2-4bd7-48c5-928d-61e8b730bd27','e33aacb9-a3ef-4b5b-b91b-d734b5e7d0ff','a27e7f8c-7ef5-4684-9041-a2fa5682b366',0,'Assert 2','Assert',null,0,null,null,null,{ts '2016-03-03 20:42:39.974'},null,null,{ts '2016-03-03 20:42:43.953'});
insert into METL_COMPONENT (ID, ROW_ID, PROJECT_VERSION_ID, DELETED, NAME, TYPE, FOLDER_ID, SHARED, INPUT_MODEL_ID, OUTPUT_MODEL_ID, RESOURCE_ID, CREATE_TIME, CREATE_BY, LAST_UPDATE_BY, LAST_UPDATE_TIME) values ('65b291fe-3ea1-4226-b4cc-c60b04709776','bf9054f2-ebff-4ace-b2dd-c5c3f2801410','a27e7f8c-7ef5-4684-9041-a2fa5682b366',0,'Assert 1','Assert',null,0,null,null,null,{ts '2015-11-22 20:00:11.635'},null,null,{ts '2015-11-23 08:53:26.483'});
insert into METL_COMPONENT (ID, ROW_ID, PROJECT_VERSION_ID, DELETED, NAME, TYPE, FOLDER_ID, SHARED, INPUT_MODEL_ID, OUTPUT_MODEL_ID, RESOURCE_ID, CREATE_TIME, CREATE_BY, LAST_UPDATE_BY, LAST_UPDATE_TIME) values ('6d6392ab-d003-4f16-925e-dc50f74079b8','6eda4b15-cad8-499e-8598-71ac3eb93eb1','a27e7f8c-7ef5-4684-9041-a2fa5682b366',0,'Setup Files to be found','Script',null,0,null,null,'333e4c84-63cf-4c8b-87c3-d8ab917955a8',{ts '2016-03-03 12:37:38.037'},null,null,{ts '2016-03-03 20:42:43.949'});
insert into METL_COMPONENT (ID, ROW_ID, PROJECT_VERSION_ID, DELETED, NAME, TYPE, FOLDER_ID, SHARED, INPUT_MODEL_ID, OUTPUT_MODEL_ID, RESOURCE_ID, CREATE_TIME, CREATE_BY, LAST_UPDATE_BY, LAST_UPDATE_TIME) values ('7e747fbf-df3e-4ad9-97cf-819c846ea075','70a6e462-aa8d-4897-a14b-ed0240e34bc8','a27e7f8c-7ef5-4684-9041-a2fa5682b366',0,'Assert 2','Assert',null,0,null,null,null,{ts '2016-03-03 20:50:19.468'},null,null,{ts '2016-03-03 20:50:23.532'});
insert into METL_COMPONENT (ID, ROW_ID, PROJECT_VERSION_ID, DELETED, NAME, TYPE, FOLDER_ID, SHARED, INPUT_MODEL_ID, OUTPUT_MODEL_ID, RESOURCE_ID, CREATE_TIME, CREATE_BY, LAST_UPDATE_BY, LAST_UPDATE_TIME) values ('8c0305f9-cd1c-4adf-9578-4aac1b4f312b','e129bab8-2b35-45ff-9762-7cbe82851eee','a27e7f8c-7ef5-4684-9041-a2fa5682b366',0,'Assert 1','Assert',null,0,null,null,null,{ts '2016-03-03 20:32:56.364'},null,null,{ts '2016-03-03 20:42:43.951'});
insert into METL_COMPONENT (ID, ROW_ID, PROJECT_VERSION_ID, DELETED, NAME, TYPE, FOLDER_ID, SHARED, INPUT_MODEL_ID, OUTPUT_MODEL_ID, RESOURCE_ID, CREATE_TIME, CREATE_BY, LAST_UPDATE_BY, LAST_UPDATE_TIME) values ('92c51db7-6823-490b-bcd4-ce40effe4be4','e5f73495-4ccf-4329-9c73-7b06d62b2358','a27e7f8c-7ef5-4684-9041-a2fa5682b366',0,'File Poller 1','File Poller',null,0,null,null,'333e4c84-63cf-4c8b-87c3-d8ab917955a8',{ts '2016-03-03 21:01:26.889'},null,null,{ts '2016-03-03 21:02:44.947'});
insert into METL_COMPONENT (ID, ROW_ID, PROJECT_VERSION_ID, DELETED, NAME, TYPE, FOLDER_ID, SHARED, INPUT_MODEL_ID, OUTPUT_MODEL_ID, RESOURCE_ID, CREATE_TIME, CREATE_BY, LAST_UPDATE_BY, LAST_UPDATE_TIME) values ('967c7224-8d92-4d15-b0cb-a7388155e107','5f21030c-e3dd-4916-afa1-62c62a3894aa','a27e7f8c-7ef5-4684-9041-a2fa5682b366',0,'Assert 1','Assert',null,0,null,null,null,{ts '2016-03-03 20:49:34.681'},null,null,{ts '2016-03-03 20:50:23.531'});
insert into METL_COMPONENT (ID, ROW_ID, PROJECT_VERSION_ID, DELETED, NAME, TYPE, FOLDER_ID, SHARED, INPUT_MODEL_ID, OUTPUT_MODEL_ID, RESOURCE_ID, CREATE_TIME, CREATE_BY, LAST_UPDATE_BY, LAST_UPDATE_TIME) values ('96b565f7-23dd-4082-8d8e-11dd4ce1ae3d','b2a487cf-7754-4f40-bc60-148776c59f1b','a27e7f8c-7ef5-4684-9041-a2fa5682b366',0,'Assert 3','Assert',null,0,null,null,null,{ts '2015-11-23 08:53:21.229'},null,null,{ts '2015-11-23 08:53:26.488'});
insert into METL_COMPONENT (ID, ROW_ID, PROJECT_VERSION_ID, DELETED, NAME, TYPE, FOLDER_ID, SHARED, INPUT_MODEL_ID, OUTPUT_MODEL_ID, RESOURCE_ID, CREATE_TIME, CREATE_BY, LAST_UPDATE_BY, LAST_UPDATE_TIME) values ('9d11f30b-ccc2-4612-97dd-7fde79501700','b227a460-aeb4-4ccd-886d-39524783876c','a27e7f8c-7ef5-4684-9041-a2fa5682b366',0,'Setup','Script',null,0,null,null,'333e4c84-63cf-4c8b-87c3-d8ab917955a8',{ts '2015-11-23 16:07:09.848'},null,null,{ts '2015-11-23 17:00:12.573'});
insert into METL_COMPONENT (ID, ROW_ID, PROJECT_VERSION_ID, DELETED, NAME, TYPE, FOLDER_ID, SHARED, INPUT_MODEL_ID, OUTPUT_MODEL_ID, RESOURCE_ID, CREATE_TIME, CREATE_BY, LAST_UPDATE_BY, LAST_UPDATE_TIME) values ('a76c7c05-9c3b-4c07-aedb-5f51d8d6b72c','eb48f04a-af6a-4d09-a543-a192cdcca941','a27e7f8c-7ef5-4684-9041-a2fa5682b366',0,'XmlReader 1','XmlReader',null,0,null,null,'333e4c84-63cf-4c8b-87c3-d8ab917955a8',{ts '2015-11-23 08:37:47.312'},null,null,{ts '2015-11-23 08:55:27.577'});
insert into METL_COMPONENT (ID, ROW_ID, PROJECT_VERSION_ID, DELETED, NAME, TYPE, FOLDER_ID, SHARED, INPUT_MODEL_ID, OUTPUT_MODEL_ID, RESOURCE_ID, CREATE_TIME, CREATE_BY, LAST_UPDATE_BY, LAST_UPDATE_TIME) values ('b024c1b2-bda7-4f9f-8639-d557208622a8','9337d8df-a660-406c-a74f-e4fcda5e714f','a27e7f8c-7ef5-4684-9041-a2fa5682b366',0,'File Poller','File Poller',null,0,null,null,'333e4c84-63cf-4c8b-87c3-d8ab917955a8',{ts '2015-11-24 17:05:33.380'},null,null,{ts '2015-11-24 17:43:28.304'});
insert into METL_COMPONENT (ID, ROW_ID, PROJECT_VERSION_ID, DELETED, NAME, TYPE, FOLDER_ID, SHARED, INPUT_MODEL_ID, OUTPUT_MODEL_ID, RESOURCE_ID, CREATE_TIME, CREATE_BY, LAST_UPDATE_BY, LAST_UPDATE_TIME) values ('b5edc435-7b7e-466f-b882-7d40d274c1f2','1c31d2d6-a15e-4f7f-bf99-5d246533136e','a27e7f8c-7ef5-4684-9041-a2fa5682b366',0,'UnZip','UnZip',null,0,null,null,null,{ts '2015-11-24 17:09:57.785'},null,null,{ts '2015-11-24 17:43:24.609'});
insert into METL_COMPONENT (ID, ROW_ID, PROJECT_VERSION_ID, DELETED, NAME, TYPE, FOLDER_ID, SHARED, INPUT_MODEL_ID, OUTPUT_MODEL_ID, RESOURCE_ID, CREATE_TIME, CREATE_BY, LAST_UPDATE_BY, LAST_UPDATE_TIME) values ('b767f5e7-540b-402b-b8a9-1fa664788d3a','ca800e77-01a0-444b-a113-4a12b6afe67c','a27e7f8c-7ef5-4684-9041-a2fa5682b366',0,'Assert 1','Assert',null,0,null,null,null,{ts '2016-03-03 21:02:04.089'},null,null,{ts '2016-03-03 21:02:44.947'});
insert into METL_COMPONENT (ID, ROW_ID, PROJECT_VERSION_ID, DELETED, NAME, TYPE, FOLDER_ID, SHARED, INPUT_MODEL_ID, OUTPUT_MODEL_ID, RESOURCE_ID, CREATE_TIME, CREATE_BY, LAST_UPDATE_BY, LAST_UPDATE_TIME) values ('c8ba33e5-ac25-46aa-b091-d65806e9e457','0af5d4fd-0155-43eb-a044-a70983d8222c','a27e7f8c-7ef5-4684-9041-a2fa5682b366',0,'Assert Move','Script',null,0,null,null,null,{ts '2015-11-23 16:11:34.427'},null,null,{ts '2015-11-23 16:14:52.782'});
insert into METL_COMPONENT (ID, ROW_ID, PROJECT_VERSION_ID, DELETED, NAME, TYPE, FOLDER_ID, SHARED, INPUT_MODEL_ID, OUTPUT_MODEL_ID, RESOURCE_ID, CREATE_TIME, CREATE_BY, LAST_UPDATE_BY, LAST_UPDATE_TIME) values ('cfb187ce-9094-42b0-9cb5-3070f61f15a7','418e4b06-c7f6-4d6f-abd4-165a17442d2a','a27e7f8c-7ef5-4684-9041-a2fa5682b366',0,'Assert Unzip','Script',null,0,null,null,null,{ts '2015-11-24 17:38:26.156'},null,null,{ts '2015-11-24 17:43:15.255'});
insert into METL_COMPONENT (ID, ROW_ID, PROJECT_VERSION_ID, DELETED, NAME, TYPE, FOLDER_ID, SHARED, INPUT_MODEL_ID, OUTPUT_MODEL_ID, RESOURCE_ID, CREATE_TIME, CREATE_BY, LAST_UPDATE_BY, LAST_UPDATE_TIME) values ('d53ca2f0-5542-477b-a395-9e6664827646','cfafcd8c-f717-4f88-b7c8-ca9b1d1cb6bb','a27e7f8c-7ef5-4684-9041-a2fa5682b366',0,'Assert 2','Assert',null,0,null,null,null,{ts '2015-11-23 08:53:15.601'},null,null,{ts '2015-11-23 08:53:30.789'});
insert into METL_COMPONENT (ID, ROW_ID, PROJECT_VERSION_ID, DELETED, NAME, TYPE, FOLDER_ID, SHARED, INPUT_MODEL_ID, OUTPUT_MODEL_ID, RESOURCE_ID, CREATE_TIME, CREATE_BY, LAST_UPDATE_BY, LAST_UPDATE_TIME) values ('d6993ee5-5044-47ad-a93d-49edcf4b9bff','3bed1aaf-7ba4-479a-93aa-a5b550911df9','a27e7f8c-7ef5-4684-9041-a2fa5682b366',0,'Text File Reader 1','Text File Reader',null,0,null,null,'333e4c84-63cf-4c8b-87c3-d8ab917955a8',{ts '2016-03-03 20:41:59.609'},null,null,{ts '2016-03-03 20:42:43.952'});
insert into METL_COMPONENT (ID, ROW_ID, PROJECT_VERSION_ID, DELETED, NAME, TYPE, FOLDER_ID, SHARED, INPUT_MODEL_ID, OUTPUT_MODEL_ID, RESOURCE_ID, CREATE_TIME, CREATE_BY, LAST_UPDATE_BY, LAST_UPDATE_TIME) values ('fd0315f1-315a-49bf-8a71-692b0194614e','db540721-4848-41e8-a9b0-b568fab2bd90','a27e7f8c-7ef5-4684-9041-a2fa5682b366',0,'Setup Script','Script',null,0,null,null,'333e4c84-63cf-4c8b-87c3-d8ab917955a8',{ts '2015-11-22 19:09:58.725'},null,null,{ts '2015-11-23 08:53:26.481'});
insert into METL_COMPONENT_SETTING (ID, COMPONENT_ID, NAME, VALUE, CREATE_TIME, CREATE_BY, LAST_UPDATE_BY, LAST_UPDATE_TIME) values ('08c7e96c-be37-4705-b423-975beb58ddac','0b5b4317-7b13-4ae1-864d-8c4b67c1192f','file.pattern','subdir*/out/a.txt',{ts '2016-03-03 20:49:10.358'},null,null,{ts '2016-03-03 20:50:23.530'});
insert into METL_COMPONENT_SETTING (ID, COMPONENT_ID, NAME, VALUE, CREATE_TIME, CREATE_BY, LAST_UPDATE_BY, LAST_UPDATE_TIME) values ('0b054c8a-7512-444d-812f-4c45f6f3470c','02c670ed-2dee-495a-861e-ac2d6e9e51bc','must.exist','true',{ts '2015-11-23 16:19:51.718'},null,null,{ts '2015-11-23 16:19:51.718'});
insert into METL_COMPONENT_SETTING (ID, COMPONENT_ID, NAME, VALUE, CREATE_TIME, CREATE_BY, LAST_UPDATE_BY, LAST_UPDATE_TIME) values ('0b97e1f8-158c-45b3-a34d-f11f23f20428','61113711-1101-499c-b73a-e45f0f7ad372','handle.msg.script','classpathToDirectory(''/test.zip'')',{ts '2015-11-24 17:05:13.687'},null,null,{ts '2015-11-24 17:43:31.768'});
insert into METL_COMPONENT_SETTING (ID, COMPONENT_ID, NAME, VALUE, CREATE_TIME, CREATE_BY, LAST_UPDATE_BY, LAST_UPDATE_TIME) values ('0ddc333c-12ff-438a-9182-c607f46f5d3f','9d11f30b-ccc2-4612-97dd-7fde79501700','handle.msg.script','File workingDir = new File("working/directory1")
deleteQuietly(workingDir)
File inboxDir = new File(workingDir, "inbox")
inboxDir.mkdirs()
writeStringToFile(new File(inboxDir, "a.txt"), "<root><test>a</test></root>")
writeStringToFile(new File(inboxDir, "b.txt"), "<root><test>a</test><test>b</test></root>")
writeStringToFile(new File(inboxDir, "c.xxx"), "this is a test")',{ts '2015-11-23 16:07:12.724'},null,null,{ts '2015-11-26 23:49:11.220'});
insert into METL_COMPONENT_SETTING (ID, COMPONENT_ID, NAME, VALUE, CREATE_TIME, CREATE_BY, LAST_UPDATE_BY, LAST_UPDATE_TIME) values ('0ef2dae8-afaf-4454-978c-6bf10b4ab86e','208d8261-1aac-4b93-a98c-b0a0f5fddfd7','file.pattern','inbox/*.txt',{ts '2015-11-22 19:43:48.644'},null,null,{ts '2015-11-23 09:03:08.912'});
insert into METL_COMPONENT_SETTING (ID, COMPONENT_ID, NAME, VALUE, CREATE_TIME, CREATE_BY, LAST_UPDATE_BY, LAST_UPDATE_TIME) values ('0f28b85e-6ee4-4e53-9b2c-7a2a52c14f8d','114de479-d3da-4210-b28f-7d21df7fd51a','get.file.name.from.message','true',{ts '2016-03-03 21:02:36.192'},null,null,{ts '2016-03-03 21:02:44.948'});
insert into METL_COMPONENT_SETTING (ID, COMPONENT_ID, NAME, VALUE, CREATE_TIME, CREATE_BY, LAST_UPDATE_BY, LAST_UPDATE_TIME) values ('104cd90b-104f-4d1a-ac10-2735b830df89','96b565f7-23dd-4082-8d8e-11dd4ce1ae3d','expected.text.messages.count','3',{ts '2015-11-23 08:53:45.123'},null,null,{ts '2015-11-23 09:02:40.930'});
insert into METL_COMPONENT_SETTING (ID, COMPONENT_ID, NAME, VALUE, CREATE_TIME, CREATE_BY, LAST_UPDATE_BY, LAST_UPDATE_TIME) values ('14ece05c-69f6-4a35-a531-53c340a373f3','114de479-d3da-4210-b28f-7d21df7fd51a','run.when','PER MESSAGE',{ts '2016-03-03 21:02:30.919'},null,null,{ts '2016-03-03 21:02:44.948'});
insert into METL_COMPONENT_SETTING (ID, COMPONENT_ID, NAME, VALUE, CREATE_TIME, CREATE_BY, LAST_UPDATE_BY, LAST_UPDATE_TIME) values ('171ce387-c23f-4222-981a-a4b7a4460c9f','d53ca2f0-5542-477b-a395-9e6664827646','expected.text.messages.count','2',{ts '2015-11-23 08:53:40.509'},null,null,{ts '2015-11-23 08:53:40.509'});
insert into METL_COMPONENT_SETTING (ID, COMPONENT_ID, NAME, VALUE, CREATE_TIME, CREATE_BY, LAST_UPDATE_BY, LAST_UPDATE_TIME) values ('1e0c63b3-0a52-4d32-a562-ac9a42264668','27091e0c-05b8-4feb-8649-927c9ccad3df','cancel.on.no.files','false',{ts '2015-11-24 17:37:23.585'},null,null,{ts '2015-11-24 17:37:23.585'});
insert into METL_COMPONENT_SETTING (ID, COMPONENT_ID, NAME, VALUE, CREATE_TIME, CREATE_BY, LAST_UPDATE_BY, LAST_UPDATE_TIME) values ('2320bd65-1b59-464a-a78a-f6103dd15747','d6993ee5-5044-47ad-a93d-49edcf4b9bff','get.file.name.from.message','true',{ts '2016-03-03 20:42:30.640'},null,null,{ts '2016-03-03 20:42:43.952'});
insert into METL_COMPONENT_SETTING (ID, COMPONENT_ID, NAME, VALUE, CREATE_TIME, CREATE_BY, LAST_UPDATE_BY, LAST_UPDATE_TIME) values ('28847f9b-8fe5-447a-84cc-6261eaed6fe9','92c51db7-6823-490b-bcd4-ce40effe4be4','file.pattern','subdir*/out/*.txt',{ts '2016-03-03 21:01:51.496'},null,null,{ts '2016-03-03 21:02:44.947'});
insert into METL_COMPONENT_SETTING (ID, COMPONENT_ID, NAME, VALUE, CREATE_TIME, CREATE_BY, LAST_UPDATE_BY, LAST_UPDATE_TIME) values ('290c624d-8649-4fd9-af8f-6ce006d469d5','65b291fe-3ea1-4226-b4cc-c60b04709776','expected.text.messages.count','2',{ts '2015-11-22 20:00:19.355'},null,null,{ts '2015-11-23 08:53:26.484'});
insert into METL_COMPONENT_SETTING (ID, COMPONENT_ID, NAME, VALUE, CREATE_TIME, CREATE_BY, LAST_UPDATE_BY, LAST_UPDATE_TIME) values ('2b2210e2-bca3-41e9-8578-57c6ed479bb0','6264d8b2-4bd7-48c5-928d-61e8b730bd27','expected.text.messages.count','2',{ts '2016-03-03 20:42:55.524'},null,null,{ts '2016-03-03 20:42:55.524'});
insert into METL_COMPONENT_SETTING (ID, COMPONENT_ID, NAME, VALUE, CREATE_TIME, CREATE_BY, LAST_UPDATE_BY, LAST_UPDATE_TIME) values ('2eb17c11-14d5-4baa-8f92-2d15010285fa','61113711-1101-499c-b73a-e45f0f7ad372','run.when','PER UNIT OF WORK',{ts '2015-11-24 17:05:51.111'},null,null,{ts '2015-11-24 17:43:31.768'});
insert into METL_COMPONENT_SETTING (ID, COMPONENT_ID, NAME, VALUE, CREATE_TIME, CREATE_BY, LAST_UPDATE_BY, LAST_UPDATE_TIME) values ('35815f00-1023-4c3a-a029-9248d342351f','c8ba33e5-ac25-46aa-b091-d65806e9e457','handle.msg.script','if (inputMessage instanceof ControlMessage) {
    File outboxDir = new File("working/directory1/outbox")
    if (!new File(outboxDir, "a.txt").exists() ||
        !new File(outboxDir, "b.txt").exists() ||
        !new File(outboxDir, "c.xxx").exists()) {
        throw new AssertException("File were not copied to the outbox as expected");
    }

    File inboxDir = new File("working/directory1/inbox")
    if (!new File(outboxDir, "a.txt").exists() ||
        !new File(outboxDir, "b.txt").exists() ||
        !new File(outboxDir, "c.xxx").exists()) {
        throw new AssertException("File were not removed from the inbox as expected");
    }
}',{ts '2015-11-23 16:12:00.786'},null,null,{ts '2015-11-26 23:32:33.476'});
insert into METL_COMPONENT_SETTING (ID, COMPONENT_ID, NAME, VALUE, CREATE_TIME, CREATE_BY, LAST_UPDATE_BY, LAST_UPDATE_TIME) values ('3822f336-d3a0-4816-8e35-1eb263d7139d','d6993ee5-5044-47ad-a93d-49edcf4b9bff','logOutput','false',{ts '2016-03-03 20:43:38.799'},null,null,{ts '2016-03-03 20:44:48.905'});
insert into METL_COMPONENT_SETTING (ID, COMPONENT_ID, NAME, VALUE, CREATE_TIME, CREATE_BY, LAST_UPDATE_BY, LAST_UPDATE_TIME) values ('3cc56da3-6814-4206-8d62-fc5720250398','d53ca2f0-5542-477b-a395-9e6664827646','expected.control.messages.count','1',{ts '2015-11-23 08:53:42.805'},null,null,{ts '2015-11-23 08:53:42.805'});
insert into METL_COMPONENT_SETTING (ID, COMPONENT_ID, NAME, VALUE, CREATE_TIME, CREATE_BY, LAST_UPDATE_BY, LAST_UPDATE_TIME) values ('3cf357a9-d902-474e-b35f-a0a0d8565f4a','02c670ed-2dee-495a-861e-ac2d6e9e51bc','get.file.name.from.message','true',{ts '2015-11-23 16:08:37.891'},null,null,{ts '2015-11-23 16:14:50.456'});
insert into METL_COMPONENT_SETTING (ID, COMPONENT_ID, NAME, VALUE, CREATE_TIME, CREATE_BY, LAST_UPDATE_BY, LAST_UPDATE_TIME) values ('40645239-a265-4e03-8346-5843b5930337','6d6392ab-d003-4f16-925e-dc50f74079b8','handle.msg.script','File workingDir = new File("working/directory1")
deleteQuietly(workingDir)
File subDir1 = new File(workingDir, "subdir1")
subDir1.mkdirs()
writeStringToFile(new File(subDir1, "a.txt"), "this is a test of a single line file in subdir1")
File subDir2 = new File(workingDir, "subdir2")
subDir2.mkdirs()
writeStringToFile(new File(subDir2, "a.txt"), "this is a test of a single line file in subdir2")
',{ts '2016-03-03 12:37:57.785'},null,null,{ts '2016-03-03 20:42:43.950'});
insert into METL_COMPONENT_SETTING (ID, COMPONENT_ID, NAME, VALUE, CREATE_TIME, CREATE_BY, LAST_UPDATE_BY, LAST_UPDATE_TIME) values ('4c97de6e-7904-4755-a71e-4e97e79bb11b','b024c1b2-bda7-4f9f-8639-d557208622a8','file.pattern','test.zip',{ts '2015-11-24 17:09:39.842'},null,null,{ts '2015-11-24 17:43:28.305'});
insert into METL_COMPONENT_SETTING (ID, COMPONENT_ID, NAME, VALUE, CREATE_TIME, CREATE_BY, LAST_UPDATE_BY, LAST_UPDATE_TIME) values ('4cfca3e7-3c02-47b0-bf3a-b3f7de89295b','b5edc435-7b7e-466f-b882-7d40d274c1f2','logOutput','true',{ts '2015-11-24 17:44:09.213'},null,null,{ts '2015-11-24 17:44:09.213'});
insert into METL_COMPONENT_SETTING (ID, COMPONENT_ID, NAME, VALUE, CREATE_TIME, CREATE_BY, LAST_UPDATE_BY, LAST_UPDATE_TIME) values ('4f193023-1107-4bc6-b511-bc5d92c838fc','3443953e-3cd6-422f-a21d-cce232f6e235','logInput','true',{ts '2015-11-24 17:14:04.368'},null,null,{ts '2015-11-24 17:43:21.513'});
insert into METL_COMPONENT_SETTING (ID, COMPONENT_ID, NAME, VALUE, CREATE_TIME, CREATE_BY, LAST_UPDATE_BY, LAST_UPDATE_TIME) values ('5003032a-ed4a-43f8-bee8-6437cdbcab23','15571af0-5aba-4ac1-98ce-1234cd834fc3','expected.text.messages.count','2',{ts '2016-03-03 21:02:50.465'},null,null,{ts '2016-03-03 21:02:50.465'});
insert into METL_COMPONENT_SETTING (ID, COMPONENT_ID, NAME, VALUE, CREATE_TIME, CREATE_BY, LAST_UPDATE_BY, LAST_UPDATE_TIME) values ('50f3cdff-3c75-4a73-9146-17972f6d99fd','522b2b97-51b6-4bd9-b45b-764f9340cf5c','handle.msg.script','File workingDir = new File("working/directory1")
deleteQuietly(workingDir)
File subDir1 = new File(workingDir, "subdir1")
subDir1.mkdirs()
File subDir1b = new File(subDir1, "out");
writeStringToFile(new File(subDir1b, "a.txt"), "this is a test of a single line file in subdir1/out")
File subDir2 = new File(workingDir, "subdir2")
subDir2.mkdirs()
File subDir2b = new File(subDir2, "out");
writeStringToFile(new File(subDir2b, "a.txt"), "this is a test of a single line file in subdir2")
',{ts '2016-03-03 20:46:15.439'},null,null,{ts '2016-03-03 20:50:23.530'});
insert into METL_COMPONENT_SETTING (ID, COMPONENT_ID, NAME, VALUE, CREATE_TIME, CREATE_BY, LAST_UPDATE_BY, LAST_UPDATE_TIME) values ('62531748-9843-4f7a-a1ee-b440a95924ed','a76c7c05-9c3b-4c07-aedb-5f51d8d6b72c','get.file.name.from.message','true',{ts '2015-11-23 08:52:46.941'},null,null,{ts '2015-11-23 08:55:27.577'});
insert into METL_COMPONENT_SETTING (ID, COMPONENT_ID, NAME, VALUE, CREATE_TIME, CREATE_BY, LAST_UPDATE_BY, LAST_UPDATE_TIME) values ('63c87528-5d06-42ce-92bf-8a78b0900890','b767f5e7-540b-402b-b8a9-1fa664788d3a','expected.control.messages.count','1',{ts '2016-03-03 21:02:18.244'},null,null,{ts '2016-03-03 21:02:44.947'});
insert into METL_COMPONENT_SETTING (ID, COMPONENT_ID, NAME, VALUE, CREATE_TIME, CREATE_BY, LAST_UPDATE_BY, LAST_UPDATE_TIME) values ('681c17e7-2ff8-4f6b-aa8d-28407d64a2e4','8c0305f9-cd1c-4adf-9578-4aac1b4f312b','logOutput','false',{ts '2016-03-03 20:43:36.153'},null,null,{ts '2016-03-03 20:44:45.588'});
insert into METL_COMPONENT_SETTING (ID, COMPONENT_ID, NAME, VALUE, CREATE_TIME, CREATE_BY, LAST_UPDATE_BY, LAST_UPDATE_TIME) values ('6bf54217-e4d5-4ea3-a29d-810b7f1a831e','c8ba33e5-ac25-46aa-b091-d65806e9e457','run.when','PER UNIT OF WORK',{ts '2015-11-23 16:14:22.423'},null,null,{ts '2015-11-23 16:14:52.782'});
insert into METL_COMPONENT_SETTING (ID, COMPONENT_ID, NAME, VALUE, CREATE_TIME, CREATE_BY, LAST_UPDATE_BY, LAST_UPDATE_TIME) values ('752dd4eb-4ddb-4ba7-81c5-56b9a04945b5','117d159b-adac-40b6-aa24-18a54fe71b1e','handle.msg.script','classpathToDirectory(''/test.zip'')',{ts '2015-11-24 13:01:02.215'},null,null,{ts '2015-11-24 17:04:16.010'});
insert into METL_COMPONENT_SETTING (ID, COMPONENT_ID, NAME, VALUE, CREATE_TIME, CREATE_BY, LAST_UPDATE_BY, LAST_UPDATE_TIME) values ('76ed3398-4792-4ad9-b0c8-177a452d2b84','8c0305f9-cd1c-4adf-9578-4aac1b4f312b','expected.text.messages.count','2',{ts '2016-03-03 20:33:11.683'},null,null,{ts '2016-03-03 20:42:43.951'});
insert into METL_COMPONENT_SETTING (ID, COMPONENT_ID, NAME, VALUE, CREATE_TIME, CREATE_BY, LAST_UPDATE_BY, LAST_UPDATE_TIME) values ('7afa78dc-de78-4eab-ada6-b8ade220202e','9d11f30b-ccc2-4612-97dd-7fde79501700','run.when','PER UNIT OF WORK',{ts '2015-11-23 16:09:40.019'},null,null,{ts '2015-11-23 17:00:12.574'});
insert into METL_COMPONENT_SETTING (ID, COMPONENT_ID, NAME, VALUE, CREATE_TIME, CREATE_BY, LAST_UPDATE_BY, LAST_UPDATE_TIME) values ('7b562b3f-b984-41ad-9213-f3d5293b6a19','208d8261-1aac-4b93-a98c-b0a0f5fddfd7','rows.per.message','1',{ts '2015-11-22 20:00:03.680'},null,null,{ts '2015-11-23 09:03:08.912'});
insert into METL_COMPONENT_SETTING (ID, COMPONENT_ID, NAME, VALUE, CREATE_TIME, CREATE_BY, LAST_UPDATE_BY, LAST_UPDATE_TIME) values ('81cca495-5f28-4aff-a037-574ae8c5c7b9','b5edc435-7b7e-466f-b882-7d40d274c1f2','logInput','true',{ts '2015-11-24 17:44:08.704'},null,null,{ts '2015-11-24 17:44:08.704'});
insert into METL_COMPONENT_SETTING (ID, COMPONENT_ID, NAME, VALUE, CREATE_TIME, CREATE_BY, LAST_UPDATE_BY, LAST_UPDATE_TIME) values ('81edfdc2-f13d-4f38-bf85-16a8c5abd0bb','4a1c439b-bb01-4862-8a6f-56dc839e844e','file.pattern','subdir*/a.txt',{ts '2016-03-03 12:42:51.025'},null,null,{ts '2016-03-03 20:42:43.950'});
insert into METL_COMPONENT_SETTING (ID, COMPONENT_ID, NAME, VALUE, CREATE_TIME, CREATE_BY, LAST_UPDATE_BY, LAST_UPDATE_TIME) values ('822eb932-b698-49f5-843c-d2f548017ee9','fd0315f1-315a-49bf-8a71-692b0194614e','handle.msg.script','File workingDir = new File("working/directory1")
deleteQuietly(workingDir)
File inboxDir = new File(workingDir, "inbox")
inboxDir.mkdirs()
writeStringToFile(new File(inboxDir, "a.txt"), "<root><test>a</test></root>")
writeStringToFile(new File(inboxDir, "b.txt"), "<root><test>a</test><test>b</test></root>")
writeStringToFile(new File(inboxDir, "c.xxx"), "this is a test")',{ts '2015-11-22 19:10:06.517'},null,null,{ts '2015-11-26 23:49:04.428'});
insert into METL_COMPONENT_SETTING (ID, COMPONENT_ID, NAME, VALUE, CREATE_TIME, CREATE_BY, LAST_UPDATE_BY, LAST_UPDATE_TIME) values ('82fec70a-2018-47c5-83ed-5297f8ccfd59','b5edc435-7b7e-466f-b882-7d40d274c1f2','source.resource','333e4c84-63cf-4c8b-87c3-d8ab917955a8',{ts '2015-11-24 17:10:07.038'},null,null,{ts '2015-11-24 17:43:24.609'});
insert into METL_COMPONENT_SETTING (ID, COMPONENT_ID, NAME, VALUE, CREATE_TIME, CREATE_BY, LAST_UPDATE_BY, LAST_UPDATE_TIME) values ('8309144b-633a-4ed3-abe1-3d8576ce445f','4510d502-74eb-4396-a4c9-7aac148ebd50','logOutput','true',{ts '2016-03-03 20:50:46.337'},null,null,{ts '2016-03-03 20:50:46.337'});
insert into METL_COMPONENT_SETTING (ID, COMPONENT_ID, NAME, VALUE, CREATE_TIME, CREATE_BY, LAST_UPDATE_BY, LAST_UPDATE_TIME) values ('86cb3ba9-5a2c-4864-a95e-bed758a1801f','4510d502-74eb-4396-a4c9-7aac148ebd50','get.file.name.from.message','true',{ts '2016-03-03 20:50:14.745'},null,null,{ts '2016-03-03 20:50:23.532'});
insert into METL_COMPONENT_SETTING (ID, COMPONENT_ID, NAME, VALUE, CREATE_TIME, CREATE_BY, LAST_UPDATE_BY, LAST_UPDATE_TIME) values ('9567c3d0-0831-4bc7-aaff-e6770f17d8a4','26095f7c-39e5-43d7-8b3e-520c0131aa50','run.when','PER MESSAGE',{ts '2015-11-22 20:01:13.006'},null,null,{ts '2015-11-23 08:54:54.513'});
insert into METL_COMPONENT_SETTING (ID, COMPONENT_ID, NAME, VALUE, CREATE_TIME, CREATE_BY, LAST_UPDATE_BY, LAST_UPDATE_TIME) values ('9b19e6f0-e680-46ec-bf16-ad77ed98cd58','4510d502-74eb-4396-a4c9-7aac148ebd50','run.when','PER MESSAGE',{ts '2016-03-03 20:50:59.992'},null,null,{ts '2016-03-03 20:50:59.992'});
insert into METL_COMPONENT_SETTING (ID, COMPONENT_ID, NAME, VALUE, CREATE_TIME, CREATE_BY, LAST_UPDATE_BY, LAST_UPDATE_TIME) values ('9c5b431d-52a7-4cd7-b1c6-cef00776b6f9','65b291fe-3ea1-4226-b4cc-c60b04709776','expected.control.messages.count','1',{ts '2015-11-22 20:00:23.562'},null,null,{ts '2015-11-23 08:53:26.484'});
insert into METL_COMPONENT_SETTING (ID, COMPONENT_ID, NAME, VALUE, CREATE_TIME, CREATE_BY, LAST_UPDATE_BY, LAST_UPDATE_TIME) values ('a2830309-01e8-4318-9aed-c5f2a135d056','208d8261-1aac-4b93-a98c-b0a0f5fddfd7','logOutput','true',{ts '2015-11-22 19:44:24.144'},null,null,{ts '2015-11-23 09:03:08.913'});
insert into METL_COMPONENT_SETTING (ID, COMPONENT_ID, NAME, VALUE, CREATE_TIME, CREATE_BY, LAST_UPDATE_BY, LAST_UPDATE_TIME) values ('a56c7815-4c18-4152-947e-487086f86f86','fd0315f1-315a-49bf-8a71-692b0194614e','run.when','PER UNIT OF WORK',{ts '2015-11-22 19:53:34.361'},null,null,{ts '2015-11-23 08:53:26.482'});
insert into METL_COMPONENT_SETTING (ID, COMPONENT_ID, NAME, VALUE, CREATE_TIME, CREATE_BY, LAST_UPDATE_BY, LAST_UPDATE_TIME) values ('a7f15ca7-17b8-464a-91db-f0ba2c00fd68','b5edc435-7b7e-466f-b882-7d40d274c1f2','target.resource','2c185046-1121-4b25-a5f6-1c747c6b9136',{ts '2015-11-24 17:10:09.550'},null,null,{ts '2015-11-24 17:43:24.609'});
insert into METL_COMPONENT_SETTING (ID, COMPONENT_ID, NAME, VALUE, CREATE_TIME, CREATE_BY, LAST_UPDATE_BY, LAST_UPDATE_TIME) values ('a7f864aa-25fe-46e5-9503-435b3bb32984','a76c7c05-9c3b-4c07-aedb-5f51d8d6b72c','run.when','PER MESSAGE',{ts '2015-11-23 08:52:49.247'},null,null,{ts '2015-11-23 08:55:27.578'});
insert into METL_COMPONENT_SETTING (ID, COMPONENT_ID, NAME, VALUE, CREATE_TIME, CREATE_BY, LAST_UPDATE_BY, LAST_UPDATE_TIME) values ('a9ff5e6e-f888-4766-a4b3-6c8fbcfb7611','02c670ed-2dee-495a-861e-ac2d6e9e51bc','run.when','PER MESSAGE',{ts '2015-11-23 16:08:35.487'},null,null,{ts '2015-11-23 16:14:50.455'});
insert into METL_COMPONENT_SETTING (ID, COMPONENT_ID, NAME, VALUE, CREATE_TIME, CREATE_BY, LAST_UPDATE_BY, LAST_UPDATE_TIME) values ('b2e7b90e-69f6-4215-836b-2de370272db3','3443953e-3cd6-422f-a21d-cce232f6e235','expected.control.messages.count','1',{ts '2015-11-24 17:11:09.165'},null,null,{ts '2015-11-24 17:43:21.512'});
insert into METL_COMPONENT_SETTING (ID, COMPONENT_ID, NAME, VALUE, CREATE_TIME, CREATE_BY, LAST_UPDATE_BY, LAST_UPDATE_TIME) values ('b4778e4d-2d73-4057-a21b-cd109bd72169','15571af0-5aba-4ac1-98ce-1234cd834fc3','expected.control.messages.count','1',{ts '2016-03-03 21:02:51.737'},null,null,{ts '2016-03-03 21:02:51.737'});
insert into METL_COMPONENT_SETTING (ID, COMPONENT_ID, NAME, VALUE, CREATE_TIME, CREATE_BY, LAST_UPDATE_BY, LAST_UPDATE_TIME) values ('b4ac7538-5ce3-411e-a0a2-268033e58a6c','b767f5e7-540b-402b-b8a9-1fa664788d3a','expected.text.messages.count','2',{ts '2016-03-03 21:02:16.364'},null,null,{ts '2016-03-03 21:02:44.947'});
insert into METL_COMPONENT_SETTING (ID, COMPONENT_ID, NAME, VALUE, CREATE_TIME, CREATE_BY, LAST_UPDATE_BY, LAST_UPDATE_TIME) values ('b52a9dfe-9f6c-4f68-9721-304b4e7016b5','208d8261-1aac-4b93-a98c-b0a0f5fddfd7','action.on.success','Archive',{ts '2015-11-23 09:03:17.865'},null,null,{ts '2015-11-23 09:03:17.865'});
insert into METL_COMPONENT_SETTING (ID, COMPONENT_ID, NAME, VALUE, CREATE_TIME, CREATE_BY, LAST_UPDATE_BY, LAST_UPDATE_TIME) values ('b5508b25-4e5b-4225-ab39-3d39aa477380','02c670ed-2dee-495a-861e-ac2d6e9e51bc','target.relative.path','outbox',{ts '2015-11-23 16:08:42.228'},null,null,{ts '2015-11-23 16:14:50.455'});
insert into METL_COMPONENT_SETTING (ID, COMPONENT_ID, NAME, VALUE, CREATE_TIME, CREATE_BY, LAST_UPDATE_BY, LAST_UPDATE_TIME) values ('b5824eb8-8b31-4a70-bae8-b1e9f3db241c','d6993ee5-5044-47ad-a93d-49edcf4b9bff','run.when','PER MESSAGE',{ts '2016-03-03 20:44:19.706'},null,null,{ts '2016-03-03 20:44:19.706'});
insert into METL_COMPONENT_SETTING (ID, COMPONENT_ID, NAME, VALUE, CREATE_TIME, CREATE_BY, LAST_UPDATE_BY, LAST_UPDATE_TIME) values ('b6ee91ac-048c-44bb-8fb3-f66375480a91','117d159b-adac-40b6-aa24-18a54fe71b1e','run.when','PER UNIT OF WORK',{ts '2015-11-24 12:49:35.760'},null,null,{ts '2015-11-24 17:04:16.010'});
insert into METL_COMPONENT_SETTING (ID, COMPONENT_ID, NAME, VALUE, CREATE_TIME, CREATE_BY, LAST_UPDATE_BY, LAST_UPDATE_TIME) values ('ba31ea3f-afb9-42f7-afa9-28c8e7cff223','8c0305f9-cd1c-4adf-9578-4aac1b4f312b','expected.control.messages.count','1',{ts '2016-03-03 20:33:14.631'},null,null,{ts '2016-03-03 20:42:43.951'});
insert into METL_COMPONENT_SETTING (ID, COMPONENT_ID, NAME, VALUE, CREATE_TIME, CREATE_BY, LAST_UPDATE_BY, LAST_UPDATE_TIME) values ('bb78dbe1-60ad-4573-a051-f764bca55036','33b872b8-dba2-425a-9a21-010531301115','handle.msg.script','File workingDir = new File("working/directory1")
deleteQuietly(workingDir)
File subDir1 = new File(workingDir, "subdir1")
subDir1.mkdirs()
File subDir1b = new File(subDir1, "out");
writeStringToFile(new File(subDir1b, "a.txt"), "this is a test of a single line file in subdir1/out")
File subDir2 = new File(workingDir, "subdir2")
subDir2.mkdirs()
File subDir2b = new File(subDir2, "out");
writeStringToFile(new File(subDir2b, "a.txt"), "this is a test of a single line file in subdir2")
',{ts '2016-03-03 21:00:38.256'},null,null,{ts '2016-03-03 21:02:44.947'});
insert into METL_COMPONENT_SETTING (ID, COMPONENT_ID, NAME, VALUE, CREATE_TIME, CREATE_BY, LAST_UPDATE_BY, LAST_UPDATE_TIME) values ('be700823-f909-42ca-8a74-41750ec4861d','967c7224-8d92-4d15-b0cb-a7388155e107','expected.control.messages.count','1',{ts '2016-03-03 20:49:46.926'},null,null,{ts '2016-03-03 20:50:23.531'});
insert into METL_COMPONENT_SETTING (ID, COMPONENT_ID, NAME, VALUE, CREATE_TIME, CREATE_BY, LAST_UPDATE_BY, LAST_UPDATE_TIME) values ('c7765945-d90d-48b9-82b7-4987d60ba681','cfb187ce-9094-42b0-9cb5-3070f61f15a7','handle.msg.script','if (inputMessage instanceof ControlMessage) {
    File outboxDir = new File("working/directory2/unzip-here/test")
    if (!new File(outboxDir, "superheros.txt").exists() ||
        !new File(outboxDir, "villians.txt").exists()) {
        throw new AssertException("File were not unzipped as expected");
    }
}

forwardMessage()',{ts '2015-11-24 17:38:52.701'},null,null,{ts '2015-11-26 23:34:21.453'});
insert into METL_COMPONENT_SETTING (ID, COMPONENT_ID, NAME, VALUE, CREATE_TIME, CREATE_BY, LAST_UPDATE_BY, LAST_UPDATE_TIME) values ('cb7de2d5-4eaf-4709-a53e-7b526ca81da0','96b565f7-23dd-4082-8d8e-11dd4ce1ae3d','expected.control.messages.count','1',{ts '2015-11-23 08:53:46.052'},null,null,{ts '2015-11-23 08:53:46.052'});
insert into METL_COMPONENT_SETTING (ID, COMPONENT_ID, NAME, VALUE, CREATE_TIME, CREATE_BY, LAST_UPDATE_BY, LAST_UPDATE_TIME) values ('d223dbe2-c009-41f9-b5d6-08cbbd067c66','3443953e-3cd6-422f-a21d-cce232f6e235','expected.text.messages.count','1',{ts '2015-11-24 17:11:07.995'},null,null,{ts '2015-11-24 17:43:21.513'});
insert into METL_COMPONENT_SETTING (ID, COMPONENT_ID, NAME, VALUE, CREATE_TIME, CREATE_BY, LAST_UPDATE_BY, LAST_UPDATE_TIME) values ('d2f4153e-9abf-4037-9ea9-541c2b05aeb0','208d8261-1aac-4b93-a98c-b0a0f5fddfd7','cancel.on.no.files','false',{ts '2015-11-24 17:23:48.019'},null,null,{ts '2015-11-24 17:23:48.019'});
insert into METL_COMPONENT_SETTING (ID, COMPONENT_ID, NAME, VALUE, CREATE_TIME, CREATE_BY, LAST_UPDATE_BY, LAST_UPDATE_TIME) values ('d57e3e87-db03-4e5b-b949-870b4d374aa0','02c670ed-2dee-495a-861e-ac2d6e9e51bc','action','Move',{ts '2015-11-23 16:08:50.256'},null,null,{ts '2015-11-23 16:14:50.455'});
insert into METL_COMPONENT_SETTING (ID, COMPONENT_ID, NAME, VALUE, CREATE_TIME, CREATE_BY, LAST_UPDATE_BY, LAST_UPDATE_TIME) values ('de6bba5b-e44a-43dd-b998-85b67545399e','b5edc435-7b7e-466f-b882-7d40d274c1f2','target.relative.path','unzip-here',{ts '2015-11-24 17:10:16.148'},null,null,{ts '2015-11-24 17:43:24.610'});
insert into METL_COMPONENT_SETTING (ID, COMPONENT_ID, NAME, VALUE, CREATE_TIME, CREATE_BY, LAST_UPDATE_BY, LAST_UPDATE_TIME) values ('e09677b0-010b-4e05-82ab-4b97b4df01c2','6264d8b2-4bd7-48c5-928d-61e8b730bd27','expected.control.messages.count','1',{ts '2016-03-03 20:42:57.860'},null,null,{ts '2016-03-03 20:43:25.080'});
insert into METL_COMPONENT_SETTING (ID, COMPONENT_ID, NAME, VALUE, CREATE_TIME, CREATE_BY, LAST_UPDATE_BY, LAST_UPDATE_TIME) values ('edcbf596-58e2-445b-97ea-74227cdd2136','967c7224-8d92-4d15-b0cb-a7388155e107','expected.text.messages.count','2',{ts '2016-03-03 20:49:45.048'},null,null,{ts '2016-03-03 20:50:23.531'});
insert into METL_COMPONENT_SETTING (ID, COMPONENT_ID, NAME, VALUE, CREATE_TIME, CREATE_BY, LAST_UPDATE_BY, LAST_UPDATE_TIME) values ('f0ae7cbd-e594-4aad-82d3-b85193120148','7e747fbf-df3e-4ad9-97cf-819c846ea075','expected.text.messages.count','2',{ts '2016-03-03 20:50:31.138'},null,null,{ts '2016-03-03 20:50:31.138'});
insert into METL_COMPONENT_SETTING (ID, COMPONENT_ID, NAME, VALUE, CREATE_TIME, CREATE_BY, LAST_UPDATE_BY, LAST_UPDATE_TIME) values ('f2e4b81d-5444-4705-a59e-37644477de41','27091e0c-05b8-4feb-8649-927c9ccad3df','file.pattern','inbox/*',{ts '2015-11-23 16:07:41.205'},null,null,{ts '2015-11-23 16:14:48.383'});
insert into METL_COMPONENT_SETTING (ID, COMPONENT_ID, NAME, VALUE, CREATE_TIME, CREATE_BY, LAST_UPDATE_BY, LAST_UPDATE_TIME) values ('f363d8b8-5e6b-457b-8786-59e77e47eff3','b5edc435-7b7e-466f-b882-7d40d274c1f2','target.sub.dir','true',{ts '2015-11-24 17:10:27.729'},null,null,{ts '2015-11-24 17:43:24.610'});
insert into METL_COMPONENT_SETTING (ID, COMPONENT_ID, NAME, VALUE, CREATE_TIME, CREATE_BY, LAST_UPDATE_BY, LAST_UPDATE_TIME) values ('f6264e8e-a39d-419a-82e2-291b8197abb9','26095f7c-39e5-43d7-8b3e-520c0131aa50','get.file.name.from.message','true',{ts '2015-11-22 20:01:28.166'},null,null,{ts '2015-11-23 08:54:54.513'});
insert into METL_COMPONENT_SETTING (ID, COMPONENT_ID, NAME, VALUE, CREATE_TIME, CREATE_BY, LAST_UPDATE_BY, LAST_UPDATE_TIME) values ('f9937187-a76f-4ef4-9a2a-af71e18de704','208d8261-1aac-4b93-a98c-b0a0f5fddfd7','archive.on.success.path','archive',{ts '2015-11-23 09:03:22.209'},null,null,{ts '2015-11-23 09:03:22.210'});
insert into METL_COMPONENT_SETTING (ID, COMPONENT_ID, NAME, VALUE, CREATE_TIME, CREATE_BY, LAST_UPDATE_BY, LAST_UPDATE_TIME) values ('faafdfa6-ee9f-4cbb-949b-98ebde495b7a','a76c7c05-9c3b-4c07-aedb-5f51d8d6b72c','read.tag','test',{ts '2015-11-23 08:53:02.445'},null,null,{ts '2015-11-23 08:58:06.192'});
insert into METL_COMPONENT_SETTING (ID, COMPONENT_ID, NAME, VALUE, CREATE_TIME, CREATE_BY, LAST_UPDATE_BY, LAST_UPDATE_TIME) values ('fb27e13e-9d04-45ce-8279-cee0b0f5ab75','7e747fbf-df3e-4ad9-97cf-819c846ea075','expected.control.messages.count','1',{ts '2016-03-03 20:50:33.269'},null,null,{ts '2016-03-03 20:50:33.269'});
insert into METL_FLOW (ID, ROW_ID, PROJECT_VERSION_ID, DELETED, NAME, FOLDER_ID, CREATE_TIME, CREATE_BY, LAST_UPDATE_BY, LAST_UPDATE_TIME, TEST) values ('315420ed-ed48-4286-b0e0-5e9e6eb53dd7','677b15c2-9d04-4026-a888-f3a4dd09d318','a27e7f8c-7ef5-4684-9041-a2fa5682b366',0,'File Poller / File Utils - Move',null,{ts '2015-11-23 15:07:52.938'},null,null,{ts '2015-11-23 16:15:02.492'},1);
insert into METL_FLOW (ID, ROW_ID, PROJECT_VERSION_ID, DELETED, NAME, FOLDER_ID, CREATE_TIME, CREATE_BY, LAST_UPDATE_BY, LAST_UPDATE_TIME, TEST) values ('5577b115-dcee-4300-9786-fa66d971cad0','6960d0db-8c6e-4724-a6dc-24b2046c4616','a27e7f8c-7ef5-4684-9041-a2fa5682b366',0,'File Poller - Pattern in Path',null,{ts '2016-03-03 12:36:50.234'},null,null,{ts '2016-03-03 20:42:43.949'},1);
insert into METL_FLOW (ID, ROW_ID, PROJECT_VERSION_ID, DELETED, NAME, FOLDER_ID, CREATE_TIME, CREATE_BY, LAST_UPDATE_BY, LAST_UPDATE_TIME, TEST) values ('818ce1c5-9a38-4904-b7ac-b18f303934f7','d3908248-9363-46c4-b0df-fb8b746536a5','a27e7f8c-7ef5-4684-9041-a2fa5682b366',0,'File Poller / Unzip',null,{ts '2015-11-24 17:04:38.004'},null,null,{ts '2015-11-24 17:38:29.300'},1);
insert into METL_FLOW (ID, ROW_ID, PROJECT_VERSION_ID, DELETED, NAME, FOLDER_ID, CREATE_TIME, CREATE_BY, LAST_UPDATE_BY, LAST_UPDATE_TIME, TEST) values ('8947ef83-1725-400f-8ce4-49bfd45f0d45','04bd7942-fc8d-4891-8c1e-354de85a7755','a27e7f8c-7ef5-4684-9041-a2fa5682b366',0,'File Poller - Directory in local file resource',null,{ts '2015-11-22 19:08:17.313'},null,null,{ts '2015-11-23 08:53:26.481'},1);
insert into METL_FLOW (ID, ROW_ID, PROJECT_VERSION_ID, DELETED, NAME, FOLDER_ID, CREATE_TIME, CREATE_BY, LAST_UPDATE_BY, LAST_UPDATE_TIME, TEST) values ('91644fa7-ea71-4b4d-88ca-64fa83058b95','a560b345-3a09-46b3-8e00-aefa2ce83107','a27e7f8c-7ef5-4684-9041-a2fa5682b366',0,'File Poller - Pattern in Path 3',null,{ts '2016-03-03 20:59:50.409'},null,null,{ts '2016-03-03 21:02:44.945'},1);
insert into METL_FLOW (ID, ROW_ID, PROJECT_VERSION_ID, DELETED, NAME, FOLDER_ID, CREATE_TIME, CREATE_BY, LAST_UPDATE_BY, LAST_UPDATE_TIME, TEST) values ('de194243-d277-4387-9b70-d88d6cdef5f4','d2bebc5b-f0b3-4ac5-94f7-3412f182f60b','a27e7f8c-7ef5-4684-9041-a2fa5682b366',0,'File Poller - Pattern in Path 2',null,{ts '2016-03-03 20:45:30.256'},null,null,{ts '2016-03-03 20:50:23.528'},1);
insert into METL_FLOW_STEP (ID, FLOW_ID, COMPONENT_ID, X, Y, APPROXIMATE_ORDER, CREATE_TIME, CREATE_BY, LAST_UPDATE_BY, LAST_UPDATE_TIME) values ('07db8457-15f9-4955-a8bc-43f89739648b','de194243-d277-4387-9b70-d88d6cdef5f4','967c7224-8d92-4d15-b0cb-a7388155e107',290,10,2,{ts '2016-03-03 20:49:34.681'},null,null,{ts '2016-03-03 20:50:23.531'});
insert into METL_FLOW_STEP (ID, FLOW_ID, COMPONENT_ID, X, Y, APPROXIMATE_ORDER, CREATE_TIME, CREATE_BY, LAST_UPDATE_BY, LAST_UPDATE_TIME) values ('132e77a7-cff5-4668-868c-4ab35a5c2449','8947ef83-1725-400f-8ce4-49bfd45f0d45','d53ca2f0-5542-477b-a395-9e6664827646',660,50,4,{ts '2015-11-23 08:53:15.601'},null,null,{ts '2015-11-23 08:53:30.790'});
insert into METL_FLOW_STEP (ID, FLOW_ID, COMPONENT_ID, X, Y, APPROXIMATE_ORDER, CREATE_TIME, CREATE_BY, LAST_UPDATE_BY, LAST_UPDATE_TIME) values ('137648f7-088e-491f-afff-ff0605263c94','8947ef83-1725-400f-8ce4-49bfd45f0d45','fd0315f1-315a-49bf-8a71-692b0194614e',50,50,0,{ts '2015-11-22 19:09:58.725'},null,null,{ts '2015-11-23 08:53:26.482'});
insert into METL_FLOW_STEP (ID, FLOW_ID, COMPONENT_ID, X, Y, APPROXIMATE_ORDER, CREATE_TIME, CREATE_BY, LAST_UPDATE_BY, LAST_UPDATE_TIME) values ('1c7f533e-d8a4-401b-a1ec-674d9605fc24','818ce1c5-9a38-4904-b7ac-b18f303934f7','b024c1b2-bda7-4f9f-8639-d557208622a8',180,20,1,{ts '2015-11-24 17:05:33.380'},null,null,{ts '2015-11-24 17:41:12.674'});
insert into METL_FLOW_STEP (ID, FLOW_ID, COMPONENT_ID, X, Y, APPROXIMATE_ORDER, CREATE_TIME, CREATE_BY, LAST_UPDATE_BY, LAST_UPDATE_TIME) values ('23a159d2-1492-43a9-9bae-e0b6d51f5bcb','8947ef83-1725-400f-8ce4-49bfd45f0d45','a76c7c05-9c3b-4c07-aedb-5f51d8d6b72c',500,180,5,{ts '2015-11-23 08:37:47.313'},null,null,{ts '2015-11-23 08:55:27.578'});
insert into METL_FLOW_STEP (ID, FLOW_ID, COMPONENT_ID, X, Y, APPROXIMATE_ORDER, CREATE_TIME, CREATE_BY, LAST_UPDATE_BY, LAST_UPDATE_TIME) values ('24218107-96c5-4437-84de-d9eb0d51b063','818ce1c5-9a38-4904-b7ac-b18f303934f7','3443953e-3cd6-422f-a21d-cce232f6e235',460,20,3,{ts '2015-11-24 17:10:56.286'},null,null,{ts '2015-11-24 17:41:16.617'});
insert into METL_FLOW_STEP (ID, FLOW_ID, COMPONENT_ID, X, Y, APPROXIMATE_ORDER, CREATE_TIME, CREATE_BY, LAST_UPDATE_BY, LAST_UPDATE_TIME) values ('26b2da2c-b228-4f47-a9f9-ef2b88217f89','315420ed-ed48-4286-b0e0-5e9e6eb53dd7','02c670ed-2dee-495a-861e-ac2d6e9e51bc',290,30,2,{ts '2015-11-23 16:08:15.636'},null,null,{ts '2015-11-23 16:14:50.456'});
insert into METL_FLOW_STEP (ID, FLOW_ID, COMPONENT_ID, X, Y, APPROXIMATE_ORDER, CREATE_TIME, CREATE_BY, LAST_UPDATE_BY, LAST_UPDATE_TIME) values ('27e4934b-c36e-48c2-b7d3-1934e4d2a5e6','de194243-d277-4387-9b70-d88d6cdef5f4','0b5b4317-7b13-4ae1-864d-8c4b67c1192f',160,10,1,{ts '2016-03-03 20:48:41.421'},null,null,{ts '2016-03-03 20:50:23.530'});
insert into METL_FLOW_STEP (ID, FLOW_ID, COMPONENT_ID, X, Y, APPROXIMATE_ORDER, CREATE_TIME, CREATE_BY, LAST_UPDATE_BY, LAST_UPDATE_TIME) values ('30aeaa4c-ece3-41ef-a6eb-6aedb22f3257','91644fa7-ea71-4b4d-88ca-64fa83058b95','92c51db7-6823-490b-bcd4-ce40effe4be4',160,30,1,{ts '2016-03-03 21:01:26.889'},null,null,{ts '2016-03-03 21:02:44.947'});
insert into METL_FLOW_STEP (ID, FLOW_ID, COMPONENT_ID, X, Y, APPROXIMATE_ORDER, CREATE_TIME, CREATE_BY, LAST_UPDATE_BY, LAST_UPDATE_TIME) values ('310f0686-2616-4736-b24b-339c75e24d8e','5577b115-dcee-4300-9786-fa66d971cad0','4a1c439b-bb01-4862-8a6f-56dc839e844e',170,20,1,{ts '2016-03-03 12:42:34.242'},null,null,{ts '2016-03-03 20:42:43.951'});
insert into METL_FLOW_STEP (ID, FLOW_ID, COMPONENT_ID, X, Y, APPROXIMATE_ORDER, CREATE_TIME, CREATE_BY, LAST_UPDATE_BY, LAST_UPDATE_TIME) values ('34ce2c74-8b61-46f1-b11e-c810e50b5853','5577b115-dcee-4300-9786-fa66d971cad0','6264d8b2-4bd7-48c5-928d-61e8b730bd27',580,20,4,{ts '2016-03-03 20:42:39.974'},null,null,{ts '2016-03-03 20:42:43.953'});
insert into METL_FLOW_STEP (ID, FLOW_ID, COMPONENT_ID, X, Y, APPROXIMATE_ORDER, CREATE_TIME, CREATE_BY, LAST_UPDATE_BY, LAST_UPDATE_TIME) values ('666504b7-89ff-40a3-a10c-15779ad2e88e','315420ed-ed48-4286-b0e0-5e9e6eb53dd7','c8ba33e5-ac25-46aa-b091-d65806e9e457',420,30,3,{ts '2015-11-23 16:11:34.427'},null,null,{ts '2015-11-23 16:14:52.783'});
insert into METL_FLOW_STEP (ID, FLOW_ID, COMPONENT_ID, X, Y, APPROXIMATE_ORDER, CREATE_TIME, CREATE_BY, LAST_UPDATE_BY, LAST_UPDATE_TIME) values ('6944e15f-db49-48c2-ad70-c796a1e677b3','8947ef83-1725-400f-8ce4-49bfd45f0d45','96b565f7-23dd-4082-8d8e-11dd4ce1ae3d',660,180,6,{ts '2015-11-23 08:53:21.229'},null,null,{ts '2015-11-23 08:53:26.488'});
insert into METL_FLOW_STEP (ID, FLOW_ID, COMPONENT_ID, X, Y, APPROXIMATE_ORDER, CREATE_TIME, CREATE_BY, LAST_UPDATE_BY, LAST_UPDATE_TIME) values ('7b947042-6ddd-4d80-ad63-4918c8f5dd2e','de194243-d277-4387-9b70-d88d6cdef5f4','522b2b97-51b6-4bd9-b45b-764f9340cf5c',30,10,0,{ts '2016-03-03 20:46:06.334'},null,null,{ts '2016-03-03 20:50:23.530'});
insert into METL_FLOW_STEP (ID, FLOW_ID, COMPONENT_ID, X, Y, APPROXIMATE_ORDER, CREATE_TIME, CREATE_BY, LAST_UPDATE_BY, LAST_UPDATE_TIME) values ('869461f1-a0ca-48af-8601-437433b1714a','818ce1c5-9a38-4904-b7ac-b18f303934f7','cfb187ce-9094-42b0-9cb5-3070f61f15a7',600,20,4,{ts '2015-11-24 17:38:26.156'},null,null,{ts '2015-11-24 17:43:09.046'});
insert into METL_FLOW_STEP (ID, FLOW_ID, COMPONENT_ID, X, Y, APPROXIMATE_ORDER, CREATE_TIME, CREATE_BY, LAST_UPDATE_BY, LAST_UPDATE_TIME) values ('9245c22b-109c-44b0-acc5-4fa1ea35ac79','de194243-d277-4387-9b70-d88d6cdef5f4','4510d502-74eb-4396-a4c9-7aac148ebd50',420,10,3,{ts '2016-03-03 20:50:04.298'},null,null,{ts '2016-03-03 20:50:23.532'});
insert into METL_FLOW_STEP (ID, FLOW_ID, COMPONENT_ID, X, Y, APPROXIMATE_ORDER, CREATE_TIME, CREATE_BY, LAST_UPDATE_BY, LAST_UPDATE_TIME) values ('96b116e9-9074-4658-9756-dbfa7a8aec6b','315420ed-ed48-4286-b0e0-5e9e6eb53dd7','27091e0c-05b8-4feb-8649-927c9ccad3df',160,30,1,{ts '2015-11-23 16:07:30.827'},null,null,{ts '2015-11-23 16:14:48.384'});
insert into METL_FLOW_STEP (ID, FLOW_ID, COMPONENT_ID, X, Y, APPROXIMATE_ORDER, CREATE_TIME, CREATE_BY, LAST_UPDATE_BY, LAST_UPDATE_TIME) values ('9aed1623-0849-42bf-a2a9-02fa912f5b15','91644fa7-ea71-4b4d-88ca-64fa83058b95','15571af0-5aba-4ac1-98ce-1234cd834fc3',580,30,4,{ts '2016-03-03 21:02:41.010'},null,null,{ts '2016-03-03 21:02:44.948'});
insert into METL_FLOW_STEP (ID, FLOW_ID, COMPONENT_ID, X, Y, APPROXIMATE_ORDER, CREATE_TIME, CREATE_BY, LAST_UPDATE_BY, LAST_UPDATE_TIME) values ('bd18da3a-02f0-4d3d-841a-738f960c8628','818ce1c5-9a38-4904-b7ac-b18f303934f7','b5edc435-7b7e-466f-b882-7d40d274c1f2',320,20,2,{ts '2015-11-24 17:09:57.785'},null,null,{ts '2015-11-24 17:41:15.011'});
insert into METL_FLOW_STEP (ID, FLOW_ID, COMPONENT_ID, X, Y, APPROXIMATE_ORDER, CREATE_TIME, CREATE_BY, LAST_UPDATE_BY, LAST_UPDATE_TIME) values ('c085b1c1-5df3-4059-acf6-07649d807da8','8947ef83-1725-400f-8ce4-49bfd45f0d45','26095f7c-39e5-43d7-8b3e-520c0131aa50',500,50,3,{ts '2015-11-22 20:00:47.792'},null,null,{ts '2015-11-23 08:54:54.513'});
insert into METL_FLOW_STEP (ID, FLOW_ID, COMPONENT_ID, X, Y, APPROXIMATE_ORDER, CREATE_TIME, CREATE_BY, LAST_UPDATE_BY, LAST_UPDATE_TIME) values ('cc7e7dc1-d92b-4629-bc69-d0b6c36a601a','5577b115-dcee-4300-9786-fa66d971cad0','d6993ee5-5044-47ad-a93d-49edcf4b9bff',440,20,3,{ts '2016-03-03 20:41:59.609'},null,null,{ts '2016-03-03 20:42:43.952'});
insert into METL_FLOW_STEP (ID, FLOW_ID, COMPONENT_ID, X, Y, APPROXIMATE_ORDER, CREATE_TIME, CREATE_BY, LAST_UPDATE_BY, LAST_UPDATE_TIME) values ('ccf2ed9a-14eb-4521-ae34-81fbbbdff006','91644fa7-ea71-4b4d-88ca-64fa83058b95','33b872b8-dba2-425a-9a21-010531301115',30,30,0,{ts '2016-03-03 21:00:25.971'},null,null,{ts '2016-03-03 21:02:44.947'});
insert into METL_FLOW_STEP (ID, FLOW_ID, COMPONENT_ID, X, Y, APPROXIMATE_ORDER, CREATE_TIME, CREATE_BY, LAST_UPDATE_BY, LAST_UPDATE_TIME) values ('d3f78d39-8ea0-4e03-b8a5-d43320816598','de194243-d277-4387-9b70-d88d6cdef5f4','7e747fbf-df3e-4ad9-97cf-819c846ea075',550,10,4,{ts '2016-03-03 20:50:19.468'},null,null,{ts '2016-03-03 20:50:23.532'});
insert into METL_FLOW_STEP (ID, FLOW_ID, COMPONENT_ID, X, Y, APPROXIMATE_ORDER, CREATE_TIME, CREATE_BY, LAST_UPDATE_BY, LAST_UPDATE_TIME) values ('d73cd5fe-4d4b-49d3-a842-53efb8cf5b16','91644fa7-ea71-4b4d-88ca-64fa83058b95','b767f5e7-540b-402b-b8a9-1fa664788d3a',300,30,2,{ts '2016-03-03 21:02:04.089'},null,null,{ts '2016-03-03 21:02:44.947'});
insert into METL_FLOW_STEP (ID, FLOW_ID, COMPONENT_ID, X, Y, APPROXIMATE_ORDER, CREATE_TIME, CREATE_BY, LAST_UPDATE_BY, LAST_UPDATE_TIME) values ('d820bc24-47c1-4206-ae17-fc03f9f3abbd','8947ef83-1725-400f-8ce4-49bfd45f0d45','65b291fe-3ea1-4226-b4cc-c60b04709776',330,50,2,{ts '2015-11-22 20:00:11.635'},null,null,{ts '2015-11-23 08:53:26.484'});
insert into METL_FLOW_STEP (ID, FLOW_ID, COMPONENT_ID, X, Y, APPROXIMATE_ORDER, CREATE_TIME, CREATE_BY, LAST_UPDATE_BY, LAST_UPDATE_TIME) values ('e1daff88-bd6f-48fa-9eac-5252d89b156a','8947ef83-1725-400f-8ce4-49bfd45f0d45','208d8261-1aac-4b93-a98c-b0a0f5fddfd7',190,50,1,{ts '2015-11-22 19:41:43.823'},null,null,{ts '2015-11-23 09:03:08.913'});
insert into METL_FLOW_STEP (ID, FLOW_ID, COMPONENT_ID, X, Y, APPROXIMATE_ORDER, CREATE_TIME, CREATE_BY, LAST_UPDATE_BY, LAST_UPDATE_TIME) values ('e3017639-809a-4829-a1ae-8c2c0ae02ed0','315420ed-ed48-4286-b0e0-5e9e6eb53dd7','9d11f30b-ccc2-4612-97dd-7fde79501700',20,30,0,{ts '2015-11-23 16:07:09.848'},null,null,{ts '2015-11-23 17:00:12.575'});
insert into METL_FLOW_STEP (ID, FLOW_ID, COMPONENT_ID, X, Y, APPROXIMATE_ORDER, CREATE_TIME, CREATE_BY, LAST_UPDATE_BY, LAST_UPDATE_TIME) values ('e3c6270a-5005-43b4-9639-4f55adb61f0a','91644fa7-ea71-4b4d-88ca-64fa83058b95','114de479-d3da-4210-b28f-7d21df7fd51a',440,30,3,{ts '2016-03-03 21:02:23.125'},null,null,{ts '2016-03-03 21:02:44.948'});
insert into METL_FLOW_STEP (ID, FLOW_ID, COMPONENT_ID, X, Y, APPROXIMATE_ORDER, CREATE_TIME, CREATE_BY, LAST_UPDATE_BY, LAST_UPDATE_TIME) values ('eebc2ff1-dcbc-46aa-8f00-243caa482ee4','5577b115-dcee-4300-9786-fa66d971cad0','8c0305f9-cd1c-4adf-9578-4aac1b4f312b',300,20,2,{ts '2016-03-03 20:32:56.364'},null,null,{ts '2016-03-03 20:42:43.951'});
insert into METL_FLOW_STEP (ID, FLOW_ID, COMPONENT_ID, X, Y, APPROXIMATE_ORDER, CREATE_TIME, CREATE_BY, LAST_UPDATE_BY, LAST_UPDATE_TIME) values ('eed3375c-5ba8-47c6-ac51-5b2857fc8796','818ce1c5-9a38-4904-b7ac-b18f303934f7','61113711-1101-499c-b73a-e45f0f7ad372',40,20,0,{ts '2015-11-24 17:04:54.033'},null,null,{ts '2015-11-24 17:41:10.969'});
insert into METL_FLOW_STEP (ID, FLOW_ID, COMPONENT_ID, X, Y, APPROXIMATE_ORDER, CREATE_TIME, CREATE_BY, LAST_UPDATE_BY, LAST_UPDATE_TIME) values ('f288e3ac-303c-4762-af88-a4410052a808','5577b115-dcee-4300-9786-fa66d971cad0','6d6392ab-d003-4f16-925e-dc50f74079b8',30,20,0,{ts '2016-03-03 12:37:38.037'},null,null,{ts '2016-03-03 20:42:43.950'});
insert into METL_FLOW_STEP_LINK (SOURCE_STEP_ID, TARGET_STEP_ID, CREATE_TIME, CREATE_BY, LAST_UPDATE_BY, LAST_UPDATE_TIME) values ('07db8457-15f9-4955-a8bc-43f89739648b','9245c22b-109c-44b0-acc5-4fa1ea35ac79',{ts '2016-03-03 20:50:08.516'},null,null,{ts '2016-03-03 20:50:23.533'});
insert into METL_FLOW_STEP_LINK (SOURCE_STEP_ID, TARGET_STEP_ID, CREATE_TIME, CREATE_BY, LAST_UPDATE_BY, LAST_UPDATE_TIME) values ('137648f7-088e-491f-afff-ff0605263c94','e1daff88-bd6f-48fa-9eac-5252d89b156a',{ts '2015-11-22 19:43:26.387'},null,null,{ts '2015-11-23 08:53:26.489'});
insert into METL_FLOW_STEP_LINK (SOURCE_STEP_ID, TARGET_STEP_ID, CREATE_TIME, CREATE_BY, LAST_UPDATE_BY, LAST_UPDATE_TIME) values ('1c7f533e-d8a4-401b-a1ec-674d9605fc24','bd18da3a-02f0-4d3d-841a-738f960c8628',{ts '2015-11-24 17:10:01.040'},null,null,{ts '2015-11-24 17:38:29.307'});
insert into METL_FLOW_STEP_LINK (SOURCE_STEP_ID, TARGET_STEP_ID, CREATE_TIME, CREATE_BY, LAST_UPDATE_BY, LAST_UPDATE_TIME) values ('23a159d2-1492-43a9-9bae-e0b6d51f5bcb','6944e15f-db49-48c2-ad70-c796a1e677b3',{ts '2015-11-23 08:53:26.480'},null,null,{ts '2015-11-23 08:53:26.490'});
insert into METL_FLOW_STEP_LINK (SOURCE_STEP_ID, TARGET_STEP_ID, CREATE_TIME, CREATE_BY, LAST_UPDATE_BY, LAST_UPDATE_TIME) values ('24218107-96c5-4437-84de-d9eb0d51b063','869461f1-a0ca-48af-8601-437433b1714a',{ts '2015-11-24 17:38:29.300'},null,null,{ts '2015-11-24 17:38:29.307'});
insert into METL_FLOW_STEP_LINK (SOURCE_STEP_ID, TARGET_STEP_ID, CREATE_TIME, CREATE_BY, LAST_UPDATE_BY, LAST_UPDATE_TIME) values ('26b2da2c-b228-4f47-a9f9-ef2b88217f89','666504b7-89ff-40a3-a10c-15779ad2e88e',{ts '2015-11-23 16:11:37.708'},null,null,{ts '2015-11-23 16:11:37.713'});
insert into METL_FLOW_STEP_LINK (SOURCE_STEP_ID, TARGET_STEP_ID, CREATE_TIME, CREATE_BY, LAST_UPDATE_BY, LAST_UPDATE_TIME) values ('27e4934b-c36e-48c2-b7d3-1934e4d2a5e6','07db8457-15f9-4955-a8bc-43f89739648b',{ts '2016-03-03 20:49:38.521'},null,null,{ts '2016-03-03 20:50:23.533'});
insert into METL_FLOW_STEP_LINK (SOURCE_STEP_ID, TARGET_STEP_ID, CREATE_TIME, CREATE_BY, LAST_UPDATE_BY, LAST_UPDATE_TIME) values ('30aeaa4c-ece3-41ef-a6eb-6aedb22f3257','d73cd5fe-4d4b-49d3-a842-53efb8cf5b16',{ts '2016-03-03 21:02:13.343'},null,null,{ts '2016-03-03 21:02:44.948'});
insert into METL_FLOW_STEP_LINK (SOURCE_STEP_ID, TARGET_STEP_ID, CREATE_TIME, CREATE_BY, LAST_UPDATE_BY, LAST_UPDATE_TIME) values ('310f0686-2616-4736-b24b-339c75e24d8e','eebc2ff1-dcbc-46aa-8f00-243caa482ee4',{ts '2016-03-03 20:32:59.925'},null,null,{ts '2016-03-03 20:42:43.954'});
insert into METL_FLOW_STEP_LINK (SOURCE_STEP_ID, TARGET_STEP_ID, CREATE_TIME, CREATE_BY, LAST_UPDATE_BY, LAST_UPDATE_TIME) values ('7b947042-6ddd-4d80-ad63-4918c8f5dd2e','27e4934b-c36e-48c2-b7d3-1934e4d2a5e6',{ts '2016-03-03 20:48:44.852'},null,null,{ts '2016-03-03 20:50:23.533'});
insert into METL_FLOW_STEP_LINK (SOURCE_STEP_ID, TARGET_STEP_ID, CREATE_TIME, CREATE_BY, LAST_UPDATE_BY, LAST_UPDATE_TIME) values ('9245c22b-109c-44b0-acc5-4fa1ea35ac79','d3f78d39-8ea0-4e03-b8a5-d43320816598',{ts '2016-03-03 20:50:23.528'},null,null,{ts '2016-03-03 20:50:23.533'});
insert into METL_FLOW_STEP_LINK (SOURCE_STEP_ID, TARGET_STEP_ID, CREATE_TIME, CREATE_BY, LAST_UPDATE_BY, LAST_UPDATE_TIME) values ('96b116e9-9074-4658-9756-dbfa7a8aec6b','26b2da2c-b228-4f47-a9f9-ef2b88217f89',{ts '2015-11-23 16:08:19.167'},null,null,{ts '2015-11-23 16:11:37.713'});
insert into METL_FLOW_STEP_LINK (SOURCE_STEP_ID, TARGET_STEP_ID, CREATE_TIME, CREATE_BY, LAST_UPDATE_BY, LAST_UPDATE_TIME) values ('bd18da3a-02f0-4d3d-841a-738f960c8628','24218107-96c5-4437-84de-d9eb0d51b063',{ts '2015-11-24 17:10:59.501'},null,null,{ts '2015-11-24 17:38:29.307'});
insert into METL_FLOW_STEP_LINK (SOURCE_STEP_ID, TARGET_STEP_ID, CREATE_TIME, CREATE_BY, LAST_UPDATE_BY, LAST_UPDATE_TIME) values ('c085b1c1-5df3-4059-acf6-07649d807da8','132e77a7-cff5-4668-868c-4ab35a5c2449',{ts '2015-11-23 08:53:19.237'},null,null,{ts '2015-11-23 08:53:26.489'});
insert into METL_FLOW_STEP_LINK (SOURCE_STEP_ID, TARGET_STEP_ID, CREATE_TIME, CREATE_BY, LAST_UPDATE_BY, LAST_UPDATE_TIME) values ('cc7e7dc1-d92b-4629-bc69-d0b6c36a601a','34ce2c74-8b61-46f1-b11e-c810e50b5853',{ts '2016-03-03 20:42:43.949'},null,null,{ts '2016-03-03 20:42:43.954'});
insert into METL_FLOW_STEP_LINK (SOURCE_STEP_ID, TARGET_STEP_ID, CREATE_TIME, CREATE_BY, LAST_UPDATE_BY, LAST_UPDATE_TIME) values ('ccf2ed9a-14eb-4521-ae34-81fbbbdff006','30aeaa4c-ece3-41ef-a6eb-6aedb22f3257',{ts '2016-03-03 21:01:31.778'},null,null,{ts '2016-03-03 21:02:44.948'});
insert into METL_FLOW_STEP_LINK (SOURCE_STEP_ID, TARGET_STEP_ID, CREATE_TIME, CREATE_BY, LAST_UPDATE_BY, LAST_UPDATE_TIME) values ('d73cd5fe-4d4b-49d3-a842-53efb8cf5b16','e3c6270a-5005-43b4-9639-4f55adb61f0a',{ts '2016-03-03 21:02:27.374'},null,null,{ts '2016-03-03 21:02:44.948'});
insert into METL_FLOW_STEP_LINK (SOURCE_STEP_ID, TARGET_STEP_ID, CREATE_TIME, CREATE_BY, LAST_UPDATE_BY, LAST_UPDATE_TIME) values ('d820bc24-47c1-4206-ae17-fc03f9f3abbd','23a159d2-1492-43a9-9bae-e0b6d51f5bcb',{ts '2015-11-23 08:37:50.772'},null,null,{ts '2015-11-23 08:53:26.489'});
insert into METL_FLOW_STEP_LINK (SOURCE_STEP_ID, TARGET_STEP_ID, CREATE_TIME, CREATE_BY, LAST_UPDATE_BY, LAST_UPDATE_TIME) values ('d820bc24-47c1-4206-ae17-fc03f9f3abbd','c085b1c1-5df3-4059-acf6-07649d807da8',{ts '2015-11-22 20:00:53.155'},null,null,{ts '2015-11-23 08:53:26.489'});
insert into METL_FLOW_STEP_LINK (SOURCE_STEP_ID, TARGET_STEP_ID, CREATE_TIME, CREATE_BY, LAST_UPDATE_BY, LAST_UPDATE_TIME) values ('e1daff88-bd6f-48fa-9eac-5252d89b156a','d820bc24-47c1-4206-ae17-fc03f9f3abbd',{ts '2015-11-22 20:00:15.176'},null,null,{ts '2015-11-23 08:53:26.489'});
insert into METL_FLOW_STEP_LINK (SOURCE_STEP_ID, TARGET_STEP_ID, CREATE_TIME, CREATE_BY, LAST_UPDATE_BY, LAST_UPDATE_TIME) values ('e3017639-809a-4829-a1ae-8c2c0ae02ed0','96b116e9-9074-4658-9756-dbfa7a8aec6b',{ts '2015-11-23 16:07:33.168'},null,null,{ts '2015-11-23 16:11:37.713'});
insert into METL_FLOW_STEP_LINK (SOURCE_STEP_ID, TARGET_STEP_ID, CREATE_TIME, CREATE_BY, LAST_UPDATE_BY, LAST_UPDATE_TIME) values ('e3c6270a-5005-43b4-9639-4f55adb61f0a','9aed1623-0849-42bf-a2a9-02fa912f5b15',{ts '2016-03-03 21:02:44.945'},null,null,{ts '2016-03-03 21:02:44.948'});
insert into METL_FLOW_STEP_LINK (SOURCE_STEP_ID, TARGET_STEP_ID, CREATE_TIME, CREATE_BY, LAST_UPDATE_BY, LAST_UPDATE_TIME) values ('eebc2ff1-dcbc-46aa-8f00-243caa482ee4','cc7e7dc1-d92b-4629-bc69-d0b6c36a601a',{ts '2016-03-03 20:42:05.279'},null,null,{ts '2016-03-03 20:42:43.954'});
insert into METL_FLOW_STEP_LINK (SOURCE_STEP_ID, TARGET_STEP_ID, CREATE_TIME, CREATE_BY, LAST_UPDATE_BY, LAST_UPDATE_TIME) values ('eed3375c-5ba8-47c6-ac51-5b2857fc8796','1c7f533e-d8a4-401b-a1ec-674d9605fc24',{ts '2015-11-24 17:05:36.347'},null,null,{ts '2015-11-24 17:38:29.306'});
insert into METL_FLOW_STEP_LINK (SOURCE_STEP_ID, TARGET_STEP_ID, CREATE_TIME, CREATE_BY, LAST_UPDATE_BY, LAST_UPDATE_TIME) values ('f288e3ac-303c-4762-af88-a4410052a808','310f0686-2616-4736-b24b-339c75e24d8e',{ts '2016-03-03 12:42:37.636'},null,null,{ts '2016-03-03 20:42:43.954'});
