DELETE FROM METL_FLOW_STEP_LINK WHERE SOURCE_STEP_ID IN (SELECT ID FROM METL_FLOW_STEP WHERE FLOW_ID IN (SELECT ID FROM METL_FLOW WHERE PROJECT_VERSION_ID='72cfca72-be9b-4d70-98c1-248692c42820' ));
DELETE FROM METL_FLOW_STEP WHERE FLOW_ID IN (SELECT ID FROM METL_FLOW WHERE PROJECT_VERSION_ID='72cfca72-be9b-4d70-98c1-248692c42820' );
DELETE FROM METL_FLOW_PARAMETER WHERE FLOW_ID IN (SELECT ID FROM METL_FLOW WHERE PROJECT_VERSION_ID='72cfca72-be9b-4d70-98c1-248692c42820' );
DELETE FROM METL_FLOW WHERE PROJECT_VERSION_ID='72cfca72-be9b-4d70-98c1-248692c42820' ;
DELETE FROM METL_COMPONENT_ATTRIB_SETTING WHERE COMPONENT_ID IN (SELECT ID FROM METL_COMPONENT WHERE PROJECT_VERSION_ID='72cfca72-be9b-4d70-98c1-248692c42820' );
DELETE FROM METL_COMPONENT_ENTITY_SETTING WHERE COMPONENT_ID IN (SELECT ID FROM METL_COMPONENT WHERE PROJECT_VERSION_ID='72cfca72-be9b-4d70-98c1-248692c42820' );
DELETE FROM METL_COMPONENT_SETTING WHERE COMPONENT_ID IN (SELECT ID FROM METL_COMPONENT WHERE PROJECT_VERSION_ID='72cfca72-be9b-4d70-98c1-248692c42820' );
DELETE FROM METL_COMPONENT WHERE PROJECT_VERSION_ID='72cfca72-be9b-4d70-98c1-248692c42820' ;
DELETE FROM METL_RESOURCE_SETTING WHERE RESOURCE_ID IN (SELECT ID FROM METL_RESOURCE WHERE PROJECT_VERSION_ID='72cfca72-be9b-4d70-98c1-248692c42820' );
DELETE FROM METL_RESOURCE WHERE PROJECT_VERSION_ID='72cfca72-be9b-4d70-98c1-248692c42820' ;
DELETE FROM METL_MODEL_ATTRIB WHERE ENTITY_ID IN (SELECT ID FROM METL_MODEL_ENTITY WHERE MODEL_ID in (SELECT ID FROM METL_MODEL WHERE PROJECT_VERSION_ID='72cfca72-be9b-4d70-98c1-248692c42820' ));
DELETE FROM METL_MODEL_ENTITY WHERE MODEL_ID in (SELECT ID FROM METL_MODEL WHERE PROJECT_VERSION_ID='72cfca72-be9b-4d70-98c1-248692c42820' );
DELETE FROM METL_MODEL WHERE PROJECT_VERSION_ID='72cfca72-be9b-4d70-98c1-248692c42820' ;
DELETE FROM METL_FOLDER WHERE PROJECT_VERSION_ID='72cfca72-be9b-4d70-98c1-248692c42820';
DELETE FROM METL_PROJECT_VERSION WHERE ID='72cfca72-be9b-4d70-98c1-248692c42820';
DELETE FROM METL_PROJECT WHERE ID='dd10163f-3132-40e5-ad50-074dee529587';
insert into METL_PROJECT (ID, NAME, DESCRIPTION, DELETED, CREATE_TIME, CREATE_BY, LAST_UPDATE_BY, LAST_UPDATE_TIME) values ('dd10163f-3132-40e5-ad50-074dee529587','Gate Flow Test',null,0,{ts '2015-12-03 18:00:01.129'},null,null,{ts '2015-12-03 18:00:34.619'});
insert into METL_PROJECT_VERSION (ID, VERSION_LABEL, PROJECT_ID, ORIG_VERSION_ID, DESCRIPTION, RELEASED, ARCHIVED, DELETED, CREATE_TIME, CREATE_BY, LAST_UPDATE_BY, LAST_UPDATE_TIME) values ('72cfca72-be9b-4d70-98c1-248692c42820','1.0','dd10163f-3132-40e5-ad50-074dee529587',null,null,0,0,0,{ts '2015-12-03 18:00:01.129'},null,null,{ts '2015-12-03 18:00:01.130'});
insert into METL_MODEL (ID, ROW_ID, PROJECT_VERSION_ID, DELETED, NAME, SHARED, FOLDER_ID, CREATE_TIME, CREATE_BY, LAST_UPDATE_BY, LAST_UPDATE_TIME) values ('2e3dcede-314c-4c1c-8d17-7bc1e1687645','c0f0b7d0-5ff1-420f-ad06-5e585aa82672','72cfca72-be9b-4d70-98c1-248692c42820',0,'GateTest',0,null,{ts '2015-12-07 10:11:43.071'},null,null,{ts '2015-12-07 10:11:53.385'});
insert into METL_MODEL_ENTITY (ID, MODEL_ID, NAME, CREATE_TIME, CREATE_BY, LAST_UPDATE_BY, LAST_UPDATE_TIME) values ('788dcdfb-bc1b-4994-8933-b987b4797e90','2e3dcede-314c-4c1c-8d17-7bc1e1687645','GateTest',{ts '2015-12-07 10:11:56.495'},null,null,{ts '2015-12-07 10:12:12.208'});
insert into METL_MODEL_ATTRIB (ID, ENTITY_ID, NAME, TYPE, TYPE_ENTITY_ID, PK, CREATE_TIME, CREATE_BY, LAST_UPDATE_BY, LAST_UPDATE_TIME) values ('3e77144b-edbc-41a4-b9b8-aa64a56c517c','788dcdfb-bc1b-4994-8933-b987b4797e90','Id','VARCHAR',null,0,{ts '2015-12-07 10:12:13.847'},null,null,{ts '2015-12-07 10:12:15.625'});
insert into METL_MODEL_ATTRIB (ID, ENTITY_ID, NAME, TYPE, TYPE_ENTITY_ID, PK, CREATE_TIME, CREATE_BY, LAST_UPDATE_BY, LAST_UPDATE_TIME) values ('9c9dbf14-40db-4a04-a185-585854b44d28','788dcdfb-bc1b-4994-8933-b987b4797e90','Description','VARCHAR',null,0,{ts '2015-12-07 10:12:20.572'},null,null,{ts '2015-12-07 10:12:25.195'});
insert into METL_MODEL_ATTRIB (ID, ENTITY_ID, NAME, TYPE, TYPE_ENTITY_ID, PK, CREATE_TIME, CREATE_BY, LAST_UPDATE_BY, LAST_UPDATE_TIME) values ('ecbe0fb6-61fd-4a28-96d4-c98a0f23aec4','788dcdfb-bc1b-4994-8933-b987b4797e90','Name','VARCHAR',null,0,{ts '2015-12-07 10:12:17.612'},null,null,{ts '2015-12-07 10:12:19.072'});
insert into METL_MODEL_ATTRIB (ID, ENTITY_ID, NAME, TYPE, TYPE_ENTITY_ID, PK, CREATE_TIME, CREATE_BY, LAST_UPDATE_BY, LAST_UPDATE_TIME) values ('ee95608e-b430-4611-a939-ec2fb0e01a9c','788dcdfb-bc1b-4994-8933-b987b4797e90','Value1','VARCHAR',null,0,{ts '2015-12-07 10:12:27.278'},null,null,{ts '2015-12-07 10:12:29.547'});
insert into METL_COMPONENT (ID, ROW_ID, PROJECT_VERSION_ID, DELETED, NAME, TYPE, FOLDER_ID, SHARED, INPUT_MODEL_ID, OUTPUT_MODEL_ID, RESOURCE_ID, CREATE_TIME, CREATE_BY, LAST_UPDATE_BY, LAST_UPDATE_TIME) values ('0aeae7bb-938a-4200-ad74-854ffc86a4c4','1764c220-52a8-4746-8181-85835e24834b','72cfca72-be9b-4d70-98c1-248692c42820',0,'Lookup Values','Lookup',null,0,'2e3dcede-314c-4c1c-8d17-7bc1e1687645','2e3dcede-314c-4c1c-8d17-7bc1e1687645',null,{ts '2015-12-07 10:20:09.099'},null,null,{ts '2015-12-07 14:11:47.762'});
insert into METL_COMPONENT (ID, ROW_ID, PROJECT_VERSION_ID, DELETED, NAME, TYPE, FOLDER_ID, SHARED, INPUT_MODEL_ID, OUTPUT_MODEL_ID, RESOURCE_ID, CREATE_TIME, CREATE_BY, LAST_UPDATE_BY, LAST_UPDATE_TIME) values ('0f3fb1d4-ccc6-4617-87dd-565651abfd6a','1657fe48-dc5a-4102-bf57-047e6309ea85','72cfca72-be9b-4d70-98c1-248692c42820',0,'Text Constant 1','Text Constant',null,0,null,null,null,{ts '2015-12-03 18:10:17.242'},null,null,{ts '2015-12-03 18:12:59.090'});
insert into METL_COMPONENT (ID, ROW_ID, PROJECT_VERSION_ID, DELETED, NAME, TYPE, FOLDER_ID, SHARED, INPUT_MODEL_ID, OUTPUT_MODEL_ID, RESOURCE_ID, CREATE_TIME, CREATE_BY, LAST_UPDATE_BY, LAST_UPDATE_TIME) values ('0ffeadf2-10e9-4aee-9142-10e95c5f6463','301c47bf-4913-496a-b551-9fb6507a2e7b','72cfca72-be9b-4d70-98c1-248692c42820',0,'Gate of Reckoning','Gate',null,0,null,null,null,{ts '2015-12-03 18:35:05.121'},null,null,{ts '2015-12-07 10:09:44.479'});
insert into METL_COMPONENT (ID, ROW_ID, PROJECT_VERSION_ID, DELETED, NAME, TYPE, FOLDER_ID, SHARED, INPUT_MODEL_ID, OUTPUT_MODEL_ID, RESOURCE_ID, CREATE_TIME, CREATE_BY, LAST_UPDATE_BY, LAST_UPDATE_TIME) values ('2494dfd9-71e4-4522-af36-d6ad2e7ca45b','40c9f1c9-e037-466a-bc4f-5034da89599e','72cfca72-be9b-4d70-98c1-248692c42820',0,'Gate','Gate',null,0,null,null,null,{ts '2015-12-03 18:01:02.642'},null,null,{ts '2015-12-03 18:19:13.806'});
insert into METL_COMPONENT (ID, ROW_ID, PROJECT_VERSION_ID, DELETED, NAME, TYPE, FOLDER_ID, SHARED, INPUT_MODEL_ID, OUTPUT_MODEL_ID, RESOURCE_ID, CREATE_TIME, CREATE_BY, LAST_UPDATE_BY, LAST_UPDATE_TIME) values ('491f28e1-3617-4883-a65d-b3130e07ad25','05de38d7-f834-4bb8-9b4d-84ef196010cd','72cfca72-be9b-4d70-98c1-248692c42820',0,'Last Unit of Work','Last Unit of Work',null,0,'2e3dcede-314c-4c1c-8d17-7bc1e1687645',null,null,{ts '2015-12-07 10:28:50.403'},null,null,{ts '2015-12-07 14:12:13.066'});
insert into METL_COMPONENT (ID, ROW_ID, PROJECT_VERSION_ID, DELETED, NAME, TYPE, FOLDER_ID, SHARED, INPUT_MODEL_ID, OUTPUT_MODEL_ID, RESOURCE_ID, CREATE_TIME, CREATE_BY, LAST_UPDATE_BY, LAST_UPDATE_TIME) values ('49426c44-af34-4259-977f-6123edaea2d4','1a3fed21-bb7a-4cae-a33a-013b0108bbb8','72cfca72-be9b-4d70-98c1-248692c42820',0,'Nothing Doing','No Op',null,0,null,null,null,{ts '2015-12-03 18:33:26.808'},null,null,{ts '2015-12-04 08:45:36.500'});
insert into METL_COMPONENT (ID, ROW_ID, PROJECT_VERSION_ID, DELETED, NAME, TYPE, FOLDER_ID, SHARED, INPUT_MODEL_ID, OUTPUT_MODEL_ID, RESOURCE_ID, CREATE_TIME, CREATE_BY, LAST_UPDATE_BY, LAST_UPDATE_TIME) values ('4ec8a48d-c005-4072-9426-9d22a22ee63f','301c47bf-4913-496a-b551-9fb6507a2e7b','72cfca72-be9b-4d70-98c1-248692c42820',0,'Gate of Reckoning','Gate',null,0,null,null,null,{ts '2015-12-03 18:35:05.121'},null,null,{ts '2015-12-07 14:12:13.056'});
insert into METL_COMPONENT (ID, ROW_ID, PROJECT_VERSION_ID, DELETED, NAME, TYPE, FOLDER_ID, SHARED, INPUT_MODEL_ID, OUTPUT_MODEL_ID, RESOURCE_ID, CREATE_TIME, CREATE_BY, LAST_UPDATE_BY, LAST_UPDATE_TIME) values ('54344501-3085-4627-8b7e-f212515ca799','05de38d7-f834-4bb8-9b4d-84ef196010cd','72cfca72-be9b-4d70-98c1-248692c42820',0,'Last Unit of Work','Last Unit of Work',null,0,'2e3dcede-314c-4c1c-8d17-7bc1e1687645',null,null,{ts '2015-12-07 10:28:50.403'},null,null,{ts '2015-12-07 14:11:47.767'});
insert into METL_COMPONENT (ID, ROW_ID, PROJECT_VERSION_ID, DELETED, NAME, TYPE, FOLDER_ID, SHARED, INPUT_MODEL_ID, OUTPUT_MODEL_ID, RESOURCE_ID, CREATE_TIME, CREATE_BY, LAST_UPDATE_BY, LAST_UPDATE_TIME) values ('56095a87-eaed-43c8-a8dc-cb26e0b65c1a','25f6d29b-b77c-4c85-a16f-86b63d13c79d','72cfca72-be9b-4d70-98c1-248692c42820',0,'Assert','Assert',null,0,null,null,null,{ts '2015-12-03 18:35:42.675'},null,null,{ts '2015-12-07 10:09:54.209'});
insert into METL_COMPONENT (ID, ROW_ID, PROJECT_VERSION_ID, DELETED, NAME, TYPE, FOLDER_ID, SHARED, INPUT_MODEL_ID, OUTPUT_MODEL_ID, RESOURCE_ID, CREATE_TIME, CREATE_BY, LAST_UPDATE_BY, LAST_UPDATE_TIME) values ('5cec80b3-9361-44ef-8a4d-7aec6a76ebdb','2ab16fd7-78ad-43a7-9e29-9d0ff49857dd','72cfca72-be9b-4d70-98c1-248692c42820',0,'Route Along Top Path','Content Router',null,0,null,null,null,{ts '2015-12-03 18:32:50.547'},null,null,{ts '2015-12-07 14:12:13.054'});
insert into METL_COMPONENT (ID, ROW_ID, PROJECT_VERSION_ID, DELETED, NAME, TYPE, FOLDER_ID, SHARED, INPUT_MODEL_ID, OUTPUT_MODEL_ID, RESOURCE_ID, CREATE_TIME, CREATE_BY, LAST_UPDATE_BY, LAST_UPDATE_TIME) values ('655bd932-afe4-4a21-9273-c3afb4bdfa89','2ab16fd7-78ad-43a7-9e29-9d0ff49857dd','72cfca72-be9b-4d70-98c1-248692c42820',0,'Choose 2nd Path Only','Content Router',null,0,null,null,null,{ts '2015-12-03 18:32:50.547'},null,null,{ts '2015-12-04 08:50:46.925'});
insert into METL_COMPONENT (ID, ROW_ID, PROJECT_VERSION_ID, DELETED, NAME, TYPE, FOLDER_ID, SHARED, INPUT_MODEL_ID, OUTPUT_MODEL_ID, RESOURCE_ID, CREATE_TIME, CREATE_BY, LAST_UPDATE_BY, LAST_UPDATE_TIME) values ('663bf2a1-11f9-4045-a474-88da2a920f05','25f6d29b-b77c-4c85-a16f-86b63d13c79d','72cfca72-be9b-4d70-98c1-248692c42820',0,'Assert','Assert',null,0,null,null,null,{ts '2015-12-03 18:35:42.675'},null,null,{ts '2015-12-07 14:12:13.058'});
insert into METL_COMPONENT (ID, ROW_ID, PROJECT_VERSION_ID, DELETED, NAME, TYPE, FOLDER_ID, SHARED, INPUT_MODEL_ID, OUTPUT_MODEL_ID, RESOURCE_ID, CREATE_TIME, CREATE_BY, LAST_UPDATE_BY, LAST_UPDATE_TIME) values ('7cbf70a3-13f9-4a49-b46d-e7e9bdac14ac','2ab16fd7-78ad-43a7-9e29-9d0ff49857dd','72cfca72-be9b-4d70-98c1-248692c42820',0,'Route Along Top Path','Content Router',null,0,null,null,null,{ts '2015-12-03 18:32:50.547'},null,null,{ts '2015-12-07 14:11:47.753'});
insert into METL_COMPONENT (ID, ROW_ID, PROJECT_VERSION_ID, DELETED, NAME, TYPE, FOLDER_ID, SHARED, INPUT_MODEL_ID, OUTPUT_MODEL_ID, RESOURCE_ID, CREATE_TIME, CREATE_BY, LAST_UPDATE_BY, LAST_UPDATE_TIME) values ('804784f7-4f56-474d-93c6-ee493f4da1ba','0d6f459f-78e7-45e0-926f-b326710b6b06','72cfca72-be9b-4d70-98c1-248692c42820',0,'Add Dummy Component Data','Text Constant',null,0,null,null,null,{ts '2015-12-04 08:45:31.855'},null,null,{ts '2015-12-07 10:09:57.873'});
insert into METL_COMPONENT (ID, ROW_ID, PROJECT_VERSION_ID, DELETED, NAME, TYPE, FOLDER_ID, SHARED, INPUT_MODEL_ID, OUTPUT_MODEL_ID, RESOURCE_ID, CREATE_TIME, CREATE_BY, LAST_UPDATE_BY, LAST_UPDATE_TIME) values ('89e7ec22-3386-4162-b362-5b1df37fc76c','d7bebca3-ba11-48af-a5b9-ca55a0edf9c9','72cfca72-be9b-4d70-98c1-248692c42820',0,'Generate Messages','Text Constant',null,0,null,null,null,{ts '2015-12-03 18:33:09.504'},null,null,{ts '2015-12-07 10:09:24.551'});
insert into METL_COMPONENT (ID, ROW_ID, PROJECT_VERSION_ID, DELETED, NAME, TYPE, FOLDER_ID, SHARED, INPUT_MODEL_ID, OUTPUT_MODEL_ID, RESOURCE_ID, CREATE_TIME, CREATE_BY, LAST_UPDATE_BY, LAST_UPDATE_TIME) values ('8c4a8b77-e34c-4c4f-b4b3-a878d96c8cd0','5bd59ff4-28cb-4af0-84b3-7c914c4da597','72cfca72-be9b-4d70-98c1-248692c42820',0,'Delay 1','Delay',null,0,null,'2e3dcede-314c-4c1c-8d17-7bc1e1687645',null,{ts '2015-12-07 13:45:49.170'},null,null,{ts '2015-12-07 14:11:47.761'});
insert into METL_COMPONENT (ID, ROW_ID, PROJECT_VERSION_ID, DELETED, NAME, TYPE, FOLDER_ID, SHARED, INPUT_MODEL_ID, OUTPUT_MODEL_ID, RESOURCE_ID, CREATE_TIME, CREATE_BY, LAST_UPDATE_BY, LAST_UPDATE_TIME) values ('8c6282c0-3460-4df4-bad1-b915b8529c4a','3546660d-ebdc-43cb-b85c-ddf6e0e58918','72cfca72-be9b-4d70-98c1-248692c42820',0,'Generate Input Messages','Text Constant',null,0,null,null,null,{ts '2015-12-04 07:03:03.819'},null,null,{ts '2015-12-04 08:45:36.503'});
insert into METL_COMPONENT (ID, ROW_ID, PROJECT_VERSION_ID, DELETED, NAME, TYPE, FOLDER_ID, SHARED, INPUT_MODEL_ID, OUTPUT_MODEL_ID, RESOURCE_ID, CREATE_TIME, CREATE_BY, LAST_UPDATE_BY, LAST_UPDATE_TIME) values ('94d70fd1-56c4-4003-8820-962c352744ec','a6dd92a3-d510-4e08-a3c8-cd67e1609bdb','72cfca72-be9b-4d70-98c1-248692c42820',0,'Create Dummy Text File','Text File Writer',null,0,null,null,null,{ts '2015-12-04 08:44:07.190'},null,null,{ts '2015-12-04 08:53:06.777'});
insert into METL_COMPONENT (ID, ROW_ID, PROJECT_VERSION_ID, DELETED, NAME, TYPE, FOLDER_ID, SHARED, INPUT_MODEL_ID, OUTPUT_MODEL_ID, RESOURCE_ID, CREATE_TIME, CREATE_BY, LAST_UPDATE_BY, LAST_UPDATE_TIME) values ('aebe415e-64de-4377-ace2-4030188fb79c','accec221-f2c6-4033-8fbf-132abf0cfa7e','72cfca72-be9b-4d70-98c1-248692c42820',0,'Assert','Assert',null,0,null,null,null,{ts '2015-12-03 18:12:43.877'},null,null,{ts '2015-12-03 18:32:10.913'});
insert into METL_COMPONENT (ID, ROW_ID, PROJECT_VERSION_ID, DELETED, NAME, TYPE, FOLDER_ID, SHARED, INPUT_MODEL_ID, OUTPUT_MODEL_ID, RESOURCE_ID, CREATE_TIME, CREATE_BY, LAST_UPDATE_BY, LAST_UPDATE_TIME) values ('b794a08f-8e96-430a-93a5-20c90335f0ea','301c47bf-4913-496a-b551-9fb6507a2e7b','72cfca72-be9b-4d70-98c1-248692c42820',0,'Gate of Reckoning','Gate',null,0,null,null,null,{ts '2015-12-03 18:35:05.121'},null,null,{ts '2015-12-07 14:15:01.716'});
insert into METL_COMPONENT (ID, ROW_ID, PROJECT_VERSION_ID, DELETED, NAME, TYPE, FOLDER_ID, SHARED, INPUT_MODEL_ID, OUTPUT_MODEL_ID, RESOURCE_ID, CREATE_TIME, CREATE_BY, LAST_UPDATE_BY, LAST_UPDATE_TIME) values ('bbd81683-0a43-476d-964d-c59703e2e388','1764c220-52a8-4746-8181-85835e24834b','72cfca72-be9b-4d70-98c1-248692c42820',0,'Lookup Values','Lookup',null,0,'2e3dcede-314c-4c1c-8d17-7bc1e1687645','2e3dcede-314c-4c1c-8d17-7bc1e1687645',null,{ts '2015-12-07 10:20:09.099'},null,null,{ts '2015-12-07 14:12:13.063'});
insert into METL_COMPONENT (ID, ROW_ID, PROJECT_VERSION_ID, DELETED, NAME, TYPE, FOLDER_ID, SHARED, INPUT_MODEL_ID, OUTPUT_MODEL_ID, RESOURCE_ID, CREATE_TIME, CREATE_BY, LAST_UPDATE_BY, LAST_UPDATE_TIME) values ('ce4ae96a-5085-41c8-b3bc-5127dd65c2a1','1ea7347e-d7c2-4289-8b7c-e975add1b2c7','72cfca72-be9b-4d70-98c1-248692c42820',0,'Add Dummy Values','Text Constant',null,0,null,'2e3dcede-314c-4c1c-8d17-7bc1e1687645',null,{ts '2015-12-07 10:18:48.634'},null,null,{ts '2015-12-07 14:12:22.405'});
insert into METL_COMPONENT (ID, ROW_ID, PROJECT_VERSION_ID, DELETED, NAME, TYPE, FOLDER_ID, SHARED, INPUT_MODEL_ID, OUTPUT_MODEL_ID, RESOURCE_ID, CREATE_TIME, CREATE_BY, LAST_UPDATE_BY, LAST_UPDATE_TIME) values ('cfe5dce1-8ff7-4657-9441-732817cae8fc','3546660d-ebdc-43cb-b85c-ddf6e0e58918','72cfca72-be9b-4d70-98c1-248692c42820',0,'Generate Input Messages','Text Constant',null,0,null,null,null,{ts '2015-12-04 07:03:03.819'},null,null,{ts '2015-12-07 14:12:13.053'});
insert into METL_COMPONENT (ID, ROW_ID, PROJECT_VERSION_ID, DELETED, NAME, TYPE, FOLDER_ID, SHARED, INPUT_MODEL_ID, OUTPUT_MODEL_ID, RESOURCE_ID, CREATE_TIME, CREATE_BY, LAST_UPDATE_BY, LAST_UPDATE_TIME) values ('d121ef3e-b63a-402c-9a74-b2911cb072e0','1ea7347e-d7c2-4289-8b7c-e975add1b2c7','72cfca72-be9b-4d70-98c1-248692c42820',0,'Add Dummy Values','Text Constant',null,0,null,null,null,{ts '2015-12-07 10:18:48.634'},null,null,{ts '2015-12-07 14:11:47.756'});
insert into METL_COMPONENT (ID, ROW_ID, PROJECT_VERSION_ID, DELETED, NAME, TYPE, FOLDER_ID, SHARED, INPUT_MODEL_ID, OUTPUT_MODEL_ID, RESOURCE_ID, CREATE_TIME, CREATE_BY, LAST_UPDATE_BY, LAST_UPDATE_TIME) values ('d1ae85a7-dc2e-4d15-8ec2-c6fd8542b1f4','0d6f459f-78e7-45e0-926f-b326710b6b06','72cfca72-be9b-4d70-98c1-248692c42820',0,'Add Dummy Component Data','Text Constant',null,0,null,null,null,{ts '2015-12-04 08:45:31.855'},null,null,{ts '2015-12-07 14:12:13.061'});
insert into METL_COMPONENT (ID, ROW_ID, PROJECT_VERSION_ID, DELETED, NAME, TYPE, FOLDER_ID, SHARED, INPUT_MODEL_ID, OUTPUT_MODEL_ID, RESOURCE_ID, CREATE_TIME, CREATE_BY, LAST_UPDATE_BY, LAST_UPDATE_TIME) values ('d94d3ab5-737b-435b-8fa3-c02234c38a97','0d6f459f-78e7-45e0-926f-b326710b6b06','72cfca72-be9b-4d70-98c1-248692c42820',0,'Add Dummy Component Data','Text Constant',null,0,null,null,null,{ts '2015-12-04 08:45:31.855'},null,null,{ts '2015-12-07 14:11:47.758'});
insert into METL_COMPONENT (ID, ROW_ID, PROJECT_VERSION_ID, DELETED, NAME, TYPE, FOLDER_ID, SHARED, INPUT_MODEL_ID, OUTPUT_MODEL_ID, RESOURCE_ID, CREATE_TIME, CREATE_BY, LAST_UPDATE_BY, LAST_UPDATE_TIME) values ('ec05dc68-ed37-49c7-97c1-1d91d540d23a','25f6d29b-b77c-4c85-a16f-86b63d13c79d','72cfca72-be9b-4d70-98c1-248692c42820',0,'Assert','Assert',null,0,null,null,null,{ts '2015-12-03 18:35:42.675'},null,null,{ts '2015-12-07 14:11:47.773'});
insert into METL_COMPONENT (ID, ROW_ID, PROJECT_VERSION_ID, DELETED, NAME, TYPE, FOLDER_ID, SHARED, INPUT_MODEL_ID, OUTPUT_MODEL_ID, RESOURCE_ID, CREATE_TIME, CREATE_BY, LAST_UPDATE_BY, LAST_UPDATE_TIME) values ('ecbacbe5-0c70-4403-831f-4b8c8f8de70d','3546660d-ebdc-43cb-b85c-ddf6e0e58918','72cfca72-be9b-4d70-98c1-248692c42820',0,'Generate Input Messages','Text Constant',null,0,null,null,null,{ts '2015-12-04 07:03:03.819'},null,null,{ts '2015-12-07 14:11:47.748'});
insert into METL_COMPONENT (ID, ROW_ID, PROJECT_VERSION_ID, DELETED, NAME, TYPE, FOLDER_ID, SHARED, INPUT_MODEL_ID, OUTPUT_MODEL_ID, RESOURCE_ID, CREATE_TIME, CREATE_BY, LAST_UPDATE_BY, LAST_UPDATE_TIME) values ('f795dc98-19f5-4fd7-bfb6-90038708700f','a59e9e93-79c2-48ec-aa22-a0f5b12e4896','72cfca72-be9b-4d70-98c1-248692c42820',0,'Script 1','Script',null,0,null,null,null,{ts '2015-12-03 18:12:23.423'},null,null,{ts '2015-12-03 18:12:59.091'});
insert into METL_COMPONENT (ID, ROW_ID, PROJECT_VERSION_ID, DELETED, NAME, TYPE, FOLDER_ID, SHARED, INPUT_MODEL_ID, OUTPUT_MODEL_ID, RESOURCE_ID, CREATE_TIME, CREATE_BY, LAST_UPDATE_BY, LAST_UPDATE_TIME) values ('fc1d2854-32f5-478e-9fc6-35d0afacc2f6','dbc511df-1e63-4954-80ce-73c66b6f2e42','72cfca72-be9b-4d70-98c1-248692c42820',0,'Text Constant 2','Text Constant',null,0,null,null,null,{ts '2015-12-03 18:10:30.102'},null,null,{ts '2015-12-03 18:12:59.093'});
insert into METL_COMPONENT_SETTING (ID, COMPONENT_ID, NAME, VALUE, CREATE_TIME, CREATE_BY, LAST_UPDATE_BY, LAST_UPDATE_TIME) values ('001278be-a192-4a2e-8b5e-77d9b588b7da','655bd932-afe4-4a21-9273-c3afb4bdfa89','config','[{"matchExpression":"text != null && text.indexOf(''SPEQ'') >= 0","targetStepId":"6ede3a46-7804-4164-a241-d52223f8130c"},{"matchExpression":"text != null && text.indexOf(''ABL'') >= 0","targetStepId":"94ab5096-a1b2-4d1d-b908-3fd2d541bdb4"}]',{ts '2015-12-03 18:33:57.314'},null,null,{ts '2015-12-04 08:50:46.926'});
insert into METL_COMPONENT_SETTING (ID, COMPONENT_ID, NAME, VALUE, CREATE_TIME, CREATE_BY, LAST_UPDATE_BY, LAST_UPDATE_TIME) values ('009acc8e-094a-47de-9d5a-03a184656df7','ec05dc68-ed37-49c7-97c1-1d91d540d23a','expected.control.messages.count','1',{ts '2015-12-03 18:35:53.126'},null,null,{ts '2015-12-07 14:11:47.775'});
insert into METL_COMPONENT_SETTING (ID, COMPONENT_ID, NAME, VALUE, CREATE_TIME, CREATE_BY, LAST_UPDATE_BY, LAST_UPDATE_TIME) values ('020a1bc6-7926-48ba-954a-b8952cbb544b','0f3fb1d4-ccc6-4617-87dd-565651abfd6a','rows.per.message','1',{ts '2015-12-03 18:11:35.762'},null,null,{ts '2015-12-03 18:12:59.090'});
insert into METL_COMPONENT_SETTING (ID, COMPONENT_ID, NAME, VALUE, CREATE_TIME, CREATE_BY, LAST_UPDATE_BY, LAST_UPDATE_TIME) values ('029f7cd6-695f-40e3-bd69-63af89215ee1','8c4a8b77-e34c-4c4f-b4b3-a878d96c8cd0','delay.in.ms','2000',{ts '2015-12-07 13:47:39.726'},null,null,{ts '2015-12-07 14:11:47.761'});
insert into METL_COMPONENT_SETTING (ID, COMPONENT_ID, NAME, VALUE, CREATE_TIME, CREATE_BY, LAST_UPDATE_BY, LAST_UPDATE_TIME) values ('0e75788a-bd8d-43bc-a501-eda9ee296f7a','0aeae7bb-938a-4200-ad74-854ffc86a4c4','replacement.key.attribute','3e77144b-edbc-41a4-b9b8-aa64a56c517c',{ts '2015-12-07 10:24:34.369'},null,null,{ts '2015-12-07 14:11:47.766'});
insert into METL_COMPONENT_SETTING (ID, COMPONENT_ID, NAME, VALUE, CREATE_TIME, CREATE_BY, LAST_UPDATE_BY, LAST_UPDATE_TIME) values ('12a7761f-1a4f-4720-b059-acab0f39acff','0aeae7bb-938a-4200-ad74-854ffc86a4c4','lookup.value.attribute','ee95608e-b430-4611-a939-ec2fb0e01a9c',{ts '2015-12-07 10:24:39.969'},null,null,{ts '2015-12-07 14:11:47.763'});
insert into METL_COMPONENT_SETTING (ID, COMPONENT_ID, NAME, VALUE, CREATE_TIME, CREATE_BY, LAST_UPDATE_BY, LAST_UPDATE_TIME) values ('154f5512-b342-4352-b154-a61c4631d971','ec05dc68-ed37-49c7-97c1-1d91d540d23a','expected.text.messages.count','1',{ts '2015-12-03 18:35:50.759'},null,null,{ts '2015-12-07 14:11:47.775'});
insert into METL_COMPONENT_SETTING (ID, COMPONENT_ID, NAME, VALUE, CREATE_TIME, CREATE_BY, LAST_UPDATE_BY, LAST_UPDATE_TIME) values ('1bc831c5-d429-49fb-9b2b-75f931c1ec53','d94d3ab5-737b-435b-8fa3-c02234c38a97','run.when','PER MESSAGE',{ts '2015-12-04 08:45:48.016'},null,null,{ts '2015-12-07 14:11:47.759'});
insert into METL_COMPONENT_SETTING (ID, COMPONENT_ID, NAME, VALUE, CREATE_TIME, CREATE_BY, LAST_UPDATE_BY, LAST_UPDATE_TIME) values ('2554edc7-300c-43c5-9d2f-d3d910ace804','b794a08f-8e96-430a-93a5-20c90335f0ea','force.gate.open','true',{ts '2015-12-03 18:48:30.882'},null,null,{ts '2015-12-07 14:15:01.719'});
insert into METL_COMPONENT_SETTING (ID, COMPONENT_ID, NAME, VALUE, CREATE_TIME, CREATE_BY, LAST_UPDATE_BY, LAST_UPDATE_TIME) values ('26a89315-a4e5-408b-8a9c-00ed23878bcb','d1ae85a7-dc2e-4d15-8ec2-c6fd8542b1f4','split.on.line.feed','true',{ts '2015-12-04 08:45:42.529'},null,null,{ts '2015-12-07 14:12:13.061'});
insert into METL_COMPONENT_SETTING (ID, COMPONENT_ID, NAME, VALUE, CREATE_TIME, CREATE_BY, LAST_UPDATE_BY, LAST_UPDATE_TIME) values ('26d0798e-ec34-4e1d-8e50-f45087d224a6','ce4ae96a-5085-41c8-b3bc-5127dd65c2a1','split.on.line.feed','true',{ts '2015-12-07 10:19:55.153'},null,null,{ts '2015-12-07 14:12:22.406'});
insert into METL_COMPONENT_SETTING (ID, COMPONENT_ID, NAME, VALUE, CREATE_TIME, CREATE_BY, LAST_UPDATE_BY, LAST_UPDATE_TIME) values ('2a35ec64-f36e-49c7-8a43-691e65b5207d','f795dc98-19f5-4fd7-bfb6-90038708700f','imports','
def holder = []',{ts '2015-12-03 18:13:37.494'},null,null,{ts '2015-12-03 18:26:22.333'});
insert into METL_COMPONENT_SETTING (ID, COMPONENT_ID, NAME, VALUE, CREATE_TIME, CREATE_BY, LAST_UPDATE_BY, LAST_UPDATE_TIME) values ('2de319d8-5543-4106-b22d-07533da3a791','89e7ec22-3386-4162-b362-5b1df37fc76c','split.on.line.feed','true',{ts '2015-12-03 18:33:41.724'},null,null,{ts '2015-12-07 10:09:24.551'});
insert into METL_COMPONENT_SETTING (ID, COMPONENT_ID, NAME, VALUE, CREATE_TIME, CREATE_BY, LAST_UPDATE_BY, LAST_UPDATE_TIME) values ('354b38b2-b3e7-409c-9de6-6359d1d44a95','94d70fd1-56c4-4003-8820-962c352744ec','relative.path','',{ts '2015-12-04 08:44:30.120'},null,null,{ts '2015-12-04 08:53:06.778'});
insert into METL_COMPONENT_SETTING (ID, COMPONENT_ID, NAME, VALUE, CREATE_TIME, CREATE_BY, LAST_UPDATE_BY, LAST_UPDATE_TIME) values ('394a06bd-116f-4f9f-9a41-75480df40c5f','663bf2a1-11f9-4045-a474-88da2a920f05','expected.text.messages.count','1',{ts '2015-12-03 18:35:50.759'},null,null,{ts '2015-12-07 14:12:13.059'});
insert into METL_COMPONENT_SETTING (ID, COMPONENT_ID, NAME, VALUE, CREATE_TIME, CREATE_BY, LAST_UPDATE_BY, LAST_UPDATE_TIME) values ('3b48b514-8731-47fb-be9a-64753c80b0b1','aebe415e-64de-4377-ace2-4030188fb79c','expected.control.messages.count','1',{ts '2015-12-03 18:12:56.065'},null,null,{ts '2015-12-03 18:32:10.914'});
insert into METL_COMPONENT_SETTING (ID, COMPONENT_ID, NAME, VALUE, CREATE_TIME, CREATE_BY, LAST_UPDATE_BY, LAST_UPDATE_TIME) values ('3c967df1-9ba9-46da-8df0-8f178a0d363f','d1ae85a7-dc2e-4d15-8ec2-c6fd8542b1f4','text','1,A,A Desc,n',{ts '2015-12-04 08:45:38.650'},null,null,{ts '2015-12-07 14:12:13.062'});
insert into METL_COMPONENT_SETTING (ID, COMPONENT_ID, NAME, VALUE, CREATE_TIME, CREATE_BY, LAST_UPDATE_BY, LAST_UPDATE_TIME) values ('3c9e5f5e-220c-41b5-b235-4ea4f3789e86','d121ef3e-b63a-402c-9a74-b2911cb072e0','split.on.line.feed','true',{ts '2015-12-07 10:19:55.153'},null,null,{ts '2015-12-07 14:11:47.757'});
insert into METL_COMPONENT_SETTING (ID, COMPONENT_ID, NAME, VALUE, CREATE_TIME, CREATE_BY, LAST_UPDATE_BY, LAST_UPDATE_TIME) values ('3cdcbba7-7f06-4d18-891d-84913445896b','ec05dc68-ed37-49c7-97c1-1d91d540d23a','logInput','true',{ts '2015-12-07 10:29:35.206'},null,null,{ts '2015-12-07 14:11:47.774'});
insert into METL_COMPONENT_SETTING (ID, COMPONENT_ID, NAME, VALUE, CREATE_TIME, CREATE_BY, LAST_UPDATE_BY, LAST_UPDATE_TIME) values ('3d7ac461-4757-4738-8852-f30fde133692','663bf2a1-11f9-4045-a474-88da2a920f05','expected.control.messages.count','1',{ts '2015-12-03 18:35:53.126'},null,null,{ts '2015-12-07 14:12:13.060'});
insert into METL_COMPONENT_SETTING (ID, COMPONENT_ID, NAME, VALUE, CREATE_TIME, CREATE_BY, LAST_UPDATE_BY, LAST_UPDATE_TIME) values ('3df3f7f3-637b-4465-a456-ea0d4481038d','ce4ae96a-5085-41c8-b3bc-5127dd65c2a1','text','1,n,n,A Value1
2,n,n,B Value1
3,n,n,C Value1
4,n,n,D Value1',{ts '2015-12-07 10:19:24.858'},null,null,{ts '2015-12-07 14:12:22.406'});
insert into METL_COMPONENT_SETTING (ID, COMPONENT_ID, NAME, VALUE, CREATE_TIME, CREATE_BY, LAST_UPDATE_BY, LAST_UPDATE_TIME) values ('41178d3d-f423-4528-8dfb-2800c5354092','54344501-3085-4627-8b7e-f212515ca799','logOutput','true',{ts '2015-12-07 10:29:39.455'},null,null,{ts '2015-12-07 14:11:47.768'});
insert into METL_COMPONENT_SETTING (ID, COMPONENT_ID, NAME, VALUE, CREATE_TIME, CREATE_BY, LAST_UPDATE_BY, LAST_UPDATE_TIME) values ('433e70fd-2de8-4596-a4ec-51ab71e63ada','655bd932-afe4-4a21-9273-c3afb4bdfa89','logOutput','true',{ts '2015-12-04 07:33:23.181'},null,null,{ts '2015-12-04 08:50:46.926'});
insert into METL_COMPONENT_SETTING (ID, COMPONENT_ID, NAME, VALUE, CREATE_TIME, CREATE_BY, LAST_UPDATE_BY, LAST_UPDATE_TIME) values ('4571c02e-022e-46f9-9c11-a3e749d27c35','bbd81683-0a43-476d-964d-c59703e2e388','replacement.value.attribute','ee95608e-b430-4611-a939-ec2fb0e01a9c',{ts '2015-12-07 10:24:42.184'},null,null,{ts '2015-12-07 14:12:13.065'});
insert into METL_COMPONENT_SETTING (ID, COMPONENT_ID, NAME, VALUE, CREATE_TIME, CREATE_BY, LAST_UPDATE_BY, LAST_UPDATE_TIME) values ('483e53b7-1b1c-40e9-acde-47305d96c372','d1ae85a7-dc2e-4d15-8ec2-c6fd8542b1f4','run.when','PER MESSAGE',{ts '2015-12-04 08:45:48.016'},null,null,{ts '2015-12-07 14:12:13.061'});
insert into METL_COMPONENT_SETTING (ID, COMPONENT_ID, NAME, VALUE, CREATE_TIME, CREATE_BY, LAST_UPDATE_BY, LAST_UPDATE_TIME) values ('522617f3-37fa-4e9c-b74a-009ac0f9999f','0ffeadf2-10e9-4aee-9142-10e95c5f6463','force.gate.open','true',{ts '2015-12-03 18:48:30.882'},null,null,{ts '2015-12-07 10:09:44.482'});
insert into METL_COMPONENT_SETTING (ID, COMPONENT_ID, NAME, VALUE, CREATE_TIME, CREATE_BY, LAST_UPDATE_BY, LAST_UPDATE_TIME) values ('565ddb78-1b66-4a64-a931-b85de99e7bd0','8c6282c0-3460-4df4-bad1-b915b8529c4a','split.on.line.feed','true',{ts '2015-12-04 07:45:51.954'},null,null,{ts '2015-12-04 08:46:54.716'});
insert into METL_COMPONENT_SETTING (ID, COMPONENT_ID, NAME, VALUE, CREATE_TIME, CREATE_BY, LAST_UPDATE_BY, LAST_UPDATE_TIME) values ('5721bd10-b360-4928-b7ef-67d3e9d94b3a','d94d3ab5-737b-435b-8fa3-c02234c38a97','text','1,A,A Desc,n',{ts '2015-12-04 08:45:38.650'},null,null,{ts '2015-12-07 14:11:47.760'});
insert into METL_COMPONENT_SETTING (ID, COMPONENT_ID, NAME, VALUE, CREATE_TIME, CREATE_BY, LAST_UPDATE_BY, LAST_UPDATE_TIME) values ('579edba3-3469-46f7-86d8-a2f707b0fd62','fc1d2854-32f5-478e-9fc6-35d0afacc2f6','text','seven
eight
nine
ten',{ts '2015-12-03 18:11:14.050'},null,null,{ts '2015-12-03 18:31:51.056'});
insert into METL_COMPONENT_SETTING (ID, COMPONENT_ID, NAME, VALUE, CREATE_TIME, CREATE_BY, LAST_UPDATE_BY, LAST_UPDATE_TIME) values ('59b32f19-1c9c-4e17-a660-01ef9f9aaddf','8c6282c0-3460-4df4-bad1-b915b8529c4a','text','F_ABL_123
F_ABL_456
F_XYZ_321',{ts '2015-12-04 07:03:26.209'},null,null,{ts '2015-12-04 08:47:09.705'});
insert into METL_COMPONENT_SETTING (ID, COMPONENT_ID, NAME, VALUE, CREATE_TIME, CREATE_BY, LAST_UPDATE_BY, LAST_UPDATE_TIME) values ('5b7e5b09-953c-4a1a-b070-b224dc7c6eef','cfe5dce1-8ff7-4657-9441-732817cae8fc','split.on.line.feed','true',{ts '2015-12-04 07:45:51.954'},null,null,{ts '2015-12-07 14:12:13.054'});
insert into METL_COMPONENT_SETTING (ID, COMPONENT_ID, NAME, VALUE, CREATE_TIME, CREATE_BY, LAST_UPDATE_BY, LAST_UPDATE_TIME) values ('62083234-f17e-4f7f-ad63-ab2f626bb82e','d94d3ab5-737b-435b-8fa3-c02234c38a97','split.on.line.feed','true',{ts '2015-12-04 08:45:42.529'},null,null,{ts '2015-12-07 14:11:47.759'});
insert into METL_COMPONENT_SETTING (ID, COMPONENT_ID, NAME, VALUE, CREATE_TIME, CREATE_BY, LAST_UPDATE_BY, LAST_UPDATE_TIME) values ('621c6fc3-7240-4952-adc9-1eafb253524c','54344501-3085-4627-8b7e-f212515ca799','logInput','true',{ts '2015-12-07 10:29:38.639'},null,null,{ts '2015-12-07 14:11:47.768'});
insert into METL_COMPONENT_SETTING (ID, COMPONENT_ID, NAME, VALUE, CREATE_TIME, CREATE_BY, LAST_UPDATE_BY, LAST_UPDATE_TIME) values ('62ac3475-3301-4199-a481-9918cb1eae29','5cec80b3-9361-44ef-8a4d-7aec6a76ebdb','config','[{"matchExpression":"text != null && text.indexOf(''SPEQ'') >= 0","targetStepId":"ccd39883-deca-4e00-b6a4-0bf37e9d3d2d"},{"matchExpression":"text != null && text.indexOf(''ABL'') >= 0","targetStepId":"c016f665-8728-462d-b429-ea1c03388a52"}]',{ts '2015-12-03 18:33:57.314'},null,null,{ts '2015-12-07 14:12:13.055'});
insert into METL_COMPONENT_SETTING (ID, COMPONENT_ID, NAME, VALUE, CREATE_TIME, CREATE_BY, LAST_UPDATE_BY, LAST_UPDATE_TIME) values ('640fed4f-70db-4dee-9b17-bbdc78b0df26','56095a87-eaed-43c8-a8dc-cb26e0b65c1a','expected.control.messages.count','1',{ts '2015-12-03 18:35:53.126'},null,null,{ts '2015-12-07 10:09:54.209'});
insert into METL_COMPONENT_SETTING (ID, COMPONENT_ID, NAME, VALUE, CREATE_TIME, CREATE_BY, LAST_UPDATE_BY, LAST_UPDATE_TIME) values ('648563df-7582-4971-a11a-da9edb89c22d','2494dfd9-71e4-4522-af36-d6ad2e7ca45b','gate.control.source.step','a4340e86-e82c-4f6b-add2-b9edfd03e4f9',{ts '2015-12-03 18:11:46.856'},null,null,{ts '2015-12-03 18:19:13.807'});
insert into METL_COMPONENT_SETTING (ID, COMPONENT_ID, NAME, VALUE, CREATE_TIME, CREATE_BY, LAST_UPDATE_BY, LAST_UPDATE_TIME) values ('66ac6b7c-31af-4868-a5f1-7a4de19f373d','94d70fd1-56c4-4003-8820-962c352744ec','text.line.terminator','\r\n',{ts '2015-12-04 08:44:25.955'},null,null,{ts '2015-12-04 08:53:06.777'});
insert into METL_COMPONENT_SETTING (ID, COMPONENT_ID, NAME, VALUE, CREATE_TIME, CREATE_BY, LAST_UPDATE_BY, LAST_UPDATE_TIME) values ('6dc973a4-b9d5-4e43-a3c5-1cda6ee3bf62','5cec80b3-9361-44ef-8a4d-7aec6a76ebdb','logOutput','true',{ts '2015-12-04 07:33:23.181'},null,null,{ts '2015-12-07 14:12:13.055'});
insert into METL_COMPONENT_SETTING (ID, COMPONENT_ID, NAME, VALUE, CREATE_TIME, CREATE_BY, LAST_UPDATE_BY, LAST_UPDATE_TIME) values ('70bcdde9-cfec-412f-a890-e1ea5535cd93','f795dc98-19f5-4fd7-bfb6-90038708700f','handle.msg.script','if (inputMessage instanceof TextMessage) {
    holder.addAll(inputMessage.getPayload())
} else if (inputMessage instanceof ControlMessage) {
    def expected = [''seven'',''eight'',''nine'',''ten'']
    for (int i = 0; i < expected.size(); i++) {
        if (!expected[i].equals(holder[i])) {
            throw new AssertException("Expected ${expected} and received ${holder}.  The mismatch was ${expected[i]} and ${holder[i]}")    
        }
    }
}',{ts '2015-12-03 18:13:06.401'},null,null,{ts '2015-12-03 18:31:22.321'});
insert into METL_COMPONENT_SETTING (ID, COMPONENT_ID, NAME, VALUE, CREATE_TIME, CREATE_BY, LAST_UPDATE_BY, LAST_UPDATE_TIME) values ('721d5c51-f59a-4d01-ba12-2cf23679ce2d','bbd81683-0a43-476d-964d-c59703e2e388','logInput','true',{ts '2015-12-07 10:29:43.343'},null,null,{ts '2015-12-07 14:12:13.064'});
insert into METL_COMPONENT_SETTING (ID, COMPONENT_ID, NAME, VALUE, CREATE_TIME, CREATE_BY, LAST_UPDATE_BY, LAST_UPDATE_TIME) values ('765dce23-dacf-4de1-a079-21014365b80b','0aeae7bb-938a-4200-ad74-854ffc86a4c4','lookup.data.source.step','1f70b4bf-2e96-4f4f-a2c0-3d5ef6cef5ed',{ts '2015-12-07 10:24:28.516'},null,null,{ts '2015-12-07 14:15:39.182'});
insert into METL_COMPONENT_SETTING (ID, COMPONENT_ID, NAME, VALUE, CREATE_TIME, CREATE_BY, LAST_UPDATE_BY, LAST_UPDATE_TIME) values ('778ec48c-5f3a-48db-997c-801f309983f6','4ec8a48d-c005-4072-9426-9d22a22ee63f','logInput','true',{ts '2015-12-03 18:51:11.487'},null,null,{ts '2015-12-07 14:12:13.058'});
insert into METL_COMPONENT_SETTING (ID, COMPONENT_ID, NAME, VALUE, CREATE_TIME, CREATE_BY, LAST_UPDATE_BY, LAST_UPDATE_TIME) values ('78139a83-48bf-450d-a369-23073086959a','804784f7-4f56-474d-93c6-ee493f4da1ba','run.when','PER MESSAGE',{ts '2015-12-04 08:45:48.016'},null,null,{ts '2015-12-07 10:09:57.873'});
insert into METL_COMPONENT_SETTING (ID, COMPONENT_ID, NAME, VALUE, CREATE_TIME, CREATE_BY, LAST_UPDATE_BY, LAST_UPDATE_TIME) values ('7d509fa4-d5fd-468f-81ae-9acd69ad8720','fc1d2854-32f5-478e-9fc6-35d0afacc2f6','split.on.line.feed','true',{ts '2015-12-03 18:11:29.275'},null,null,{ts '2015-12-03 18:12:59.094'});
insert into METL_COMPONENT_SETTING (ID, COMPONENT_ID, NAME, VALUE, CREATE_TIME, CREATE_BY, LAST_UPDATE_BY, LAST_UPDATE_TIME) values ('7fedfc9d-b44e-4c0d-8655-651c098a5e72','bbd81683-0a43-476d-964d-c59703e2e388','replacement.key.attribute','3e77144b-edbc-41a4-b9b8-aa64a56c517c',{ts '2015-12-07 10:24:34.369'},null,null,{ts '2015-12-07 14:12:13.065'});
insert into METL_COMPONENT_SETTING (ID, COMPONENT_ID, NAME, VALUE, CREATE_TIME, CREATE_BY, LAST_UPDATE_BY, LAST_UPDATE_TIME) values ('81e688dd-f0f4-4703-920f-2997f1c68a68','0aeae7bb-938a-4200-ad74-854ffc86a4c4','replacement.value.attribute','ee95608e-b430-4611-a939-ec2fb0e01a9c',{ts '2015-12-07 10:24:42.184'},null,null,{ts '2015-12-07 14:11:47.765'});
insert into METL_COMPONENT_SETTING (ID, COMPONENT_ID, NAME, VALUE, CREATE_TIME, CREATE_BY, LAST_UPDATE_BY, LAST_UPDATE_TIME) values ('86a9c816-ae1d-4703-9e18-ade353c60722','0aeae7bb-938a-4200-ad74-854ffc86a4c4','lookup.key.attribute','3e77144b-edbc-41a4-b9b8-aa64a56c517c',{ts '2015-12-07 10:24:32.354'},null,null,{ts '2015-12-07 14:11:47.764'});
insert into METL_COMPONENT_SETTING (ID, COMPONENT_ID, NAME, VALUE, CREATE_TIME, CREATE_BY, LAST_UPDATE_BY, LAST_UPDATE_TIME) values ('8c27343a-b3a8-430d-a62f-41a4c4f25b89','7cbf70a3-13f9-4a49-b46d-e7e9bdac14ac','config','[{"matchExpression":"text != null && text.indexOf(''SPEQ'') >= 0","targetStepId":"e8971c68-6c8c-432d-b243-bff6c267b46b"},{"matchExpression":"text != null && text.indexOf(''ABL'') >= 0","targetStepId":"fece6445-2209-431c-bcc8-e1a3a691fa39"}]',{ts '2015-12-03 18:33:57.314'},null,null,{ts '2015-12-07 14:20:21.632'});
insert into METL_COMPONENT_SETTING (ID, COMPONENT_ID, NAME, VALUE, CREATE_TIME, CREATE_BY, LAST_UPDATE_BY, LAST_UPDATE_TIME) values ('8eaf239d-b037-4b41-a98d-d38a0a21547f','0ffeadf2-10e9-4aee-9142-10e95c5f6463','gate.control.source.step','ae4eb11f-cccf-4f12-ba5c-77403addc572',{ts '2015-12-03 18:35:23.470'},null,null,{ts '2015-12-07 10:09:51.592'});
insert into METL_COMPONENT_SETTING (ID, COMPONENT_ID, NAME, VALUE, CREATE_TIME, CREATE_BY, LAST_UPDATE_BY, LAST_UPDATE_TIME) values ('8ed1175d-a9f0-401b-bd3a-2735eaf3e1f5','b794a08f-8e96-430a-93a5-20c90335f0ea','gate.control.source.step','b74af658-4cbe-42b2-8a28-9642278f442d',{ts '2015-12-03 18:35:23.470'},null,null,{ts '2015-12-07 14:16:30.947'});
insert into METL_COMPONENT_SETTING (ID, COMPONENT_ID, NAME, VALUE, CREATE_TIME, CREATE_BY, LAST_UPDATE_BY, LAST_UPDATE_TIME) values ('9fb6324f-cfd5-4b08-928a-8aec3196d4d8','804784f7-4f56-474d-93c6-ee493f4da1ba','split.on.line.feed','true',{ts '2015-12-04 08:45:42.529'},null,null,{ts '2015-12-07 10:09:57.873'});
insert into METL_COMPONENT_SETTING (ID, COMPONENT_ID, NAME, VALUE, CREATE_TIME, CREATE_BY, LAST_UPDATE_BY, LAST_UPDATE_TIME) values ('a42343a1-2c49-4f5d-aa24-348cc7e06e89','491f28e1-3617-4883-a65d-b3130e07ad25','logInput','true',{ts '2015-12-07 10:29:38.639'},null,null,{ts '2015-12-07 14:12:13.067'});
insert into METL_COMPONENT_SETTING (ID, COMPONENT_ID, NAME, VALUE, CREATE_TIME, CREATE_BY, LAST_UPDATE_BY, LAST_UPDATE_TIME) values ('a76ab634-5621-474d-b4e3-4755b4553e5f','655bd932-afe4-4a21-9273-c3afb4bdfa89','logInput','true',{ts '2015-12-04 07:33:22.575'},null,null,{ts '2015-12-04 08:50:46.926'});
insert into METL_COMPONENT_SETTING (ID, COMPONENT_ID, NAME, VALUE, CREATE_TIME, CREATE_BY, LAST_UPDATE_BY, LAST_UPDATE_TIME) values ('a87b9ed3-3b47-49f8-9371-3a785f0d0e4a','0aeae7bb-938a-4200-ad74-854ffc86a4c4','logOutput','true',{ts '2015-12-07 10:29:42.094'},null,null,{ts '2015-12-07 14:11:47.765'});
insert into METL_COMPONENT_SETTING (ID, COMPONENT_ID, NAME, VALUE, CREATE_TIME, CREATE_BY, LAST_UPDATE_BY, LAST_UPDATE_TIME) values ('aec67e78-2a84-4403-a2d6-77656ec83ff8','0ffeadf2-10e9-4aee-9142-10e95c5f6463','logInput','true',{ts '2015-12-03 18:51:11.487'},null,null,{ts '2015-12-07 10:09:44.480'});
insert into METL_COMPONENT_SETTING (ID, COMPONENT_ID, NAME, VALUE, CREATE_TIME, CREATE_BY, LAST_UPDATE_BY, LAST_UPDATE_TIME) values ('aee7e94d-df97-448c-943c-175d8d32f9b0','7cbf70a3-13f9-4a49-b46d-e7e9bdac14ac','logInput','true',{ts '2015-12-04 07:33:22.575'},null,null,{ts '2015-12-07 14:11:47.754'});
insert into METL_COMPONENT_SETTING (ID, COMPONENT_ID, NAME, VALUE, CREATE_TIME, CREATE_BY, LAST_UPDATE_BY, LAST_UPDATE_TIME) values ('b449fb9e-11bb-4ba1-8877-c97db36e9aaa','b794a08f-8e96-430a-93a5-20c90335f0ea','logOutput','true',{ts '2015-12-07 10:29:30.805'},null,null,{ts '2015-12-07 14:15:01.719'});
insert into METL_COMPONENT_SETTING (ID, COMPONENT_ID, NAME, VALUE, CREATE_TIME, CREATE_BY, LAST_UPDATE_BY, LAST_UPDATE_TIME) values ('b54a834c-fddc-41d7-b2f8-3841db9df292','4ec8a48d-c005-4072-9426-9d22a22ee63f','gate.control.source.step','b75ae674-c4a6-4aeb-95cd-ddf95d965c53',{ts '2015-12-03 18:35:23.470'},null,null,{ts '2015-12-07 14:12:13.057'});
insert into METL_COMPONENT_SETTING (ID, COMPONENT_ID, NAME, VALUE, CREATE_TIME, CREATE_BY, LAST_UPDATE_BY, LAST_UPDATE_TIME) values ('c1c6fae3-e037-46e8-84fa-5ad51671ad9e','0f3fb1d4-ccc6-4617-87dd-565651abfd6a','split.on.line.feed','true',{ts '2015-12-03 18:11:34.572'},null,null,{ts '2015-12-03 18:12:59.090'});
insert into METL_COMPONENT_SETTING (ID, COMPONENT_ID, NAME, VALUE, CREATE_TIME, CREATE_BY, LAST_UPDATE_BY, LAST_UPDATE_TIME) values ('c3d9c934-7686-4cb0-be0b-cce90c4814ad','f795dc98-19f5-4fd7-bfb6-90038708700f','init.script','',{ts '2015-12-03 18:13:15.062'},null,null,{ts '2015-12-03 18:13:34.735'});
insert into METL_COMPONENT_SETTING (ID, COMPONENT_ID, NAME, VALUE, CREATE_TIME, CREATE_BY, LAST_UPDATE_BY, LAST_UPDATE_TIME) values ('c47146e4-9876-4520-9d54-9d421cc51628','ecbacbe5-0c70-4403-831f-4b8c8f8de70d','split.on.line.feed','true',{ts '2015-12-04 07:45:51.954'},null,null,{ts '2015-12-07 14:11:47.752'});
insert into METL_COMPONENT_SETTING (ID, COMPONENT_ID, NAME, VALUE, CREATE_TIME, CREATE_BY, LAST_UPDATE_BY, LAST_UPDATE_TIME) values ('c83d8391-ab6d-472b-84b2-21505afbe783','7cbf70a3-13f9-4a49-b46d-e7e9bdac14ac','logOutput','true',{ts '2015-12-04 07:33:23.181'},null,null,{ts '2015-12-07 14:11:47.754'});
insert into METL_COMPONENT_SETTING (ID, COMPONENT_ID, NAME, VALUE, CREATE_TIME, CREATE_BY, LAST_UPDATE_BY, LAST_UPDATE_TIME) values ('c8425843-da58-4feb-aa6f-077da7f4b1e5','5cec80b3-9361-44ef-8a4d-7aec6a76ebdb','logInput','true',{ts '2015-12-04 07:33:22.575'},null,null,{ts '2015-12-07 14:12:13.055'});
insert into METL_COMPONENT_SETTING (ID, COMPONENT_ID, NAME, VALUE, CREATE_TIME, CREATE_BY, LAST_UPDATE_BY, LAST_UPDATE_TIME) values ('ccb7173f-962b-4e3e-817f-3b62d7e66eb1','56095a87-eaed-43c8-a8dc-cb26e0b65c1a','expected.text.messages.count','3',{ts '2015-12-03 18:35:50.759'},null,null,{ts '2015-12-07 10:09:54.209'});
insert into METL_COMPONENT_SETTING (ID, COMPONENT_ID, NAME, VALUE, CREATE_TIME, CREATE_BY, LAST_UPDATE_BY, LAST_UPDATE_TIME) values ('cfb2dea6-7aaa-4dc4-a903-be7ec6ebd6b8','4ec8a48d-c005-4072-9426-9d22a22ee63f','force.gate.open','true',{ts '2015-12-03 18:48:30.882'},null,null,{ts '2015-12-07 14:12:13.057'});
insert into METL_COMPONENT_SETTING (ID, COMPONENT_ID, NAME, VALUE, CREATE_TIME, CREATE_BY, LAST_UPDATE_BY, LAST_UPDATE_TIME) values ('d25d2555-e6ba-4276-9c46-16104883ffc4','89e7ec22-3386-4162-b362-5b1df37fc76c','text','one
two
three',{ts '2015-12-03 18:33:35.691'},null,null,{ts '2015-12-07 10:09:24.552'});
insert into METL_COMPONENT_SETTING (ID, COMPONENT_ID, NAME, VALUE, CREATE_TIME, CREATE_BY, LAST_UPDATE_BY, LAST_UPDATE_TIME) values ('d2dff06b-828d-48d5-abf3-1a064e4b2829','bbd81683-0a43-476d-964d-c59703e2e388','logOutput','true',{ts '2015-12-07 10:29:42.094'},null,null,{ts '2015-12-07 14:12:13.064'});
insert into METL_COMPONENT_SETTING (ID, COMPONENT_ID, NAME, VALUE, CREATE_TIME, CREATE_BY, LAST_UPDATE_BY, LAST_UPDATE_TIME) values ('d2fe359f-ba67-4067-ac4e-249b396f176e','aebe415e-64de-4377-ace2-4030188fb79c','expected.text.messages.count','4',{ts '2015-12-03 18:12:53.013'},null,null,{ts '2015-12-03 18:32:14.600'});
insert into METL_COMPONENT_SETTING (ID, COMPONENT_ID, NAME, VALUE, CREATE_TIME, CREATE_BY, LAST_UPDATE_BY, LAST_UPDATE_TIME) values ('d4c351a8-df58-4457-8ca5-ef3cc8287d09','0f3fb1d4-ccc6-4617-87dd-565651abfd6a','text','one
two
three
four
five
six',{ts '2015-12-03 18:10:59.401'},null,null,{ts '2015-12-03 18:12:59.090'});
insert into METL_COMPONENT_SETTING (ID, COMPONENT_ID, NAME, VALUE, CREATE_TIME, CREATE_BY, LAST_UPDATE_BY, LAST_UPDATE_TIME) values ('d8a11e21-55c2-4ba7-93c5-226655a62675','bbd81683-0a43-476d-964d-c59703e2e388','lookup.value.attribute','ee95608e-b430-4611-a939-ec2fb0e01a9c',{ts '2015-12-07 10:24:39.969'},null,null,{ts '2015-12-07 14:12:13.063'});
insert into METL_COMPONENT_SETTING (ID, COMPONENT_ID, NAME, VALUE, CREATE_TIME, CREATE_BY, LAST_UPDATE_BY, LAST_UPDATE_TIME) values ('d8d97cba-e3e0-4459-bb31-90214f1fbdec','b794a08f-8e96-430a-93a5-20c90335f0ea','logInput','true',{ts '2015-12-03 18:51:11.487'},null,null,{ts '2015-12-07 14:15:01.718'});
insert into METL_COMPONENT_SETTING (ID, COMPONENT_ID, NAME, VALUE, CREATE_TIME, CREATE_BY, LAST_UPDATE_BY, LAST_UPDATE_TIME) values ('d9828c02-3e21-4822-a48f-e9eba2f5dc56','89e7ec22-3386-4162-b362-5b1df37fc76c','rows.per.message','1',{ts '2015-12-03 18:33:43.290'},null,null,{ts '2015-12-07 10:09:24.552'});
insert into METL_COMPONENT_SETTING (ID, COMPONENT_ID, NAME, VALUE, CREATE_TIME, CREATE_BY, LAST_UPDATE_BY, LAST_UPDATE_TIME) values ('db4b2ca8-3fe3-4726-92b7-54253c9a4b3a','4ec8a48d-c005-4072-9426-9d22a22ee63f','logOutput','true',{ts '2015-12-07 10:29:30.805'},null,null,{ts '2015-12-07 14:12:13.057'});
insert into METL_COMPONENT_SETTING (ID, COMPONENT_ID, NAME, VALUE, CREATE_TIME, CREATE_BY, LAST_UPDATE_BY, LAST_UPDATE_TIME) values ('dd6bac1a-401f-471b-96d0-888a4ad3fb6a','fc1d2854-32f5-478e-9fc6-35d0afacc2f6','rows.per.message','1',{ts '2015-12-03 18:11:31.472'},null,null,{ts '2015-12-03 18:12:59.094'});
insert into METL_COMPONENT_SETTING (ID, COMPONENT_ID, NAME, VALUE, CREATE_TIME, CREATE_BY, LAST_UPDATE_BY, LAST_UPDATE_TIME) values ('e15c523e-2631-47be-9249-b03512bf24a9','663bf2a1-11f9-4045-a474-88da2a920f05','logInput','true',{ts '2015-12-07 10:29:35.206'},null,null,{ts '2015-12-07 14:12:13.059'});
insert into METL_COMPONENT_SETTING (ID, COMPONENT_ID, NAME, VALUE, CREATE_TIME, CREATE_BY, LAST_UPDATE_BY, LAST_UPDATE_TIME) values ('e1c09bd2-0730-4c4f-8758-ad32ed3eb9f7','0aeae7bb-938a-4200-ad74-854ffc86a4c4','logInput','true',{ts '2015-12-07 10:29:43.343'},null,null,{ts '2015-12-07 14:11:47.764'});
insert into METL_COMPONENT_SETTING (ID, COMPONENT_ID, NAME, VALUE, CREATE_TIME, CREATE_BY, LAST_UPDATE_BY, LAST_UPDATE_TIME) values ('e296ade8-93d6-4356-bc25-dee70cae4767','bbd81683-0a43-476d-964d-c59703e2e388','lookup.data.source.step','f3166b14-d2ed-4a0c-8618-bc864ef5cd5c',{ts '2015-12-07 10:24:28.516'},null,null,{ts '2015-12-07 14:12:17.716'});
insert into METL_COMPONENT_SETTING (ID, COMPONENT_ID, NAME, VALUE, CREATE_TIME, CREATE_BY, LAST_UPDATE_BY, LAST_UPDATE_TIME) values ('e53e133a-331a-4efb-98b8-d19f7640069f','cfe5dce1-8ff7-4657-9441-732817cae8fc','text','F_ABL_111
F_ABL_222
F_XYZ_333
F_ABL_444
F_XYZ_555',{ts '2015-12-04 07:03:26.209'},null,null,{ts '2015-12-07 14:12:13.053'});
insert into METL_COMPONENT_SETTING (ID, COMPONENT_ID, NAME, VALUE, CREATE_TIME, CREATE_BY, LAST_UPDATE_BY, LAST_UPDATE_TIME) values ('e8c7f439-1377-4caf-ab63-44ffff45d95b','94d70fd1-56c4-4003-8820-962c352744ec','get.file.name.from.message','true',{ts '2015-12-04 08:44:32.173'},null,null,{ts '2015-12-04 08:53:06.778'});
insert into METL_COMPONENT_SETTING (ID, COMPONENT_ID, NAME, VALUE, CREATE_TIME, CREATE_BY, LAST_UPDATE_BY, LAST_UPDATE_TIME) values ('eec4a7c6-a02e-44a4-82d1-45a886956123','804784f7-4f56-474d-93c6-ee493f4da1ba','text','A.txt
B.txt
C.txt',{ts '2015-12-04 08:45:38.650'},null,null,{ts '2015-12-07 10:09:57.873'});
insert into METL_COMPONENT_SETTING (ID, COMPONENT_ID, NAME, VALUE, CREATE_TIME, CREATE_BY, LAST_UPDATE_BY, LAST_UPDATE_TIME) values ('f22a207b-8688-4223-81b0-f9a734edc49b','491f28e1-3617-4883-a65d-b3130e07ad25','logOutput','true',{ts '2015-12-07 10:29:39.455'},null,null,{ts '2015-12-07 14:12:13.066'});
insert into METL_COMPONENT_SETTING (ID, COMPONENT_ID, NAME, VALUE, CREATE_TIME, CREATE_BY, LAST_UPDATE_BY, LAST_UPDATE_TIME) values ('f5e475cb-0751-42d3-8ac6-99d350cc7455','bbd81683-0a43-476d-964d-c59703e2e388','lookup.key.attribute','3e77144b-edbc-41a4-b9b8-aa64a56c517c',{ts '2015-12-07 10:24:32.354'},null,null,{ts '2015-12-07 14:12:13.064'});
insert into METL_COMPONENT_SETTING (ID, COMPONENT_ID, NAME, VALUE, CREATE_TIME, CREATE_BY, LAST_UPDATE_BY, LAST_UPDATE_TIME) values ('fe73c57e-a475-4ac1-90f9-f3a8df4d8b9e','d121ef3e-b63a-402c-9a74-b2911cb072e0','text','1,n,n,A Value1
2,n,n,B Value1
3,n,n,C Value1
4,n,n,D Value1',{ts '2015-12-07 10:19:24.858'},null,null,{ts '2015-12-07 14:11:47.757'});
insert into METL_COMPONENT_SETTING (ID, COMPONENT_ID, NAME, VALUE, CREATE_TIME, CREATE_BY, LAST_UPDATE_BY, LAST_UPDATE_TIME) values ('ff04466d-dbdc-4384-9b0f-3857657c9157','ecbacbe5-0c70-4403-831f-4b8c8f8de70d','text','F_ABL_111
F_ABL_222
F_XYZ_333
F_ABL_444
F_XYZ_555',{ts '2015-12-04 07:03:26.209'},null,null,{ts '2015-12-07 14:11:47.751'});
insert into METL_FLOW (ID, ROW_ID, PROJECT_VERSION_ID, DELETED, TEST, NAME, FOLDER_ID, CREATE_TIME, CREATE_BY, LAST_UPDATE_BY, LAST_UPDATE_TIME) values ('41f39e0c-2e80-4352-aac5-d106c2f7562a','99da7d38-ccba-4e3f-a4d2-ab0d18dc81c9','72cfca72-be9b-4d70-98c1-248692c42820',0,1,'Test Normal Gate',null,{ts '2015-12-03 18:00:43.444'},null,null,{ts '2015-12-03 18:12:59.089'});
insert into METL_FLOW (ID, ROW_ID, PROJECT_VERSION_ID, DELETED, TEST, NAME, FOLDER_ID, CREATE_TIME, CREATE_BY, LAST_UPDATE_BY, LAST_UPDATE_TIME) values ('74bc1013-356b-4578-80d6-0f0976f7d2e6','7ddf56fa-1279-4c5c-b6e4-06ed0be5763a','72cfca72-be9b-4d70-98c1-248692c42820',0,1,'Test Gate That Doesn''t Have Any Source Messages',null,{ts '2015-12-03 18:32:22.445'},null,null,{ts '2015-12-04 08:45:36.499'});
insert into METL_FLOW (ID, ROW_ID, PROJECT_VERSION_ID, DELETED, TEST, NAME, FOLDER_ID, CREATE_TIME, CREATE_BY, LAST_UPDATE_BY, LAST_UPDATE_TIME) values ('85c36f37-aa03-4b99-9e36-2718af0e8d58','63222a16-0f28-446b-836f-2cad9a9360ed','72cfca72-be9b-4d70-98c1-248692c42820',0,1,'Test Gate with Lookup with Delay That Doesn''t Have Any Source Messages',null,{ts '2015-12-07 14:11:47.782'},null,null,{ts '2015-12-07 14:12:06.222'});
insert into METL_FLOW (ID, ROW_ID, PROJECT_VERSION_ID, DELETED, TEST, NAME, FOLDER_ID, CREATE_TIME, CREATE_BY, LAST_UPDATE_BY, LAST_UPDATE_TIME) values ('a624d149-2b5a-4f3c-a964-648d719beabd','db133fcf-aa7a-4814-befc-845153c0870c','72cfca72-be9b-4d70-98c1-248692c42820',0,1,'Test Gate with Lookup That Doesn''t Have Any Source Messages',null,{ts '2015-12-07 10:10:27.168'},null,null,{ts '2015-12-07 14:12:13.052'});
insert into METL_FLOW_STEP (ID, FLOW_ID, COMPONENT_ID, X, Y, APPROXIMATE_ORDER, CREATE_TIME, CREATE_BY, LAST_UPDATE_BY, LAST_UPDATE_TIME) values ('140de05e-140f-4eb8-b144-bf4c152f961f','85c36f37-aa03-4b99-9e36-2718af0e8d58','d121ef3e-b63a-402c-9a74-b2911cb072e0',230,350,9,{ts '2015-12-07 10:18:48.635'},null,null,{ts '2015-12-07 14:11:47.758'});
insert into METL_FLOW_STEP (ID, FLOW_ID, COMPONENT_ID, X, Y, APPROXIMATE_ORDER, CREATE_TIME, CREATE_BY, LAST_UPDATE_BY, LAST_UPDATE_TIME) values ('1f70b4bf-2e96-4f4f-a2c0-3d5ef6cef5ed','85c36f37-aa03-4b99-9e36-2718af0e8d58','8c4a8b77-e34c-4c4f-b4b3-a878d96c8cd0',370,350,10,{ts '2015-12-07 13:45:49.170'},null,null,{ts '2015-12-07 14:11:47.762'});
insert into METL_FLOW_STEP (ID, FLOW_ID, COMPONENT_ID, X, Y, APPROXIMATE_ORDER, CREATE_TIME, CREATE_BY, LAST_UPDATE_BY, LAST_UPDATE_TIME) values ('292fa686-9a7a-40c3-aed3-934c50838d78','a624d149-2b5a-4f3c-a964-648d719beabd','bbd81683-0a43-476d-964d-c59703e2e388',560,290,11,{ts '2015-12-07 10:20:09.099'},null,null,{ts '2015-12-07 14:12:13.066'});
insert into METL_FLOW_STEP (ID, FLOW_ID, COMPONENT_ID, X, Y, APPROXIMATE_ORDER, CREATE_TIME, CREATE_BY, LAST_UPDATE_BY, LAST_UPDATE_TIME) values ('2f6c4aae-1662-498e-9cb0-6441722eba67','41f39e0c-2e80-4352-aac5-d106c2f7562a','2494dfd9-71e4-4522-af36-d6ad2e7ca45b',330,90,5,{ts '2015-12-03 18:01:02.642'},null,null,{ts '2015-12-03 18:12:59.091'});
insert into METL_FLOW_STEP (ID, FLOW_ID, COMPONENT_ID, X, Y, APPROXIMATE_ORDER, CREATE_TIME, CREATE_BY, LAST_UPDATE_BY, LAST_UPDATE_TIME) values ('3d212f4f-b369-4b8e-a85c-82939e449cf1','85c36f37-aa03-4b99-9e36-2718af0e8d58','0aeae7bb-938a-4200-ad74-854ffc86a4c4',560,290,5,{ts '2015-12-07 10:20:09.099'},null,null,{ts '2015-12-07 14:11:47.766'});
insert into METL_FLOW_STEP (ID, FLOW_ID, COMPONENT_ID, X, Y, APPROXIMATE_ORDER, CREATE_TIME, CREATE_BY, LAST_UPDATE_BY, LAST_UPDATE_TIME) values ('41934b9f-7c82-4a8a-ad7e-b65510b0db99','85c36f37-aa03-4b99-9e36-2718af0e8d58','7cbf70a3-13f9-4a49-b46d-e7e9bdac14ac',200,90,1,{ts '2015-12-03 18:32:50.547'},null,null,{ts '2015-12-07 14:11:47.756'});
insert into METL_FLOW_STEP (ID, FLOW_ID, COMPONENT_ID, X, Y, APPROXIMATE_ORDER, CREATE_TIME, CREATE_BY, LAST_UPDATE_BY, LAST_UPDATE_TIME) values ('4c4cf63d-b8e1-4262-a3f7-ef2d023ca2f3','74bc1013-356b-4578-80d6-0f0976f7d2e6','8c6282c0-3460-4df4-bad1-b915b8529c4a',40,90,4,{ts '2015-12-04 07:03:03.819'},null,null,{ts '2015-12-04 08:45:36.504'});
insert into METL_FLOW_STEP (ID, FLOW_ID, COMPONENT_ID, X, Y, APPROXIMATE_ORDER, CREATE_TIME, CREATE_BY, LAST_UPDATE_BY, LAST_UPDATE_TIME) values ('60f5ec21-6884-442b-b20a-01de42cb66ff','a624d149-2b5a-4f3c-a964-648d719beabd','5cec80b3-9361-44ef-8a4d-7aec6a76ebdb',200,90,1,{ts '2015-12-03 18:32:50.547'},null,null,{ts '2015-12-07 14:12:13.056'});
insert into METL_FLOW_STEP (ID, FLOW_ID, COMPONENT_ID, X, Y, APPROXIMATE_ORDER, CREATE_TIME, CREATE_BY, LAST_UPDATE_BY, LAST_UPDATE_TIME) values ('6ede3a46-7804-4164-a241-d52223f8130c','74bc1013-356b-4578-80d6-0f0976f7d2e6','49426c44-af34-4259-977f-6123edaea2d4',390,20,6,{ts '2015-12-03 18:33:26.808'},null,null,{ts '2015-12-04 08:45:36.500'});
insert into METL_FLOW_STEP (ID, FLOW_ID, COMPONENT_ID, X, Y, APPROXIMATE_ORDER, CREATE_TIME, CREATE_BY, LAST_UPDATE_BY, LAST_UPDATE_TIME) values ('73a256fb-90ea-4b6e-81df-55d67fef9b28','74bc1013-356b-4578-80d6-0f0976f7d2e6','56095a87-eaed-43c8-a8dc-cb26e0b65c1a',1150,90,9,{ts '2015-12-03 18:35:42.675'},null,null,{ts '2015-12-07 10:09:54.209'});
insert into METL_FLOW_STEP (ID, FLOW_ID, COMPONENT_ID, X, Y, APPROXIMATE_ORDER, CREATE_TIME, CREATE_BY, LAST_UPDATE_BY, LAST_UPDATE_TIME) values ('7b1feefc-fc2d-4ba9-a183-110652f7fe80','85c36f37-aa03-4b99-9e36-2718af0e8d58','ecbacbe5-0c70-4403-831f-4b8c8f8de70d',40,90,0,{ts '2015-12-04 07:03:03.819'},null,null,{ts '2015-12-07 14:11:47.752'});
insert into METL_FLOW_STEP (ID, FLOW_ID, COMPONENT_ID, X, Y, APPROXIMATE_ORDER, CREATE_TIME, CREATE_BY, LAST_UPDATE_BY, LAST_UPDATE_TIME) values ('855b09b7-e1e2-4e2c-bdb1-e28d4f64a1c9','74bc1013-356b-4578-80d6-0f0976f7d2e6','804784f7-4f56-474d-93c6-ee493f4da1ba',540,20,3,{ts '2015-12-04 08:45:31.855'},null,null,{ts '2015-12-07 10:09:57.873'});
insert into METL_FLOW_STEP (ID, FLOW_ID, COMPONENT_ID, X, Y, APPROXIMATE_ORDER, CREATE_TIME, CREATE_BY, LAST_UPDATE_BY, LAST_UPDATE_TIME) values ('90b518eb-22c1-4e27-99cd-317e9b853c6a','74bc1013-356b-4578-80d6-0f0976f7d2e6','655bd932-afe4-4a21-9273-c3afb4bdfa89',200,90,1,{ts '2015-12-03 18:32:50.547'},null,null,{ts '2015-12-04 08:50:46.926'});
insert into METL_FLOW_STEP (ID, FLOW_ID, COMPONENT_ID, X, Y, APPROXIMATE_ORDER, CREATE_TIME, CREATE_BY, LAST_UPDATE_BY, LAST_UPDATE_TIME) values ('94ab5096-a1b2-4d1d-b908-3fd2d541bdb4','74bc1013-356b-4578-80d6-0f0976f7d2e6','89e7ec22-3386-4162-b362-5b1df37fc76c',540,160,7,{ts '2015-12-03 18:33:09.504'},null,null,{ts '2015-12-07 10:09:24.552'});
insert into METL_FLOW_STEP (ID, FLOW_ID, COMPONENT_ID, X, Y, APPROXIMATE_ORDER, CREATE_TIME, CREATE_BY, LAST_UPDATE_BY, LAST_UPDATE_TIME) values ('97b52f2d-f9dc-4c14-8d0a-a9dc10684876','41f39e0c-2e80-4352-aac5-d106c2f7562a','fc1d2854-32f5-478e-9fc6-35d0afacc2f6',60,160,4,{ts '2015-12-03 18:10:30.102'},null,null,{ts '2015-12-03 18:12:59.094'});
insert into METL_FLOW_STEP (ID, FLOW_ID, COMPONENT_ID, X, Y, APPROXIMATE_ORDER, CREATE_TIME, CREATE_BY, LAST_UPDATE_BY, LAST_UPDATE_TIME) values ('9b9edc54-3471-432b-a0dd-89a6569eff7f','85c36f37-aa03-4b99-9e36-2718af0e8d58','ec05dc68-ed37-49c7-97c1-1d91d540d23a',1150,90,8,{ts '2015-12-03 18:35:42.675'},null,null,{ts '2015-12-07 14:11:47.775'});
insert into METL_FLOW_STEP (ID, FLOW_ID, COMPONENT_ID, X, Y, APPROXIMATE_ORDER, CREATE_TIME, CREATE_BY, LAST_UPDATE_BY, LAST_UPDATE_TIME) values ('a4340e86-e82c-4f6b-add2-b9edfd03e4f9','41f39e0c-2e80-4352-aac5-d106c2f7562a','0f3fb1d4-ccc6-4617-87dd-565651abfd6a',60,30,0,{ts '2015-12-03 18:10:17.243'},null,null,{ts '2015-12-03 18:12:59.090'});
insert into METL_FLOW_STEP (ID, FLOW_ID, COMPONENT_ID, X, Y, APPROXIMATE_ORDER, CREATE_TIME, CREATE_BY, LAST_UPDATE_BY, LAST_UPDATE_TIME) values ('ae4eb11f-cccf-4f12-ba5c-77403addc572','74bc1013-356b-4578-80d6-0f0976f7d2e6','94d70fd1-56c4-4003-8820-962c352744ec',700,20,4,{ts '2015-12-04 08:44:07.190'},null,null,{ts '2015-12-04 08:52:55.244'});
insert into METL_FLOW_STEP (ID, FLOW_ID, COMPONENT_ID, X, Y, APPROXIMATE_ORDER, CREATE_TIME, CREATE_BY, LAST_UPDATE_BY, LAST_UPDATE_TIME) values ('b4c052f0-06e3-4297-a461-2638a0a7e624','74bc1013-356b-4578-80d6-0f0976f7d2e6','0ffeadf2-10e9-4aee-9142-10e95c5f6463',1020,90,8,{ts '2015-12-03 18:35:05.121'},null,null,{ts '2015-12-07 10:09:44.483'});
insert into METL_FLOW_STEP (ID, FLOW_ID, COMPONENT_ID, X, Y, APPROXIMATE_ORDER, CREATE_TIME, CREATE_BY, LAST_UPDATE_BY, LAST_UPDATE_TIME) values ('b74af658-4cbe-42b2-8a28-9642278f442d','85c36f37-aa03-4b99-9e36-2718af0e8d58','54344501-3085-4627-8b7e-f212515ca799',740,290,6,{ts '2015-12-07 10:28:50.403'},null,null,{ts '2015-12-07 14:11:47.769'});
insert into METL_FLOW_STEP (ID, FLOW_ID, COMPONENT_ID, X, Y, APPROXIMATE_ORDER, CREATE_TIME, CREATE_BY, LAST_UPDATE_BY, LAST_UPDATE_TIME) values ('b75ae674-c4a6-4aeb-95cd-ddf95d965c53','a624d149-2b5a-4f3c-a964-648d719beabd','491f28e1-3617-4883-a65d-b3130e07ad25',740,290,12,{ts '2015-12-07 10:28:50.403'},null,null,{ts '2015-12-07 14:12:13.067'});
insert into METL_FLOW_STEP (ID, FLOW_ID, COMPONENT_ID, X, Y, APPROXIMATE_ORDER, CREATE_TIME, CREATE_BY, LAST_UPDATE_BY, LAST_UPDATE_TIME) values ('c016f665-8728-462d-b429-ea1c03388a52','a624d149-2b5a-4f3c-a964-648d719beabd','4ec8a48d-c005-4072-9426-9d22a22ee63f',1020,90,13,{ts '2015-12-03 18:35:05.121'},null,null,{ts '2015-12-07 14:12:13.058'});
insert into METL_FLOW_STEP (ID, FLOW_ID, COMPONENT_ID, X, Y, APPROXIMATE_ORDER, CREATE_TIME, CREATE_BY, LAST_UPDATE_BY, LAST_UPDATE_TIME) values ('ccd39883-deca-4e00-b6a4-0bf37e9d3d2d','a624d149-2b5a-4f3c-a964-648d719beabd','d1ae85a7-dc2e-4d15-8ec2-c6fd8542b1f4',370,220,4,{ts '2015-12-04 08:45:31.855'},null,null,{ts '2015-12-07 14:12:13.062'});
insert into METL_FLOW_STEP (ID, FLOW_ID, COMPONENT_ID, X, Y, APPROXIMATE_ORDER, CREATE_TIME, CREATE_BY, LAST_UPDATE_BY, LAST_UPDATE_TIME) values ('e8971c68-6c8c-432d-b243-bff6c267b46b','85c36f37-aa03-4b99-9e36-2718af0e8d58','d94d3ab5-737b-435b-8fa3-c02234c38a97',370,220,4,{ts '2015-12-04 08:45:31.855'},null,null,{ts '2015-12-07 14:11:47.760'});
insert into METL_FLOW_STEP (ID, FLOW_ID, COMPONENT_ID, X, Y, APPROXIMATE_ORDER, CREATE_TIME, CREATE_BY, LAST_UPDATE_BY, LAST_UPDATE_TIME) values ('eb1bc34a-96d0-4964-9fe9-3027603cdfab','a624d149-2b5a-4f3c-a964-648d719beabd','cfe5dce1-8ff7-4657-9441-732817cae8fc',40,90,0,{ts '2015-12-04 07:03:03.819'},null,null,{ts '2015-12-07 14:12:13.054'});
insert into METL_FLOW_STEP (ID, FLOW_ID, COMPONENT_ID, X, Y, APPROXIMATE_ORDER, CREATE_TIME, CREATE_BY, LAST_UPDATE_BY, LAST_UPDATE_TIME) values ('ecbb08f0-c8de-4132-af96-c5b30adfb706','41f39e0c-2e80-4352-aac5-d106c2f7562a','f795dc98-19f5-4fd7-bfb6-90038708700f',620,90,3,{ts '2015-12-03 18:12:23.423'},null,null,{ts '2015-12-03 18:12:59.091'});
insert into METL_FLOW_STEP (ID, FLOW_ID, COMPONENT_ID, X, Y, APPROXIMATE_ORDER, CREATE_TIME, CREATE_BY, LAST_UPDATE_BY, LAST_UPDATE_TIME) values ('f3166b14-d2ed-4a0c-8618-bc864ef5cd5c','a624d149-2b5a-4f3c-a964-648d719beabd','ce4ae96a-5085-41c8-b3bc-5127dd65c2a1',370,360,9,{ts '2015-12-07 10:18:48.635'},null,null,{ts '2015-12-07 14:12:22.406'});
insert into METL_FLOW_STEP (ID, FLOW_ID, COMPONENT_ID, X, Y, APPROXIMATE_ORDER, CREATE_TIME, CREATE_BY, LAST_UPDATE_BY, LAST_UPDATE_TIME) values ('f6909c5f-a443-4e7d-8671-7e77ea605814','41f39e0c-2e80-4352-aac5-d106c2f7562a','aebe415e-64de-4377-ace2-4030188fb79c',480,90,6,{ts '2015-12-03 18:12:43.877'},null,null,{ts '2015-12-03 18:32:10.914'});
insert into METL_FLOW_STEP (ID, FLOW_ID, COMPONENT_ID, X, Y, APPROXIMATE_ORDER, CREATE_TIME, CREATE_BY, LAST_UPDATE_BY, LAST_UPDATE_TIME) values ('f85af947-4497-4361-9bfe-8eef2d16dd99','a624d149-2b5a-4f3c-a964-648d719beabd','663bf2a1-11f9-4045-a474-88da2a920f05',1150,90,14,{ts '2015-12-03 18:35:42.675'},null,null,{ts '2015-12-07 14:12:13.060'});
insert into METL_FLOW_STEP (ID, FLOW_ID, COMPONENT_ID, X, Y, APPROXIMATE_ORDER, CREATE_TIME, CREATE_BY, LAST_UPDATE_BY, LAST_UPDATE_TIME) values ('fece6445-2209-431c-bcc8-e1a3a691fa39','85c36f37-aa03-4b99-9e36-2718af0e8d58','b794a08f-8e96-430a-93a5-20c90335f0ea',1020,90,13,{ts '2015-12-03 18:35:05.121'},null,null,{ts '2015-12-07 14:15:01.720'});
insert into METL_FLOW_STEP_LINK (SOURCE_STEP_ID, TARGET_STEP_ID, CREATE_TIME, CREATE_BY, LAST_UPDATE_BY, LAST_UPDATE_TIME) values ('140de05e-140f-4eb8-b144-bf4c152f961f','1f70b4bf-2e96-4f4f-a2c0-3d5ef6cef5ed',{ts '2015-12-07 13:45:53.417'},null,null,{ts '2015-12-07 14:11:47.777'});
insert into METL_FLOW_STEP_LINK (SOURCE_STEP_ID, TARGET_STEP_ID, CREATE_TIME, CREATE_BY, LAST_UPDATE_BY, LAST_UPDATE_TIME) values ('1f70b4bf-2e96-4f4f-a2c0-3d5ef6cef5ed','3d212f4f-b369-4b8e-a85c-82939e449cf1',{ts '2015-12-07 13:45:55.650'},null,null,{ts '2015-12-07 14:11:47.778'});
insert into METL_FLOW_STEP_LINK (SOURCE_STEP_ID, TARGET_STEP_ID, CREATE_TIME, CREATE_BY, LAST_UPDATE_BY, LAST_UPDATE_TIME) values ('292fa686-9a7a-40c3-aed3-934c50838d78','b75ae674-c4a6-4aeb-95cd-ddf95d965c53',{ts '2015-12-07 10:28:56.506'},null,null,{ts '2015-12-07 14:12:13.070'});
insert into METL_FLOW_STEP_LINK (SOURCE_STEP_ID, TARGET_STEP_ID, CREATE_TIME, CREATE_BY, LAST_UPDATE_BY, LAST_UPDATE_TIME) values ('2f6c4aae-1662-498e-9cb0-6441722eba67','f6909c5f-a443-4e7d-8671-7e77ea605814',{ts '2015-12-03 18:12:47.482'},null,null,{ts '2015-12-03 18:12:59.095'});
insert into METL_FLOW_STEP_LINK (SOURCE_STEP_ID, TARGET_STEP_ID, CREATE_TIME, CREATE_BY, LAST_UPDATE_BY, LAST_UPDATE_TIME) values ('3d212f4f-b369-4b8e-a85c-82939e449cf1','b74af658-4cbe-42b2-8a28-9642278f442d',{ts '2015-12-07 10:28:56.506'},null,null,{ts '2015-12-07 14:11:47.778'});
insert into METL_FLOW_STEP_LINK (SOURCE_STEP_ID, TARGET_STEP_ID, CREATE_TIME, CREATE_BY, LAST_UPDATE_BY, LAST_UPDATE_TIME) values ('41934b9f-7c82-4a8a-ad7e-b65510b0db99','e8971c68-6c8c-432d-b243-bff6c267b46b',{ts '2015-12-07 10:13:06.628'},null,null,{ts '2015-12-07 14:11:47.777'});
insert into METL_FLOW_STEP_LINK (SOURCE_STEP_ID, TARGET_STEP_ID, CREATE_TIME, CREATE_BY, LAST_UPDATE_BY, LAST_UPDATE_TIME) values ('41934b9f-7c82-4a8a-ad7e-b65510b0db99','fece6445-2209-431c-bcc8-e1a3a691fa39',{ts '2015-12-07 10:15:06.715'},null,null,{ts '2015-12-07 14:11:47.777'});
insert into METL_FLOW_STEP_LINK (SOURCE_STEP_ID, TARGET_STEP_ID, CREATE_TIME, CREATE_BY, LAST_UPDATE_BY, LAST_UPDATE_TIME) values ('4c4cf63d-b8e1-4262-a3f7-ef2d023ca2f3','90b518eb-22c1-4e27-99cd-317e9b853c6a',{ts '2015-12-04 07:03:07.682'},null,null,{ts '2015-12-04 08:45:36.509'});
insert into METL_FLOW_STEP_LINK (SOURCE_STEP_ID, TARGET_STEP_ID, CREATE_TIME, CREATE_BY, LAST_UPDATE_BY, LAST_UPDATE_TIME) values ('60f5ec21-6884-442b-b20a-01de42cb66ff','c016f665-8728-462d-b429-ea1c03388a52',{ts '2015-12-07 10:15:06.715'},null,null,{ts '2015-12-07 14:12:13.069'});
insert into METL_FLOW_STEP_LINK (SOURCE_STEP_ID, TARGET_STEP_ID, CREATE_TIME, CREATE_BY, LAST_UPDATE_BY, LAST_UPDATE_TIME) values ('60f5ec21-6884-442b-b20a-01de42cb66ff','ccd39883-deca-4e00-b6a4-0bf37e9d3d2d',{ts '2015-12-07 10:13:06.628'},null,null,{ts '2015-12-07 14:12:13.069'});
insert into METL_FLOW_STEP_LINK (SOURCE_STEP_ID, TARGET_STEP_ID, CREATE_TIME, CREATE_BY, LAST_UPDATE_BY, LAST_UPDATE_TIME) values ('6ede3a46-7804-4164-a241-d52223f8130c','855b09b7-e1e2-4e2c-bdb1-e28d4f64a1c9',{ts '2015-12-04 08:45:34.778'},null,null,{ts '2015-12-04 08:45:36.510'});
insert into METL_FLOW_STEP_LINK (SOURCE_STEP_ID, TARGET_STEP_ID, CREATE_TIME, CREATE_BY, LAST_UPDATE_BY, LAST_UPDATE_TIME) values ('7b1feefc-fc2d-4ba9-a183-110652f7fe80','41934b9f-7c82-4a8a-ad7e-b65510b0db99',{ts '2015-12-04 07:03:07.682'},null,null,{ts '2015-12-07 14:11:47.776'});
insert into METL_FLOW_STEP_LINK (SOURCE_STEP_ID, TARGET_STEP_ID, CREATE_TIME, CREATE_BY, LAST_UPDATE_BY, LAST_UPDATE_TIME) values ('855b09b7-e1e2-4e2c-bdb1-e28d4f64a1c9','ae4eb11f-cccf-4f12-ba5c-77403addc572',{ts '2015-12-04 08:45:36.499'},null,null,{ts '2015-12-04 08:45:36.511'});
insert into METL_FLOW_STEP_LINK (SOURCE_STEP_ID, TARGET_STEP_ID, CREATE_TIME, CREATE_BY, LAST_UPDATE_BY, LAST_UPDATE_TIME) values ('90b518eb-22c1-4e27-99cd-317e9b853c6a','6ede3a46-7804-4164-a241-d52223f8130c',{ts '2015-12-03 18:33:29.607'},null,null,{ts '2015-12-04 08:45:36.509'});
insert into METL_FLOW_STEP_LINK (SOURCE_STEP_ID, TARGET_STEP_ID, CREATE_TIME, CREATE_BY, LAST_UPDATE_BY, LAST_UPDATE_TIME) values ('90b518eb-22c1-4e27-99cd-317e9b853c6a','94ab5096-a1b2-4d1d-b908-3fd2d541bdb4',{ts '2015-12-03 18:33:31.079'},null,null,{ts '2015-12-04 08:45:36.510'});
insert into METL_FLOW_STEP_LINK (SOURCE_STEP_ID, TARGET_STEP_ID, CREATE_TIME, CREATE_BY, LAST_UPDATE_BY, LAST_UPDATE_TIME) values ('94ab5096-a1b2-4d1d-b908-3fd2d541bdb4','b4c052f0-06e3-4297-a461-2638a0a7e624',{ts '2015-12-03 18:35:09.436'},null,null,{ts '2015-12-04 08:45:36.510'});
insert into METL_FLOW_STEP_LINK (SOURCE_STEP_ID, TARGET_STEP_ID, CREATE_TIME, CREATE_BY, LAST_UPDATE_BY, LAST_UPDATE_TIME) values ('97b52f2d-f9dc-4c14-8d0a-a9dc10684876','2f6c4aae-1662-498e-9cb0-6441722eba67',{ts '2015-12-03 18:10:55.453'},null,null,{ts '2015-12-03 18:12:59.094'});
insert into METL_FLOW_STEP_LINK (SOURCE_STEP_ID, TARGET_STEP_ID, CREATE_TIME, CREATE_BY, LAST_UPDATE_BY, LAST_UPDATE_TIME) values ('a4340e86-e82c-4f6b-add2-b9edfd03e4f9','2f6c4aae-1662-498e-9cb0-6441722eba67',{ts '2015-12-03 18:10:53.647'},null,null,{ts '2015-12-03 18:12:59.094'});
insert into METL_FLOW_STEP_LINK (SOURCE_STEP_ID, TARGET_STEP_ID, CREATE_TIME, CREATE_BY, LAST_UPDATE_BY, LAST_UPDATE_TIME) values ('ae4eb11f-cccf-4f12-ba5c-77403addc572','b4c052f0-06e3-4297-a461-2638a0a7e624',{ts '2015-12-04 08:44:12.418'},null,null,{ts '2015-12-04 08:45:36.510'});
insert into METL_FLOW_STEP_LINK (SOURCE_STEP_ID, TARGET_STEP_ID, CREATE_TIME, CREATE_BY, LAST_UPDATE_BY, LAST_UPDATE_TIME) values ('b4c052f0-06e3-4297-a461-2638a0a7e624','73a256fb-90ea-4b6e-81df-55d67fef9b28',{ts '2015-12-03 18:48:20.320'},null,null,{ts '2015-12-04 08:45:36.510'});
insert into METL_FLOW_STEP_LINK (SOURCE_STEP_ID, TARGET_STEP_ID, CREATE_TIME, CREATE_BY, LAST_UPDATE_BY, LAST_UPDATE_TIME) values ('b74af658-4cbe-42b2-8a28-9642278f442d','fece6445-2209-431c-bcc8-e1a3a691fa39',{ts '2015-12-07 10:28:58.922'},null,null,{ts '2015-12-07 14:11:47.779'});
insert into METL_FLOW_STEP_LINK (SOURCE_STEP_ID, TARGET_STEP_ID, CREATE_TIME, CREATE_BY, LAST_UPDATE_BY, LAST_UPDATE_TIME) values ('b75ae674-c4a6-4aeb-95cd-ddf95d965c53','c016f665-8728-462d-b429-ea1c03388a52',{ts '2015-12-07 10:28:58.922'},null,null,{ts '2015-12-07 14:12:13.070'});
insert into METL_FLOW_STEP_LINK (SOURCE_STEP_ID, TARGET_STEP_ID, CREATE_TIME, CREATE_BY, LAST_UPDATE_BY, LAST_UPDATE_TIME) values ('c016f665-8728-462d-b429-ea1c03388a52','f85af947-4497-4361-9bfe-8eef2d16dd99',{ts '2015-12-03 18:48:20.320'},null,null,{ts '2015-12-07 14:12:13.071'});
insert into METL_FLOW_STEP_LINK (SOURCE_STEP_ID, TARGET_STEP_ID, CREATE_TIME, CREATE_BY, LAST_UPDATE_BY, LAST_UPDATE_TIME) values ('ccd39883-deca-4e00-b6a4-0bf37e9d3d2d','292fa686-9a7a-40c3-aed3-934c50838d78',{ts '2015-12-07 10:20:15.287'},null,null,{ts '2015-12-07 14:12:13.070'});
insert into METL_FLOW_STEP_LINK (SOURCE_STEP_ID, TARGET_STEP_ID, CREATE_TIME, CREATE_BY, LAST_UPDATE_BY, LAST_UPDATE_TIME) values ('e8971c68-6c8c-432d-b243-bff6c267b46b','3d212f4f-b369-4b8e-a85c-82939e449cf1',{ts '2015-12-07 10:20:15.287'},null,null,{ts '2015-12-07 14:11:47.778'});
insert into METL_FLOW_STEP_LINK (SOURCE_STEP_ID, TARGET_STEP_ID, CREATE_TIME, CREATE_BY, LAST_UPDATE_BY, LAST_UPDATE_TIME) values ('eb1bc34a-96d0-4964-9fe9-3027603cdfab','60f5ec21-6884-442b-b20a-01de42cb66ff',{ts '2015-12-04 07:03:07.682'},null,null,{ts '2015-12-07 14:12:13.069'});
insert into METL_FLOW_STEP_LINK (SOURCE_STEP_ID, TARGET_STEP_ID, CREATE_TIME, CREATE_BY, LAST_UPDATE_BY, LAST_UPDATE_TIME) values ('f3166b14-d2ed-4a0c-8618-bc864ef5cd5c','292fa686-9a7a-40c3-aed3-934c50838d78',{ts '2015-12-07 14:12:13.052'},null,null,{ts '2015-12-07 14:12:13.071'});
insert into METL_FLOW_STEP_LINK (SOURCE_STEP_ID, TARGET_STEP_ID, CREATE_TIME, CREATE_BY, LAST_UPDATE_BY, LAST_UPDATE_TIME) values ('f6909c5f-a443-4e7d-8671-7e77ea605814','ecbb08f0-c8de-4132-af96-c5b30adfb706',{ts '2015-12-03 18:12:59.089'},null,null,{ts '2015-12-03 18:12:59.095'});
insert into METL_FLOW_STEP_LINK (SOURCE_STEP_ID, TARGET_STEP_ID, CREATE_TIME, CREATE_BY, LAST_UPDATE_BY, LAST_UPDATE_TIME) values ('fece6445-2209-431c-bcc8-e1a3a691fa39','9b9edc54-3471-432b-a0dd-89a6569eff7f',{ts '2015-12-03 18:48:20.320'},null,null,{ts '2015-12-07 14:11:47.780'});
