DELETE FROM METL_FLOW_STEP_LINK WHERE SOURCE_STEP_ID IN (SELECT ID FROM METL_FLOW_STEP WHERE FLOW_ID IN (SELECT ID FROM METL_FLOW WHERE PROJECT_VERSION_ID='a27e7f8c-7ef5-4684-9041-a2fa5682b366' ));
DELETE FROM METL_FLOW_STEP WHERE FLOW_ID IN (SELECT ID FROM METL_FLOW WHERE PROJECT_VERSION_ID='a27e7f8c-7ef5-4684-9041-a2fa5682b366' );
DELETE FROM METL_FLOW_PARAMETER WHERE FLOW_ID IN (SELECT ID FROM METL_FLOW WHERE PROJECT_VERSION_ID='a27e7f8c-7ef5-4684-9041-a2fa5682b366' );
DELETE FROM METL_FLOW WHERE PROJECT_VERSION_ID='a27e7f8c-7ef5-4684-9041-a2fa5682b366' ;
DELETE FROM METL_COMPONENT_ATTRIB_SETTING WHERE COMPONENT_ID IN (SELECT ID FROM METL_COMPONENT WHERE PROJECT_VERSION_ID='a27e7f8c-7ef5-4684-9041-a2fa5682b366' ) AND ATTRIBUTE_ID in (SELECT ID FROM METL_MODEL_ATTRIB WHERE ENTITY_ID IN (SELECT ID FROM METL_MODEL_ENTITY WHERE MODEL_ID IN (SELECT ID FROM METL_MODEL WHERE PROJECT_VERSION_ID='a27e7f8c-7ef5-4684-9041-a2fa5682b366' )));
DELETE FROM METL_COMPONENT_ENTITY_SETTING WHERE COMPONENT_ID IN (SELECT ID FROM METL_COMPONENT WHERE PROJECT_VERSION_ID='a27e7f8c-7ef5-4684-9041-a2fa5682b366' );
DELETE FROM METL_COMPONENT_SETTING WHERE COMPONENT_ID IN (SELECT ID FROM METL_COMPONENT WHERE PROJECT_VERSION_ID='a27e7f8c-7ef5-4684-9041-a2fa5682b366' );
DELETE FROM METL_COMPONENT WHERE PROJECT_VERSION_ID='a27e7f8c-7ef5-4684-9041-a2fa5682b366' ;
DELETE FROM METL_RESOURCE_SETTING WHERE RESOURCE_ID IN (SELECT ID FROM METL_RESOURCE WHERE PROJECT_VERSION_ID='a27e7f8c-7ef5-4684-9041-a2fa5682b366' );
DELETE FROM METL_RESOURCE WHERE PROJECT_VERSION_ID='a27e7f8c-7ef5-4684-9041-a2fa5682b366' ;
DELETE FROM METL_MODEL_ATTRIB WHERE ENTITY_ID IN (SELECT ID FROM METL_MODEL_ENTITY WHERE MODEL_ID in (SELECT ID FROM METL_MODEL WHERE PROJECT_VERSION_ID='a27e7f8c-7ef5-4684-9041-a2fa5682b366' ));
DELETE FROM METL_MODEL_ENTITY WHERE MODEL_ID in (SELECT ID FROM METL_MODEL WHERE PROJECT_VERSION_ID='a27e7f8c-7ef5-4684-9041-a2fa5682b366' );
DELETE FROM METL_MODEL WHERE PROJECT_VERSION_ID='a27e7f8c-7ef5-4684-9041-a2fa5682b366' ;
DELETE FROM METL_FOLDER WHERE PROJECT_VERSION_ID='a27e7f8c-7ef5-4684-9041-a2fa5682b366';
DELETE FROM METL_PROJECT_VERSION WHERE ID='a27e7f8c-7ef5-4684-9041-a2fa5682b366';
DELETE FROM METL_PROJECT WHERE ID='64e7dcaa-cab7-46ac-a431-abc49b4f9e3e';
insert into METL_PROJECT (ID, NAME, DESCRIPTION, DELETED, CREATE_TIME, CREATE_BY, LAST_UPDATE_BY, LAST_UPDATE_TIME) values ('64e7dcaa-cab7-46ac-a431-abc49b4f9e3e','General Flow Test','This project contains tests for Metl.  It is run during the build.',0,{ts '2015-11-16 08:41:59.956'},null,null,{ts '2015-11-29 20:37:24.457'});
insert into METL_PROJECT_VERSION (ID, VERSION_LABEL, PROJECT_ID, ORIG_VERSION_ID, DESCRIPTION, ARCHIVED, CREATE_TIME, CREATE_BY, LAST_UPDATE_BY, LAST_UPDATE_TIME) values ('a27e7f8c-7ef5-4684-9041-a2fa5682b366','1.0','64e7dcaa-cab7-46ac-a431-abc49b4f9e3e',null,null,0,{ts '2015-11-16 08:41:59.956'},null,null,{ts '2015-11-16 08:41:59.958'});
insert into METL_MODEL (ID, ROW_ID, PROJECT_VERSION_ID, DELETED, NAME, SHARED, FOLDER_ID, CREATE_TIME, CREATE_BY, LAST_UPDATE_BY, LAST_UPDATE_TIME) values ('7d66e4dd-9434-4e43-9554-6ea871352e23','047302b7-0915-43be-a78e-2f95d4602588','a27e7f8c-7ef5-4684-9041-a2fa5682b366',0,'OneColumnEntity',0,null,{ts '2015-11-16 08:43:12.021'},null,null,{ts '2015-11-16 08:45:54.094'});
insert into METL_MODEL (ID, ROW_ID, PROJECT_VERSION_ID, DELETED, NAME, SHARED, FOLDER_ID, CREATE_TIME, CREATE_BY, LAST_UPDATE_BY, LAST_UPDATE_TIME) values ('f72fa005-e58b-4adf-946a-4b206ee6cfd3','273aec0e-01d2-4c1c-ab7a-6dfa9e9fad4e','a27e7f8c-7ef5-4684-9041-a2fa5682b366',0,'TwoColumnEntity',0,null,{ts '2015-11-19 12:59:25.377'},null,null,{ts '2015-11-19 12:59:30.127'});
insert into METL_MODEL_ENTITY (ID, MODEL_ID, NAME, CREATE_TIME, CREATE_BY, LAST_UPDATE_BY, LAST_UPDATE_TIME) values ('425f003c-9249-4e93-ae85-9c8ff2ee196d','f72fa005-e58b-4adf-946a-4b206ee6cfd3','TwoColumnEntity',{ts '2015-11-19 12:59:33.890'},null,null,{ts '2015-11-19 13:00:29.935'});
insert into METL_MODEL_ENTITY (ID, MODEL_ID, NAME, CREATE_TIME, CREATE_BY, LAST_UPDATE_BY, LAST_UPDATE_TIME) values ('79d82d44-97bc-4e11-9a32-da2469fdde91','7d66e4dd-9434-4e43-9554-6ea871352e23','OneColumnEntity',{ts '2015-11-16 08:43:29.158'},null,null,{ts '2015-11-16 08:43:44.274'});
insert into METL_MODEL_ATTRIB (ID, ENTITY_ID, NAME, TYPE, TYPE_ENTITY_ID, PK, CREATE_TIME, CREATE_BY, LAST_UPDATE_BY, LAST_UPDATE_TIME) values ('281e88e6-ccdb-44b7-bad9-2c0676ef8ea4','79d82d44-97bc-4e11-9a32-da2469fdde91','Col1','VARCHAR',null,0,{ts '2015-11-16 08:43:34.318'},null,null,{ts '2015-11-16 08:43:37.613'});
insert into METL_MODEL_ATTRIB (ID, ENTITY_ID, NAME, TYPE, TYPE_ENTITY_ID, PK, CREATE_TIME, CREATE_BY, LAST_UPDATE_BY, LAST_UPDATE_TIME) values ('3057f2f1-2385-40ce-9ad6-9b3021652a5a','425f003c-9249-4e93-ae85-9c8ff2ee196d','COL1','VARCHAR',null,0,{ts '2015-11-19 12:59:41.817'},null,null,{ts '2015-11-19 13:00:08.406'});
insert into METL_MODEL_ATTRIB (ID, ENTITY_ID, NAME, TYPE, TYPE_ENTITY_ID, PK, CREATE_TIME, CREATE_BY, LAST_UPDATE_BY, LAST_UPDATE_TIME) values ('e42ca641-df40-475f-a634-bc6ea76e4caf','425f003c-9249-4e93-ae85-9c8ff2ee196d','ID','INTEGER',null,1,{ts '2015-11-19 12:59:41.370'},null,null,{ts '2015-11-19 13:00:05.016'});
insert into METL_RESOURCE (ID, ROW_ID, PROJECT_VERSION_ID, DELETED, NAME, TYPE, FOLDER_ID, CREATE_TIME, CREATE_BY, LAST_UPDATE_BY, LAST_UPDATE_TIME) values ('2c185046-1121-4b25-a5f6-1c747c6b9136','cfdb1a8b-7520-4a11-8064-01dba8c96511','a27e7f8c-7ef5-4684-9041-a2fa5682b366',0,'directory2','Local File System',null,{ts '2015-11-24 17:21:17.441'},null,null,{ts '2015-11-24 17:21:20.711'});
insert into METL_RESOURCE (ID, ROW_ID, PROJECT_VERSION_ID, DELETED, NAME, TYPE, FOLDER_ID, CREATE_TIME, CREATE_BY, LAST_UPDATE_BY, LAST_UPDATE_TIME) values ('333e4c84-63cf-4c8b-87c3-d8ab917955a8','df577961-8caf-4de8-8b96-68a0a3c40ae5','a27e7f8c-7ef5-4684-9041-a2fa5682b366',0,'directory1','Local File System',null,{ts '2015-11-22 19:09:27.085'},null,null,{ts '2015-11-24 17:21:08.464'});
insert into METL_RESOURCE (ID, ROW_ID, PROJECT_VERSION_ID, DELETED, NAME, TYPE, FOLDER_ID, CREATE_TIME, CREATE_BY, LAST_UPDATE_BY, LAST_UPDATE_TIME) values ('e15810d9-c756-4e60-a274-283991cf510c','dd7fb3a7-4ab1-4334-b795-1e6514697b53','a27e7f8c-7ef5-4684-9041-a2fa5682b366',0,'database','Database',null,{ts '2015-11-19 12:57:48.887'},null,null,{ts '2015-11-19 12:57:51.921'});
insert into METL_RESOURCE_SETTING (RESOURCE_ID, NAME, VALUE, CREATE_TIME, CREATE_BY, LAST_UPDATE_BY, LAST_UPDATE_TIME) values ('2c185046-1121-4b25-a5f6-1c747c6b9136','localfile.path','working/directory2',{ts '2015-11-24 17:21:26.388'},null,null,{ts '2015-11-24 17:21:28.292'});
insert into METL_RESOURCE_SETTING (RESOURCE_ID, NAME, VALUE, CREATE_TIME, CREATE_BY, LAST_UPDATE_BY, LAST_UPDATE_TIME) values ('333e4c84-63cf-4c8b-87c3-d8ab917955a8','localfile.path','working/directory1',{ts '2015-11-22 19:09:46.255'},null,null,{ts '2015-11-24 17:21:01.004'});
insert into METL_COMPONENT (ID, ROW_ID, PROJECT_VERSION_ID, DELETED, NAME, TYPE, FOLDER_ID, SHARED, INPUT_MODEL_ID, OUTPUT_MODEL_ID, RESOURCE_ID, CREATE_TIME, CREATE_BY, LAST_UPDATE_BY, LAST_UPDATE_TIME) values ('117d159b-adac-40b6-aa24-18a54fe71b1e','efc0883e-c93a-40b5-94b0-5441fd4eba6b','a27e7f8c-7ef5-4684-9041-a2fa5682b366',0,'Setup','Script',null,0,null,null,'333e4c84-63cf-4c8b-87c3-d8ab917955a8',{ts '2015-11-24 12:48:58.976'},null,null,{ts '2015-11-24 17:04:16.009'});
insert into METL_COMPONENT (ID, ROW_ID, PROJECT_VERSION_ID, DELETED, NAME, TYPE, FOLDER_ID, SHARED, INPUT_MODEL_ID, OUTPUT_MODEL_ID, RESOURCE_ID, CREATE_TIME, CREATE_BY, LAST_UPDATE_BY, LAST_UPDATE_TIME) values ('150babc6-af53-4dc3-bff4-d1e6d2a613d2','2ffb7850-6855-401f-bae9-d574209345a8','a27e7f8c-7ef5-4684-9041-a2fa5682b366',0,'Assert 1','Assert',null,0,null,null,null,{ts '2015-11-30 16:28:05.132'},null,null,{ts '2015-11-30 16:28:08.403'});
insert into METL_COMPONENT (ID, ROW_ID, PROJECT_VERSION_ID, DELETED, NAME, TYPE, FOLDER_ID, SHARED, INPUT_MODEL_ID, OUTPUT_MODEL_ID, RESOURCE_ID, CREATE_TIME, CREATE_BY, LAST_UPDATE_BY, LAST_UPDATE_TIME) values ('1a5f050a-313b-43a8-b07f-f951d9fe175f','c8351396-486c-4037-9a75-a5ed07ab8162','a27e7f8c-7ef5-4684-9041-a2fa5682b366',0,'Assert 3','Assert',null,0,null,null,null,{ts '2015-11-16 08:47:39.576'},null,null,{ts '2015-11-16 09:04:56.035'});
insert into METL_COMPONENT (ID, ROW_ID, PROJECT_VERSION_ID, DELETED, NAME, TYPE, FOLDER_ID, SHARED, INPUT_MODEL_ID, OUTPUT_MODEL_ID, RESOURCE_ID, CREATE_TIME, CREATE_BY, LAST_UPDATE_BY, LAST_UPDATE_TIME) values ('1c91b1b6-7ea7-4439-93e6-8eb4a14d74ad','47f643fa-788c-45cd-b885-2c5886d7dd4b','a27e7f8c-7ef5-4684-9041-a2fa5682b366',0,'No Op 1','No Op',null,0,null,null,null,{ts '2015-11-30 16:27:32.778'},null,null,{ts '2015-11-30 19:34:03.455'});
insert into METL_COMPONENT (ID, ROW_ID, PROJECT_VERSION_ID, DELETED, NAME, TYPE, FOLDER_ID, SHARED, INPUT_MODEL_ID, OUTPUT_MODEL_ID, RESOURCE_ID, CREATE_TIME, CREATE_BY, LAST_UPDATE_BY, LAST_UPDATE_TIME) values ('21f2e3f3-f04a-4b71-a2cd-0e3104422ea4','d5b9d494-66d9-4638-8652-58a67d175e28','a27e7f8c-7ef5-4684-9041-a2fa5682b366',0,'RDBMS Writer 1','RDBMS Writer',null,0,'f72fa005-e58b-4adf-946a-4b206ee6cfd3',null,'e15810d9-c756-4e60-a274-283991cf510c',{ts '2015-11-19 13:02:08.500'},null,null,{ts '2015-11-19 13:40:46.562'});
insert into METL_COMPONENT (ID, ROW_ID, PROJECT_VERSION_ID, DELETED, NAME, TYPE, FOLDER_ID, SHARED, INPUT_MODEL_ID, OUTPUT_MODEL_ID, RESOURCE_ID, CREATE_TIME, CREATE_BY, LAST_UPDATE_BY, LAST_UPDATE_TIME) values ('28d66bda-726d-4101-90f7-67c648e665ca','730dc861-73fc-4581-a9e4-b3870ab72f0a','a27e7f8c-7ef5-4684-9041-a2fa5682b366',0,'RDBMS Reader 1','RDBMS Reader',null,0,null,'f72fa005-e58b-4adf-946a-4b206ee6cfd3','e15810d9-c756-4e60-a274-283991cf510c',{ts '2015-11-19 13:00:37.555'},null,null,{ts '2015-11-19 13:40:44.854'});
insert into METL_COMPONENT (ID, ROW_ID, PROJECT_VERSION_ID, DELETED, NAME, TYPE, FOLDER_ID, SHARED, INPUT_MODEL_ID, OUTPUT_MODEL_ID, RESOURCE_ID, CREATE_TIME, CREATE_BY, LAST_UPDATE_BY, LAST_UPDATE_TIME) values ('2b6e4bfe-efca-481a-ac64-aead548e9f28','5d1b0b31-2750-485c-8589-29247ecb8a48','a27e7f8c-7ef5-4684-9041-a2fa5682b366',0,'Parse Delimited 1','Parse Delimited',null,0,null,'7d66e4dd-9434-4e43-9554-6ea871352e23',null,{ts '2015-11-16 08:45:32.228'},null,null,{ts '2015-11-16 09:05:10.769'});
insert into METL_COMPONENT (ID, ROW_ID, PROJECT_VERSION_ID, DELETED, NAME, TYPE, FOLDER_ID, SHARED, INPUT_MODEL_ID, OUTPUT_MODEL_ID, RESOURCE_ID, CREATE_TIME, CREATE_BY, LAST_UPDATE_BY, LAST_UPDATE_TIME) values ('2b9f1e09-ad84-42c0-a7f1-5c042687ecd2','4b87b8b4-6f0a-43d2-926d-3591562018eb','a27e7f8c-7ef5-4684-9041-a2fa5682b366',0,'Assert Two Files','Assert',null,0,null,null,null,{ts '2015-11-24 16:01:42.560'},null,null,{ts '2015-11-24 16:03:11.770'});
insert into METL_COMPONENT (ID, ROW_ID, PROJECT_VERSION_ID, DELETED, NAME, TYPE, FOLDER_ID, SHARED, INPUT_MODEL_ID, OUTPUT_MODEL_ID, RESOURCE_ID, CREATE_TIME, CREATE_BY, LAST_UPDATE_BY, LAST_UPDATE_TIME) values ('2d49bbe6-2bfd-4e63-9aba-f039802b69b9','5c35861b-7346-47a4-9cd3-32069b9b1a5f','a27e7f8c-7ef5-4684-9041-a2fa5682b366',0,'Assert two files','Assert',null,0,null,null,null,{ts '2015-11-24 13:14:52.074'},null,null,{ts '2015-11-24 13:35:18.971'});
insert into METL_COMPONENT (ID, ROW_ID, PROJECT_VERSION_ID, DELETED, NAME, TYPE, FOLDER_ID, SHARED, INPUT_MODEL_ID, OUTPUT_MODEL_ID, RESOURCE_ID, CREATE_TIME, CREATE_BY, LAST_UPDATE_BY, LAST_UPDATE_TIME) values ('2d5258b8-50ca-4e2a-978d-3bd7b7937542','67dcf090-a5fc-49fa-b0cc-3689d4d25edb','a27e7f8c-7ef5-4684-9041-a2fa5682b366',0,'Text File Reader 1','Text File Reader',null,0,null,null,'333e4c84-63cf-4c8b-87c3-d8ab917955a8',{ts '2015-11-24 13:11:59.218'},null,null,{ts '2015-11-24 13:34:50.289'});
insert into METL_COMPONENT (ID, ROW_ID, PROJECT_VERSION_ID, DELETED, NAME, TYPE, FOLDER_ID, SHARED, INPUT_MODEL_ID, OUTPUT_MODEL_ID, RESOURCE_ID, CREATE_TIME, CREATE_BY, LAST_UPDATE_BY, LAST_UPDATE_TIME) values ('2f97f219-9936-4eea-8a5f-cfbc5f7a0c7e','93f11edb-af8a-40f0-83df-81096a6d5923','a27e7f8c-7ef5-4684-9041-a2fa5682b366',0,'Assert Two Control Messages','Assert',null,0,null,null,null,{ts '2015-11-24 16:03:07.217'},null,null,{ts '2015-11-24 16:03:20.985'});
insert into METL_COMPONENT (ID, ROW_ID, PROJECT_VERSION_ID, DELETED, NAME, TYPE, FOLDER_ID, SHARED, INPUT_MODEL_ID, OUTPUT_MODEL_ID, RESOURCE_ID, CREATE_TIME, CREATE_BY, LAST_UPDATE_BY, LAST_UPDATE_TIME) values ('3375321b-21e7-476e-a1f9-9b2e332e4ccb','7b9883bc-7a66-4f90-bf51-0f348311f172','a27e7f8c-7ef5-4684-9041-a2fa5682b366',0,'Sql Executor 1','Sql Executor',null,0,null,null,'e15810d9-c756-4e60-a274-283991cf510c',{ts '2015-11-19 12:57:43.946'},null,null,{ts '2015-11-19 13:20:05.442'});
insert into METL_COMPONENT (ID, ROW_ID, PROJECT_VERSION_ID, DELETED, NAME, TYPE, FOLDER_ID, SHARED, INPUT_MODEL_ID, OUTPUT_MODEL_ID, RESOURCE_ID, CREATE_TIME, CREATE_BY, LAST_UPDATE_BY, LAST_UPDATE_TIME) values ('351c36bb-eeb1-4f7b-9d4b-27a045a3bf03','d1e1f0b6-6210-4041-ae83-f137deef1ea3','a27e7f8c-7ef5-4684-9041-a2fa5682b366',0,'Assert 1','Assert',null,0,'7d66e4dd-9434-4e43-9554-6ea871352e23','7d66e4dd-9434-4e43-9554-6ea871352e23',null,{ts '2015-11-16 08:47:28.795'},null,null,{ts '2015-11-16 09:04:59.845'});
insert into METL_COMPONENT (ID, ROW_ID, PROJECT_VERSION_ID, DELETED, NAME, TYPE, FOLDER_ID, SHARED, INPUT_MODEL_ID, OUTPUT_MODEL_ID, RESOURCE_ID, CREATE_TIME, CREATE_BY, LAST_UPDATE_BY, LAST_UPDATE_TIME) values ('3cea083e-b09e-4bd6-9afa-f34e82a0f5d8','2ffb7850-6855-401f-bae9-d574209345a8','a27e7f8c-7ef5-4684-9041-a2fa5682b366',0,'Assert 1','Assert',null,0,null,null,null,{ts '2015-11-30 16:28:05.132'},null,null,{ts '2015-11-30 19:34:03.456'});
insert into METL_COMPONENT (ID, ROW_ID, PROJECT_VERSION_ID, DELETED, NAME, TYPE, FOLDER_ID, SHARED, INPUT_MODEL_ID, OUTPUT_MODEL_ID, RESOURCE_ID, CREATE_TIME, CREATE_BY, LAST_UPDATE_BY, LAST_UPDATE_TIME) values ('4f03116f-65aa-4d72-81b5-f8705c60dd85','fdb803ff-46dc-4813-9584-e0a0be120b3f','a27e7f8c-7ef5-4684-9041-a2fa5682b366',0,'Setup Test','Script',null,0,null,null,'333e4c84-63cf-4c8b-87c3-d8ab917955a8',{ts '2015-11-25 12:06:12.497'},null,null,{ts '2015-11-25 14:00:31.061'});
insert into METL_COMPONENT (ID, ROW_ID, PROJECT_VERSION_ID, DELETED, NAME, TYPE, FOLDER_ID, SHARED, INPUT_MODEL_ID, OUTPUT_MODEL_ID, RESOURCE_ID, CREATE_TIME, CREATE_BY, LAST_UPDATE_BY, LAST_UPDATE_TIME) values ('586f08f6-e8a5-4c1e-a9d3-b1b03c71be92','904a7028-6026-4cd0-8e72-e9b910a61960','a27e7f8c-7ef5-4684-9041-a2fa5682b366',0,'File Poller 2','File Poller',null,0,null,null,'2c185046-1121-4b25-a5f6-1c747c6b9136',{ts '2015-11-25 13:03:44.884'},null,null,{ts '2015-11-25 13:04:33.645'});
insert into METL_COMPONENT (ID, ROW_ID, PROJECT_VERSION_ID, DELETED, NAME, TYPE, FOLDER_ID, SHARED, INPUT_MODEL_ID, OUTPUT_MODEL_ID, RESOURCE_ID, CREATE_TIME, CREATE_BY, LAST_UPDATE_BY, LAST_UPDATE_TIME) values ('59a24b76-31be-413d-b6b7-858bb3bb763f','23d9655e-12ea-4d25-a99b-58f2b95ea738','a27e7f8c-7ef5-4684-9041-a2fa5682b366',0,'No Op 4','No Op',null,0,null,null,null,{ts '2015-11-30 19:32:41.748'},null,null,{ts '2015-11-30 19:34:03.458'});
insert into METL_COMPONENT (ID, ROW_ID, PROJECT_VERSION_ID, DELETED, NAME, TYPE, FOLDER_ID, SHARED, INPUT_MODEL_ID, OUTPUT_MODEL_ID, RESOURCE_ID, CREATE_TIME, CREATE_BY, LAST_UPDATE_BY, LAST_UPDATE_TIME) values ('62f7304a-d8a1-47af-a7cc-314665856519','f5dddd87-aa3e-4308-8bb2-091dbcfcdaa9','a27e7f8c-7ef5-4684-9041-a2fa5682b366',0,'Parse Fixed 1','Parse Fixed',null,0,null,'7d66e4dd-9434-4e43-9554-6ea871352e23',null,{ts '2015-11-16 08:45:29.852'},null,null,{ts '2015-11-16 09:05:12.459'});
insert into METL_COMPONENT (ID, ROW_ID, PROJECT_VERSION_ID, DELETED, NAME, TYPE, FOLDER_ID, SHARED, INPUT_MODEL_ID, OUTPUT_MODEL_ID, RESOURCE_ID, CREATE_TIME, CREATE_BY, LAST_UPDATE_BY, LAST_UPDATE_TIME) values ('65046c6d-ac9f-4330-b407-f18ae658d836','ba517a97-372c-4b39-a424-602f095c770b','a27e7f8c-7ef5-4684-9041-a2fa5682b366',0,'File Poller 1','File Poller',null,0,null,null,'333e4c84-63cf-4c8b-87c3-d8ab917955a8',{ts '2015-11-24 16:01:01.503'},null,null,{ts '2015-11-24 16:03:11.769'});
insert into METL_COMPONENT (ID, ROW_ID, PROJECT_VERSION_ID, DELETED, NAME, TYPE, FOLDER_ID, SHARED, INPUT_MODEL_ID, OUTPUT_MODEL_ID, RESOURCE_ID, CREATE_TIME, CREATE_BY, LAST_UPDATE_BY, LAST_UPDATE_TIME) values ('670521ca-fce4-4597-a5ba-7e75b8f093f6','c43b1d1b-d493-4126-b204-45f9c92a878c','a27e7f8c-7ef5-4684-9041-a2fa5682b366',0,'Last Unit of Work 1','Last Unit of Work',null,0,null,null,null,{ts '2015-11-30 16:27:57.342'},null,null,{ts '2015-11-30 19:34:03.456'});
insert into METL_COMPONENT (ID, ROW_ID, PROJECT_VERSION_ID, DELETED, NAME, TYPE, FOLDER_ID, SHARED, INPUT_MODEL_ID, OUTPUT_MODEL_ID, RESOURCE_ID, CREATE_TIME, CREATE_BY, LAST_UPDATE_BY, LAST_UPDATE_TIME) values ('6a75eaf1-6405-4337-ba63-793ccfd487c9','47f643fa-788c-45cd-b885-2c5886d7dd4b','a27e7f8c-7ef5-4684-9041-a2fa5682b366',0,'No Op 1','No Op',null,0,null,null,null,{ts '2015-11-30 16:27:32.778'},null,null,{ts '2015-11-30 16:28:08.402'});
insert into METL_COMPONENT (ID, ROW_ID, PROJECT_VERSION_ID, DELETED, NAME, TYPE, FOLDER_ID, SHARED, INPUT_MODEL_ID, OUTPUT_MODEL_ID, RESOURCE_ID, CREATE_TIME, CREATE_BY, LAST_UPDATE_BY, LAST_UPDATE_TIME) values ('6b837790-40e4-435e-8167-cff8f1c627f5','0d3dd08f-38f3-4c39-9093-5596cc27b116','a27e7f8c-7ef5-4684-9041-a2fa5682b366',0,'Setup Test','Script',null,0,null,null,'333e4c84-63cf-4c8b-87c3-d8ab917955a8',{ts '2015-11-24 13:09:31.060'},null,null,{ts '2015-11-24 13:34:50.287'});
insert into METL_COMPONENT (ID, ROW_ID, PROJECT_VERSION_ID, DELETED, NAME, TYPE, FOLDER_ID, SHARED, INPUT_MODEL_ID, OUTPUT_MODEL_ID, RESOURCE_ID, CREATE_TIME, CREATE_BY, LAST_UPDATE_BY, LAST_UPDATE_TIME) values ('73f3b9e1-bd00-4efd-a3f5-38dc0d4a9833','50670d06-2efd-405c-ab20-8c5fcefed011','a27e7f8c-7ef5-4684-9041-a2fa5682b366',0,'Delay 1','Delay',null,0,null,null,null,{ts '2015-11-16 09:04:51.221'},null,null,{ts '2015-11-16 09:05:19.240'});
insert into METL_COMPONENT (ID, ROW_ID, PROJECT_VERSION_ID, DELETED, NAME, TYPE, FOLDER_ID, SHARED, INPUT_MODEL_ID, OUTPUT_MODEL_ID, RESOURCE_ID, CREATE_TIME, CREATE_BY, LAST_UPDATE_BY, LAST_UPDATE_TIME) values ('7c45d416-6cd9-4184-adc6-c12088a34e37','bebb3665-26fe-41cb-b788-79cb4641e596','a27e7f8c-7ef5-4684-9041-a2fa5682b366',0,'File Poller 1','File Poller',null,0,null,null,'333e4c84-63cf-4c8b-87c3-d8ab917955a8',{ts '2015-11-25 12:06:35.340'},null,null,{ts '2015-11-25 14:00:40.268'});
insert into METL_COMPONENT (ID, ROW_ID, PROJECT_VERSION_ID, DELETED, NAME, TYPE, FOLDER_ID, SHARED, INPUT_MODEL_ID, OUTPUT_MODEL_ID, RESOURCE_ID, CREATE_TIME, CREATE_BY, LAST_UPDATE_BY, LAST_UPDATE_TIME) values ('87fd67ba-bb2d-4c07-bcf2-d9c46239c447','3e0136c0-745d-417d-ab70-d37ff299dfda','a27e7f8c-7ef5-4684-9041-a2fa5682b366',0,'No Op 2','No Op',null,0,null,null,null,{ts '2015-11-16 09:08:25.066'},null,null,{ts '2015-11-16 09:09:08.870'});
insert into METL_COMPONENT (ID, ROW_ID, PROJECT_VERSION_ID, DELETED, NAME, TYPE, FOLDER_ID, SHARED, INPUT_MODEL_ID, OUTPUT_MODEL_ID, RESOURCE_ID, CREATE_TIME, CREATE_BY, LAST_UPDATE_BY, LAST_UPDATE_TIME) values ('8c334ed5-17f2-44c9-b5d5-21a0321dd632','829fdc10-d4c0-4e62-b92e-6fea8d391974','a27e7f8c-7ef5-4684-9041-a2fa5682b366',0,'Content Router 1','Content Router',null,0,null,null,null,{ts '2015-11-30 16:27:24.329'},null,null,{ts '2015-11-30 16:28:18.459'});
insert into METL_COMPONENT (ID, ROW_ID, PROJECT_VERSION_ID, DELETED, NAME, TYPE, FOLDER_ID, SHARED, INPUT_MODEL_ID, OUTPUT_MODEL_ID, RESOURCE_ID, CREATE_TIME, CREATE_BY, LAST_UPDATE_BY, LAST_UPDATE_TIME) values ('8c878283-0041-4f56-9aa4-810c5b564dd1','0f10fdf5-0adc-48e8-ba98-a8dccb2251db','a27e7f8c-7ef5-4684-9041-a2fa5682b366',0,'File Poller 1','File Poller',null,0,null,null,'333e4c84-63cf-4c8b-87c3-d8ab917955a8',{ts '2015-11-24 13:12:01.720'},null,null,{ts '2015-11-24 13:34:50.288'});
insert into METL_COMPONENT (ID, ROW_ID, PROJECT_VERSION_ID, DELETED, NAME, TYPE, FOLDER_ID, SHARED, INPUT_MODEL_ID, OUTPUT_MODEL_ID, RESOURCE_ID, CREATE_TIME, CREATE_BY, LAST_UPDATE_BY, LAST_UPDATE_TIME) values ('91097ec1-aa64-4952-b35d-03fa31e46765','95dfe2e2-0e8b-4437-ac6f-059deefe5692','a27e7f8c-7ef5-4684-9041-a2fa5682b366',0,'Last Unit of Work 1','Last Unit of Work',null,0,'7d66e4dd-9434-4e43-9554-6ea871352e23',null,null,{ts '2015-11-16 08:46:56.784'},null,null,{ts '2015-11-16 09:04:58.284'});
insert into METL_COMPONENT (ID, ROW_ID, PROJECT_VERSION_ID, DELETED, NAME, TYPE, FOLDER_ID, SHARED, INPUT_MODEL_ID, OUTPUT_MODEL_ID, RESOURCE_ID, CREATE_TIME, CREATE_BY, LAST_UPDATE_BY, LAST_UPDATE_TIME) values ('95b6f052-fe64-4a70-b344-79ba674d9b0a','3cb052cc-19cc-4720-a522-495eb0b392b7','a27e7f8c-7ef5-4684-9041-a2fa5682b366',0,'Text File Reader 1','Text File Reader',null,0,null,null,'333e4c84-63cf-4c8b-87c3-d8ab917955a8',{ts '2015-11-25 12:06:29.590'},null,null,{ts '2015-11-25 13:04:33.643'});
insert into METL_COMPONENT (ID, ROW_ID, PROJECT_VERSION_ID, DELETED, NAME, TYPE, FOLDER_ID, SHARED, INPUT_MODEL_ID, OUTPUT_MODEL_ID, RESOURCE_ID, CREATE_TIME, CREATE_BY, LAST_UPDATE_BY, LAST_UPDATE_TIME) values ('97112038-afd5-4f6f-9821-32eb0f516c73','db77f7bf-0363-4ca5-a8c2-19ea1e0389db','a27e7f8c-7ef5-4684-9041-a2fa5682b366',0,'No Op 3','No Op',null,0,null,null,null,{ts '2015-11-30 19:32:37.095'},null,null,{ts '2015-11-30 19:34:03.458'});
insert into METL_COMPONENT (ID, ROW_ID, PROJECT_VERSION_ID, DELETED, NAME, TYPE, FOLDER_ID, SHARED, INPUT_MODEL_ID, OUTPUT_MODEL_ID, RESOURCE_ID, CREATE_TIME, CREATE_BY, LAST_UPDATE_BY, LAST_UPDATE_TIME) values ('a66a1498-e17f-43e1-af2e-9e672e1e2cc0','c43b1d1b-d493-4126-b204-45f9c92a878c','a27e7f8c-7ef5-4684-9041-a2fa5682b366',0,'Last Unit of Work 1','Last Unit of Work',null,0,null,null,null,{ts '2015-11-30 16:27:57.342'},null,null,{ts '2015-11-30 16:28:08.403'});
insert into METL_COMPONENT (ID, ROW_ID, PROJECT_VERSION_ID, DELETED, NAME, TYPE, FOLDER_ID, SHARED, INPUT_MODEL_ID, OUTPUT_MODEL_ID, RESOURCE_ID, CREATE_TIME, CREATE_BY, LAST_UPDATE_BY, LAST_UPDATE_TIME) values ('ab6cf49a-1abf-4001-8de5-68d12247a52f','829fdc10-d4c0-4e62-b92e-6fea8d391974','a27e7f8c-7ef5-4684-9041-a2fa5682b366',0,'Content Router 1','Content Router',null,0,null,null,null,{ts '2015-11-30 16:27:24.329'},null,null,{ts '2015-11-30 19:34:03.457'});
insert into METL_COMPONENT (ID, ROW_ID, PROJECT_VERSION_ID, DELETED, NAME, TYPE, FOLDER_ID, SHARED, INPUT_MODEL_ID, OUTPUT_MODEL_ID, RESOURCE_ID, CREATE_TIME, CREATE_BY, LAST_UPDATE_BY, LAST_UPDATE_TIME) values ('ab7a2111-7323-4f2d-b609-356347dc7c2e','f2103563-b706-4de2-9376-0eaeb81f7525','a27e7f8c-7ef5-4684-9041-a2fa5682b366',0,'No Op 2','No Op',null,0,null,null,null,{ts '2015-11-30 16:27:41.596'},null,null,{ts '2015-11-30 16:28:08.404'});
insert into METL_COMPONENT (ID, ROW_ID, PROJECT_VERSION_ID, DELETED, NAME, TYPE, FOLDER_ID, SHARED, INPUT_MODEL_ID, OUTPUT_MODEL_ID, RESOURCE_ID, CREATE_TIME, CREATE_BY, LAST_UPDATE_BY, LAST_UPDATE_TIME) values ('adc55964-d974-4ce7-96fb-bf1df26e22c0','c5fff9c8-761b-464a-96e1-e6ecb297e2b8','a27e7f8c-7ef5-4684-9041-a2fa5682b366',0,'Binary File Reader 1','Binary File Reader',null,0,null,null,'333e4c84-63cf-4c8b-87c3-d8ab917955a8',{ts '2015-11-24 16:02:30.311'},null,null,{ts '2015-11-24 16:03:11.770'});
insert into METL_COMPONENT (ID, ROW_ID, PROJECT_VERSION_ID, DELETED, NAME, TYPE, FOLDER_ID, SHARED, INPUT_MODEL_ID, OUTPUT_MODEL_ID, RESOURCE_ID, CREATE_TIME, CREATE_BY, LAST_UPDATE_BY, LAST_UPDATE_TIME) values ('b2bda6c3-6112-4a66-b38b-accae205bc50','db0b8266-07a4-4b00-bad1-98be7c312c6f','a27e7f8c-7ef5-4684-9041-a2fa5682b366',0,'Text File Writer 1','Text File Writer',null,0,null,null,'2c185046-1121-4b25-a5f6-1c747c6b9136',{ts '2015-11-25 12:06:56.820'},null,null,{ts '2015-11-25 13:04:33.644'});
insert into METL_COMPONENT (ID, ROW_ID, PROJECT_VERSION_ID, DELETED, NAME, TYPE, FOLDER_ID, SHARED, INPUT_MODEL_ID, OUTPUT_MODEL_ID, RESOURCE_ID, CREATE_TIME, CREATE_BY, LAST_UPDATE_BY, LAST_UPDATE_TIME) values ('b4073e92-2cfa-45e8-a447-dcfb41e9e816','761a5820-621e-4cb3-a245-c3013aee422e','a27e7f8c-7ef5-4684-9041-a2fa5682b366',0,'No Op 1','No Op',null,0,null,null,null,{ts '2015-11-16 09:08:23.338'},null,null,{ts '2015-11-16 09:09:08.870'});
insert into METL_COMPONENT (ID, ROW_ID, PROJECT_VERSION_ID, DELETED, NAME, TYPE, FOLDER_ID, SHARED, INPUT_MODEL_ID, OUTPUT_MODEL_ID, RESOURCE_ID, CREATE_TIME, CREATE_BY, LAST_UPDATE_BY, LAST_UPDATE_TIME) values ('b5136117-340f-49e3-a3e3-72d7f56d1607','3fb91408-b472-49a1-8e2e-76f16e3fe8bd','a27e7f8c-7ef5-4684-9041-a2fa5682b366',0,'Delay 1','Delay',null,0,null,null,null,{ts '2015-11-30 19:33:55.674'},null,null,{ts '2015-11-30 19:34:03.455'});
insert into METL_COMPONENT (ID, ROW_ID, PROJECT_VERSION_ID, DELETED, NAME, TYPE, FOLDER_ID, SHARED, INPUT_MODEL_ID, OUTPUT_MODEL_ID, RESOURCE_ID, CREATE_TIME, CREATE_BY, LAST_UPDATE_BY, LAST_UPDATE_TIME) values ('b6f62fb2-0fb3-40fb-bffb-642018dc267c','e0382881-ad44-4291-9d66-956491b0b6bb','a27e7f8c-7ef5-4684-9041-a2fa5682b366',0,'Assert 2','Assert',null,0,'7d66e4dd-9434-4e43-9554-6ea871352e23','7d66e4dd-9434-4e43-9554-6ea871352e23',null,{ts '2015-11-16 08:47:34.738'},null,null,{ts '2015-11-16 09:05:01.739'});
insert into METL_COMPONENT (ID, ROW_ID, PROJECT_VERSION_ID, DELETED, NAME, TYPE, FOLDER_ID, SHARED, INPUT_MODEL_ID, OUTPUT_MODEL_ID, RESOURCE_ID, CREATE_TIME, CREATE_BY, LAST_UPDATE_BY, LAST_UPDATE_TIME) values ('be20abc9-923f-4b19-ab6e-b2385524ebd3','851af274-c702-4f9d-b16b-15584abc5238','a27e7f8c-7ef5-4684-9041-a2fa5682b366',0,'Assert two control messages','Assert',null,0,null,null,null,{ts '2015-11-24 13:34:46.040'},null,null,{ts '2015-11-24 13:35:11.780'});
insert into METL_COMPONENT (ID, ROW_ID, PROJECT_VERSION_ID, DELETED, NAME, TYPE, FOLDER_ID, SHARED, INPUT_MODEL_ID, OUTPUT_MODEL_ID, RESOURCE_ID, CREATE_TIME, CREATE_BY, LAST_UPDATE_BY, LAST_UPDATE_TIME) values ('bed44be7-d081-4a66-a6e7-a38751282f53','05358e06-be08-4d8b-9ad0-ef0c0580f217','a27e7f8c-7ef5-4684-9041-a2fa5682b366',0,'Text Constant 2','Text Constant',null,0,null,null,null,{ts '2015-11-16 08:44:03.102'},null,null,{ts '2015-11-16 09:05:16.625'});
insert into METL_COMPONENT (ID, ROW_ID, PROJECT_VERSION_ID, DELETED, NAME, TYPE, FOLDER_ID, SHARED, INPUT_MODEL_ID, OUTPUT_MODEL_ID, RESOURCE_ID, CREATE_TIME, CREATE_BY, LAST_UPDATE_BY, LAST_UPDATE_TIME) values ('c33e7448-d69c-44ab-a150-d7fda0123e16','c08bf05a-6ea0-4a9f-9d87-50bcaa25a376','a27e7f8c-7ef5-4684-9041-a2fa5682b366',0,'Assert 1','Assert',null,0,null,null,null,{ts '2015-11-16 09:09:05.939'},null,null,{ts '2015-11-16 09:09:09.701'});
insert into METL_COMPONENT (ID, ROW_ID, PROJECT_VERSION_ID, DELETED, NAME, TYPE, FOLDER_ID, SHARED, INPUT_MODEL_ID, OUTPUT_MODEL_ID, RESOURCE_ID, CREATE_TIME, CREATE_BY, LAST_UPDATE_BY, LAST_UPDATE_TIME) values ('cfbdf8b6-29ba-442f-9e46-2ff85afa09d6','39332651-ef64-49f5-b2a5-e807f6ca5a68','a27e7f8c-7ef5-4684-9041-a2fa5682b366',0,'No Op 3','No Op',null,0,null,null,null,{ts '2015-11-16 09:08:27.106'},null,null,{ts '2015-11-16 09:09:08.871'});
insert into METL_COMPONENT (ID, ROW_ID, PROJECT_VERSION_ID, DELETED, NAME, TYPE, FOLDER_ID, SHARED, INPUT_MODEL_ID, OUTPUT_MODEL_ID, RESOURCE_ID, CREATE_TIME, CREATE_BY, LAST_UPDATE_BY, LAST_UPDATE_TIME) values ('d5795929-3c9d-46c9-ae70-e889c6f03982','cbd51461-fa1a-47a6-b4d8-35656cf8a3a5','a27e7f8c-7ef5-4684-9041-a2fa5682b366',0,'No Op 4','No Op',null,0,null,null,null,{ts '2015-11-16 09:08:30.713'},null,null,{ts '2015-11-16 09:09:08.871'});
insert into METL_COMPONENT (ID, ROW_ID, PROJECT_VERSION_ID, DELETED, NAME, TYPE, FOLDER_ID, SHARED, INPUT_MODEL_ID, OUTPUT_MODEL_ID, RESOURCE_ID, CREATE_TIME, CREATE_BY, LAST_UPDATE_BY, LAST_UPDATE_TIME) values ('e10655a4-2d11-49b9-b97c-329c1f1deee0','5384b964-8796-4e21-ac49-fd18516691c3','a27e7f8c-7ef5-4684-9041-a2fa5682b366',0,'Setup Test','Script',null,0,null,null,'333e4c84-63cf-4c8b-87c3-d8ab917955a8',{ts '2015-11-24 16:00:07.099'},null,null,{ts '2015-11-24 16:03:11.768'});
insert into METL_COMPONENT (ID, ROW_ID, PROJECT_VERSION_ID, DELETED, NAME, TYPE, FOLDER_ID, SHARED, INPUT_MODEL_ID, OUTPUT_MODEL_ID, RESOURCE_ID, CREATE_TIME, CREATE_BY, LAST_UPDATE_BY, LAST_UPDATE_TIME) values ('e18234af-121f-4e88-b69c-e34012a7aea3','f2103563-b706-4de2-9376-0eaeb81f7525','a27e7f8c-7ef5-4684-9041-a2fa5682b366',0,'No Op 2','No Op',null,0,null,null,null,{ts '2015-11-30 16:27:41.596'},null,null,{ts '2015-11-30 19:34:03.457'});
insert into METL_COMPONENT (ID, ROW_ID, PROJECT_VERSION_ID, DELETED, NAME, TYPE, FOLDER_ID, SHARED, INPUT_MODEL_ID, OUTPUT_MODEL_ID, RESOURCE_ID, CREATE_TIME, CREATE_BY, LAST_UPDATE_BY, LAST_UPDATE_TIME) values ('e3146316-0f99-4959-9037-c2525f098b7a','04e43674-6b1e-4629-af05-2a59b9d2cc46','a27e7f8c-7ef5-4684-9041-a2fa5682b366',0,'Assert 1','Assert',null,0,null,null,null,{ts '2015-11-25 13:04:21.207'},null,null,{ts '2015-11-25 13:04:33.646'});
insert into METL_COMPONENT (ID, ROW_ID, PROJECT_VERSION_ID, DELETED, NAME, TYPE, FOLDER_ID, SHARED, INPUT_MODEL_ID, OUTPUT_MODEL_ID, RESOURCE_ID, CREATE_TIME, CREATE_BY, LAST_UPDATE_BY, LAST_UPDATE_TIME) values ('e77a0561-9f96-495c-a577-68720023991c','6e94c4a7-104c-4bd5-9bf4-a5f4f228a6b4','a27e7f8c-7ef5-4684-9041-a2fa5682b366',0,'Assert 1','Assert',null,0,null,null,null,{ts '2015-11-19 13:20:01.215'},null,null,{ts '2015-11-19 13:40:47.755'});
insert into METL_COMPONENT (ID, ROW_ID, PROJECT_VERSION_ID, DELETED, NAME, TYPE, FOLDER_ID, SHARED, INPUT_MODEL_ID, OUTPUT_MODEL_ID, RESOURCE_ID, CREATE_TIME, CREATE_BY, LAST_UPDATE_BY, LAST_UPDATE_TIME) values ('f33f62f0-459f-44de-81d5-2050c5b36a5a','41c36554-a31e-402d-b59b-24d9f4681ada','a27e7f8c-7ef5-4684-9041-a2fa5682b366',0,'Text Constant 1','Text Constant',null,0,null,null,null,{ts '2015-11-16 08:44:00.426'},null,null,{ts '2015-11-16 09:05:14.065'});
insert into METL_COMPONENT_SETTING (ID, COMPONENT_ID, NAME, VALUE, CREATE_TIME, CREATE_BY, LAST_UPDATE_BY, LAST_UPDATE_TIME) values ('014ff185-2809-4a92-826b-dd4802b622c9','b2bda6c3-6112-4a66-b38b-accae205bc50','filename.property','source.file.path',{ts '2015-11-25 12:10:12.716'},null,null,{ts '2015-11-25 13:04:33.644'});
insert into METL_COMPONENT_SETTING (ID, COMPONENT_ID, NAME, VALUE, CREATE_TIME, CREATE_BY, LAST_UPDATE_BY, LAST_UPDATE_TIME) values ('057c616c-d58a-4701-af28-64ec49e77ba7','28d66bda-726d-4101-90f7-67c648e665ca','run.when','PER MESSAGE',{ts '2015-11-19 13:01:45.503'},null,null,{ts '2015-11-19 13:40:44.856'});
insert into METL_COMPONENT_SETTING (ID, COMPONENT_ID, NAME, VALUE, CREATE_TIME, CREATE_BY, LAST_UPDATE_BY, LAST_UPDATE_TIME) values ('069d6be9-f9ab-46eb-b1fb-d2273c7b2a3b','e77a0561-9f96-495c-a577-68720023991c','sql.datasource','e15810d9-c756-4e60-a274-283991cf510c',{ts '2015-11-19 13:39:45.377'},null,null,{ts '2015-11-19 13:40:47.755'});
insert into METL_COMPONENT_SETTING (ID, COMPONENT_ID, NAME, VALUE, CREATE_TIME, CREATE_BY, LAST_UPDATE_BY, LAST_UPDATE_TIME) values ('0a94dc86-642e-404a-bf00-9e06c4b81746','95b6f052-fe64-4a70-b344-79ba674d9b0a','get.file.name.from.message','true',{ts '2015-11-25 12:08:41.056'},null,null,{ts '2015-11-25 13:04:33.643'});
insert into METL_COMPONENT_SETTING (ID, COMPONENT_ID, NAME, VALUE, CREATE_TIME, CREATE_BY, LAST_UPDATE_BY, LAST_UPDATE_TIME) values ('0be6997c-8c67-42bf-9ed5-60f665bb84cc','2f97f219-9936-4eea-8a5f-cfbc5f7a0c7e','expected.control.messages.count','2',{ts '2015-11-24 16:03:37.501'},null,null,{ts '2015-11-24 16:03:37.501'});
insert into METL_COMPONENT_SETTING (ID, COMPONENT_ID, NAME, VALUE, CREATE_TIME, CREATE_BY, LAST_UPDATE_BY, LAST_UPDATE_TIME) values ('0e020fa5-d4ab-48ba-9fb1-4e881b034266','6b837790-40e4-435e-8167-cff8f1c627f5','handle.msg.script','File workingDir = new File("working/directory1")
File inboxDir = new File(workingDir, "inbox")
inboxDir.delete()
inboxDir.mkdirs()
writeStringToFile(new File(inboxDir, "a.txt"), "this is the first file")
writeStringToFile(new File(inboxDir, "b.txt"), "this is the second file")',{ts '2015-11-24 13:10:08.269'},null,null,{ts '2015-11-24 17:21:41.074'});
insert into METL_COMPONENT_SETTING (ID, COMPONENT_ID, NAME, VALUE, CREATE_TIME, CREATE_BY, LAST_UPDATE_BY, LAST_UPDATE_TIME) values ('10080dee-de17-4929-8ecb-d03d5a862a21','65046c6d-ac9f-4330-b407-f18ae658d836','cancel.on.no.files','false',{ts '2015-11-24 17:50:34.490'},null,null,{ts '2015-11-24 17:50:34.490'});
insert into METL_COMPONENT_SETTING (ID, COMPONENT_ID, NAME, VALUE, CREATE_TIME, CREATE_BY, LAST_UPDATE_BY, LAST_UPDATE_TIME) values ('114d85f0-6128-43ab-9a2b-7ca0146cc325','2d49bbe6-2bfd-4e63-9aba-f039802b69b9','expected.text.messages.count','2',{ts '2015-11-24 13:16:00.285'},null,null,{ts '2015-11-24 13:35:18.972'});
insert into METL_COMPONENT_SETTING (ID, COMPONENT_ID, NAME, VALUE, CREATE_TIME, CREATE_BY, LAST_UPDATE_BY, LAST_UPDATE_TIME) values ('1320b929-2289-46a6-b5fe-f98f3c7fe7aa','e10655a4-2d11-49b9-b97c-329c1f1deee0','run.when','PER UNIT OF WORK',{ts '2015-11-24 16:00:36.619'},null,null,{ts '2015-11-24 16:03:11.768'});
insert into METL_COMPONENT_SETTING (ID, COMPONENT_ID, NAME, VALUE, CREATE_TIME, CREATE_BY, LAST_UPDATE_BY, LAST_UPDATE_TIME) values ('137bb103-6179-4ec8-a5a3-b0f106f14eec','4f03116f-65aa-4d72-81b5-f8705c60dd85','run.when','PER UNIT OF WORK',{ts '2015-11-25 12:13:00.736'},null,null,{ts '2015-11-25 14:00:31.062'});
insert into METL_COMPONENT_SETTING (ID, COMPONENT_ID, NAME, VALUE, CREATE_TIME, CREATE_BY, LAST_UPDATE_BY, LAST_UPDATE_TIME) values ('21192feb-0fa0-435f-810f-231d31f5a0ce','2d5258b8-50ca-4e2a-978d-3bd7b7937542','run.when','PER MESSAGE',{ts '2015-11-24 13:12:10.120'},null,null,{ts '2015-11-24 13:34:50.289'});
insert into METL_COMPONENT_SETTING (ID, COMPONENT_ID, NAME, VALUE, CREATE_TIME, CREATE_BY, LAST_UPDATE_BY, LAST_UPDATE_TIME) values ('21b68ecb-c7b9-478f-a750-e8560c579787','c33e7448-d69c-44ab-a150-d7fda0123e16','expected.control.messages.count','1',{ts '2015-11-19 13:54:49.876'},null,null,{ts '2015-11-19 13:54:49.876'});
insert into METL_COMPONENT_SETTING (ID, COMPONENT_ID, NAME, VALUE, CREATE_TIME, CREATE_BY, LAST_UPDATE_BY, LAST_UPDATE_TIME) values ('270dba05-b0c2-4619-9fab-6ab6bfcbcc55','4f03116f-65aa-4d72-81b5-f8705c60dd85','handle.msg.script','File workingDir = new File("working/directory1")
File inboxDir = new File(workingDir, "inbox")
inboxDir.delete()
inboxDir.mkdirs()
writeStringToFile(new File(inboxDir, "a.txt"), "this is the first file")
writeStringToFile(new File(inboxDir, "b.txt"), "this is the second file")',{ts '2015-11-25 12:07:34.332'},null,null,{ts '2015-11-25 14:00:31.062'});
insert into METL_COMPONENT_SETTING (ID, COMPONENT_ID, NAME, VALUE, CREATE_TIME, CREATE_BY, LAST_UPDATE_BY, LAST_UPDATE_TIME) values ('287ffe49-4094-4601-b66b-5ec8094a0df1','f33f62f0-459f-44de-81d5-2050c5b36a5a','split.on.line.feed','true',{ts '2015-11-16 08:44:53.189'},null,null,{ts '2015-11-16 09:05:14.066'});
insert into METL_COMPONENT_SETTING (ID, COMPONENT_ID, NAME, VALUE, CREATE_TIME, CREATE_BY, LAST_UPDATE_BY, LAST_UPDATE_TIME) values ('2bffec6a-c014-4afa-89e3-803c4309e8a4','3375321b-21e7-476e-a1f9-9b2e332e4ccb','sql','drop table if exists source;
create table source (id integer primary key, col1 text);
drop table if exists twocolumnentity;
create table twocolumnentity (id integer primary key, col1 text);

insert into source values(1,''test'');
insert into source values(2,''test'');

',{ts '2015-11-19 12:59:15.942'},null,null,{ts '2015-11-19 13:20:05.443'});
insert into METL_COMPONENT_SETTING (ID, COMPONENT_ID, NAME, VALUE, CREATE_TIME, CREATE_BY, LAST_UPDATE_BY, LAST_UPDATE_TIME) values ('30630ab5-002b-4c27-9ddb-5cbd5bd185a2','351c36bb-eeb1-4f7b-9d4b-27a045a3bf03','expected.entity.messages.count','1',{ts '2015-11-19 13:55:47.986'},null,null,{ts '2015-11-19 13:55:47.986'});
insert into METL_COMPONENT_SETTING (ID, COMPONENT_ID, NAME, VALUE, CREATE_TIME, CREATE_BY, LAST_UPDATE_BY, LAST_UPDATE_TIME) values ('3101aaae-c1f8-4bb1-b888-40786b6a29ff','95b6f052-fe64-4a70-b344-79ba674d9b0a','logOutput','true',{ts '2015-11-25 12:10:49.395'},null,null,{ts '2015-11-25 13:04:33.643'});
insert into METL_COMPONENT_SETTING (ID, COMPONENT_ID, NAME, VALUE, CREATE_TIME, CREATE_BY, LAST_UPDATE_BY, LAST_UPDATE_TIME) values ('322ceecd-2a48-4c7c-b891-89649050f429','adc55964-d974-4ce7-96fb-bf1df26e22c0','run.when','PER MESSAGE',{ts '2015-11-24 16:02:49.116'},null,null,{ts '2015-11-24 16:03:11.771'});
insert into METL_COMPONENT_SETTING (ID, COMPONENT_ID, NAME, VALUE, CREATE_TIME, CREATE_BY, LAST_UPDATE_BY, LAST_UPDATE_TIME) values ('3410c870-e861-4dec-b6ff-90790997e937','28d66bda-726d-4101-90f7-67c648e665ca','rows.per.message','1',{ts '2015-11-19 13:01:56.012'},null,null,{ts '2015-11-19 13:40:44.855'});
insert into METL_COMPONENT_SETTING (ID, COMPONENT_ID, NAME, VALUE, CREATE_TIME, CREATE_BY, LAST_UPDATE_BY, LAST_UPDATE_TIME) values ('39543f79-d970-488e-802d-c676e43a4d63','2b9f1e09-ad84-42c0-a7f1-5c042687ecd2','expected.text.messages.count','2',{ts '2015-11-24 16:01:55.461'},null,null,{ts '2015-11-24 16:03:11.770'});
insert into METL_COMPONENT_SETTING (ID, COMPONENT_ID, NAME, VALUE, CREATE_TIME, CREATE_BY, LAST_UPDATE_BY, LAST_UPDATE_TIME) values ('3d8ec9df-921f-46ea-94e8-4e9b32ff5cbb','8c334ed5-17f2-44c9-b5d5-21a0321dd632','config','[{"matchExpression":"1==1","targetStepId":"68a7ed00-e245-4e7b-9e32-75d3686d628f"},{"matchExpression":"1==0","targetStepId":"56ded9a8-6726-48e4-9f6e-f7ba5a7a1b8f"}]',{ts '2015-11-30 16:28:24.932'},null,null,{ts '2015-11-30 16:28:48.170'});
insert into METL_COMPONENT_SETTING (ID, COMPONENT_ID, NAME, VALUE, CREATE_TIME, CREATE_BY, LAST_UPDATE_BY, LAST_UPDATE_TIME) values ('3dc084a0-deef-4fa2-bcc6-41cbc9a74b6e','e77a0561-9f96-495c-a577-68720023991c','sql','select count(*) from twocolumnentity',{ts '2015-11-19 13:39:49.025'},null,null,{ts '2015-11-19 13:40:47.756'});
insert into METL_COMPONENT_SETTING (ID, COMPONENT_ID, NAME, VALUE, CREATE_TIME, CREATE_BY, LAST_UPDATE_BY, LAST_UPDATE_TIME) values ('4328ed3e-ab73-4501-9696-735309b9178e','be20abc9-923f-4b19-ab6e-b2385524ebd3','expected.text.messages.count','2',{ts '2015-11-24 13:38:25.860'},null,null,{ts '2015-11-24 13:38:25.860'});
insert into METL_COMPONENT_SETTING (ID, COMPONENT_ID, NAME, VALUE, CREATE_TIME, CREATE_BY, LAST_UPDATE_BY, LAST_UPDATE_TIME) values ('43483d57-196f-4b63-941f-a3fa272acd08','6b837790-40e4-435e-8167-cff8f1c627f5','run.when','PER UNIT OF WORK',{ts '2015-11-24 13:37:43.586'},null,null,{ts '2015-11-24 13:37:43.586'});
insert into METL_COMPONENT_SETTING (ID, COMPONENT_ID, NAME, VALUE, CREATE_TIME, CREATE_BY, LAST_UPDATE_BY, LAST_UPDATE_TIME) values ('4d72a063-3bf0-47a1-876a-76a40d7be08c','28d66bda-726d-4101-90f7-67c648e665ca','sql','select id /* TwoColumnEntity.ID */, col1 /* TwoColumnEntity.COL1 */ from source',{ts '2015-11-19 13:00:57.564'},null,null,{ts '2015-11-19 13:40:44.855'});
insert into METL_COMPONENT_SETTING (ID, COMPONENT_ID, NAME, VALUE, CREATE_TIME, CREATE_BY, LAST_UPDATE_BY, LAST_UPDATE_TIME) values ('4e022b59-2d79-4c22-acd9-7febd0ab92d1','150babc6-af53-4dc3-bff4-d1e6d2a613d2','expected.control.messages.count','1',{ts '2015-11-30 16:28:13.778'},null,null,{ts '2015-11-30 16:28:13.778'});
insert into METL_COMPONENT_SETTING (ID, COMPONENT_ID, NAME, VALUE, CREATE_TIME, CREATE_BY, LAST_UPDATE_BY, LAST_UPDATE_TIME) values ('5087395c-17bd-4cc2-8066-cbef522014b5','2d5258b8-50ca-4e2a-978d-3bd7b7937542','control.message.on.eof','true',{ts '2015-11-24 13:43:42.957'},null,null,{ts '2015-11-24 13:53:48.707'});
insert into METL_COMPONENT_SETTING (ID, COMPONENT_ID, NAME, VALUE, CREATE_TIME, CREATE_BY, LAST_UPDATE_BY, LAST_UPDATE_TIME) values ('509674f3-ea04-40c6-a1e6-b2dd25a5f207','ab6cf49a-1abf-4001-8de5-68d12247a52f','config','[{"matchExpression":"1==1","targetStepId":"0c819c29-f3b2-470f-a817-f23c4de641d9"},{"matchExpression":"1==1","targetStepId":"64347322-7c60-450c-a72a-a165c237a801"},{"matchExpression":"1==0","targetStepId":"972b4159-9233-4ca5-9578-402b2e4de869"}]',{ts '2015-11-30 16:28:24.932'},null,null,{ts '2015-11-30 19:34:39.662'});
insert into METL_COMPONENT_SETTING (ID, COMPONENT_ID, NAME, VALUE, CREATE_TIME, CREATE_BY, LAST_UPDATE_BY, LAST_UPDATE_TIME) values ('54f6134c-4283-4640-a8a9-e94d6557d825','be20abc9-923f-4b19-ab6e-b2385524ebd3','expected.control.messages.count','2',{ts '2015-11-24 13:38:28.023'},null,null,{ts '2015-11-24 13:38:28.023'});
insert into METL_COMPONENT_SETTING (ID, COMPONENT_ID, NAME, VALUE, CREATE_TIME, CREATE_BY, LAST_UPDATE_BY, LAST_UPDATE_TIME) values ('574588d0-27b7-4842-9ac5-08bc492a31d1','e3146316-0f99-4959-9037-c2525f098b7a','expected.control.messages.count','1',{ts '2015-11-25 13:04:40.592'},null,null,{ts '2015-11-25 13:04:40.592'});
insert into METL_COMPONENT_SETTING (ID, COMPONENT_ID, NAME, VALUE, CREATE_TIME, CREATE_BY, LAST_UPDATE_BY, LAST_UPDATE_TIME) values ('5aabb784-f17f-40a4-bd85-b534692f114c','b6f62fb2-0fb3-40fb-bffb-642018dc267c','expected.entity.messages.count','1',{ts '2015-11-19 13:55:53.999'},null,null,{ts '2015-11-19 13:55:53.999'});
insert into METL_COMPONENT_SETTING (ID, COMPONENT_ID, NAME, VALUE, CREATE_TIME, CREATE_BY, LAST_UPDATE_BY, LAST_UPDATE_TIME) values ('5ba12a18-47f3-4a60-9de8-e838079ed103','95b6f052-fe64-4a70-b344-79ba674d9b0a','run.when','PER MESSAGE',{ts '2015-11-25 12:13:26.671'},null,null,{ts '2015-11-25 13:04:33.643'});
insert into METL_COMPONENT_SETTING (ID, COMPONENT_ID, NAME, VALUE, CREATE_TIME, CREATE_BY, LAST_UPDATE_BY, LAST_UPDATE_TIME) values ('5c7fe326-63ee-4f0d-80d8-9eabf0fb693e','351c36bb-eeb1-4f7b-9d4b-27a045a3bf03','expected.text.messages.count','0',{ts '2015-11-16 08:47:54.590'},null,null,{ts '2015-11-16 09:04:59.845'});
insert into METL_COMPONENT_SETTING (ID, COMPONENT_ID, NAME, VALUE, CREATE_TIME, CREATE_BY, LAST_UPDATE_BY, LAST_UPDATE_TIME) values ('674b3cf9-8c06-4d21-ba32-68b70cfe4180','2f97f219-9936-4eea-8a5f-cfbc5f7a0c7e','expected.empty.payload.messages.count','0',{ts '2015-11-24 16:04:32.225'},null,null,{ts '2015-11-24 16:15:40.333'});
insert into METL_COMPONENT_SETTING (ID, COMPONENT_ID, NAME, VALUE, CREATE_TIME, CREATE_BY, LAST_UPDATE_BY, LAST_UPDATE_TIME) values ('689a3f79-c005-4818-aafd-e1a0ea0258cc','8c878283-0041-4f56-9aa4-810c5b564dd1','file.pattern','inbox/*.txt',{ts '2015-11-24 13:12:26.950'},null,null,{ts '2015-11-24 13:34:50.288'});
insert into METL_COMPONENT_SETTING (ID, COMPONENT_ID, NAME, VALUE, CREATE_TIME, CREATE_BY, LAST_UPDATE_BY, LAST_UPDATE_TIME) values ('6a0b2288-77ca-4fed-a025-8b49bc40be60','7c45d416-6cd9-4184-adc6-c12088a34e37','file.pattern','inbox/*.txt',{ts '2015-11-25 12:08:02.610'},null,null,{ts '2015-11-25 14:00:40.269'});
insert into METL_COMPONENT_SETTING (ID, COMPONENT_ID, NAME, VALUE, CREATE_TIME, CREATE_BY, LAST_UPDATE_BY, LAST_UPDATE_TIME) values ('6bd30e2a-8585-4577-b5a7-4da5f2ccd603','b2bda6c3-6112-4a66-b38b-accae205bc50','get.file.name.from.message','true',{ts '2015-11-25 12:22:53.196'},null,null,{ts '2015-11-25 13:04:33.644'});
insert into METL_COMPONENT_SETTING (ID, COMPONENT_ID, NAME, VALUE, CREATE_TIME, CREATE_BY, LAST_UPDATE_BY, LAST_UPDATE_TIME) values ('6cbc0e34-24c9-4f68-87fc-fbba5f68822c','e3146316-0f99-4959-9037-c2525f098b7a','expected.text.messages.count','2',{ts '2015-11-25 13:04:37.809'},null,null,{ts '2015-11-25 13:04:37.809'});
insert into METL_COMPONENT_SETTING (ID, COMPONENT_ID, NAME, VALUE, CREATE_TIME, CREATE_BY, LAST_UPDATE_BY, LAST_UPDATE_TIME) values ('71152070-6117-4430-bd51-a1f39edf5815','b6f62fb2-0fb3-40fb-bffb-642018dc267c','expected.text.messages.count','0',{ts '2015-11-16 08:48:00.972'},null,null,{ts '2015-11-16 09:05:01.739'});
insert into METL_COMPONENT_SETTING (ID, COMPONENT_ID, NAME, VALUE, CREATE_TIME, CREATE_BY, LAST_UPDATE_BY, LAST_UPDATE_TIME) values ('752dd4eb-4ddb-4ba7-81c5-56b9a04945b5','117d159b-adac-40b6-aa24-18a54fe71b1e','handle.msg.script','classpathToDirectory(''/test.zip'')',{ts '2015-11-24 13:01:02.215'},null,null,{ts '2015-11-24 17:04:16.010'});
insert into METL_COMPONENT_SETTING (ID, COMPONENT_ID, NAME, VALUE, CREATE_TIME, CREATE_BY, LAST_UPDATE_BY, LAST_UPDATE_TIME) values ('7f9c9c4e-10aa-4dbb-a2d5-5dce6ab59258','bed44be7-d081-4a66-a6e7-a38751282f53','split.on.line.feed','true',{ts '2015-11-16 08:44:57.642'},null,null,{ts '2015-11-16 09:05:16.626'});
insert into METL_COMPONENT_SETTING (ID, COMPONENT_ID, NAME, VALUE, CREATE_TIME, CREATE_BY, LAST_UPDATE_BY, LAST_UPDATE_TIME) values ('842fde54-2190-4f9d-8ed6-ea3355a15f6f','1a5f050a-313b-43a8-b07f-f951d9fe175f','expected.text.messages.count','0',{ts '2015-11-16 08:48:08.093'},null,null,{ts '2015-11-16 09:04:56.036'});
insert into METL_COMPONENT_SETTING (ID, COMPONENT_ID, NAME, VALUE, CREATE_TIME, CREATE_BY, LAST_UPDATE_BY, LAST_UPDATE_TIME) values ('846f2902-4dee-414d-b3ae-6a301d9a502e','adc55964-d974-4ce7-96fb-bf1df26e22c0','control.message.on.eof','true',{ts '2015-11-24 16:03:00.554'},null,null,{ts '2015-11-24 16:03:11.771'});
insert into METL_COMPONENT_SETTING (ID, COMPONENT_ID, NAME, VALUE, CREATE_TIME, CREATE_BY, LAST_UPDATE_BY, LAST_UPDATE_TIME) values ('884ac5ec-5971-4300-ba13-ef37afa22ab9','3cea083e-b09e-4bd6-9afa-f34e82a0f5d8','expected.control.messages.count','1',{ts '2015-11-30 16:28:13.778'},null,null,{ts '2015-11-30 19:34:03.457'});
insert into METL_COMPONENT_SETTING (ID, COMPONENT_ID, NAME, VALUE, CREATE_TIME, CREATE_BY, LAST_UPDATE_BY, LAST_UPDATE_TIME) values ('8dce85ee-2cdf-48f0-a86d-74b9d5a83f0c','351c36bb-eeb1-4f7b-9d4b-27a045a3bf03','expected.control.messages.count','1',{ts '2015-11-19 13:55:28.674'},null,null,{ts '2015-11-19 13:55:28.674'});
insert into METL_COMPONENT_SETTING (ID, COMPONENT_ID, NAME, VALUE, CREATE_TIME, CREATE_BY, LAST_UPDATE_BY, LAST_UPDATE_TIME) values ('91fbb8f3-33a3-40f2-a392-dc825d564d58','b2bda6c3-6112-4a66-b38b-accae205bc50','logOutput','true',{ts '2015-11-25 12:10:52.965'},null,null,{ts '2015-11-25 13:04:33.644'});
insert into METL_COMPONENT_SETTING (ID, COMPONENT_ID, NAME, VALUE, CREATE_TIME, CREATE_BY, LAST_UPDATE_BY, LAST_UPDATE_TIME) values ('9419f4af-8b97-44db-8136-3beb75cd8230','e77a0561-9f96-495c-a577-68720023991c','expected.sql.count','2',{ts '2015-11-19 13:41:13.814'},null,null,{ts '2015-11-19 13:41:13.814'});
insert into METL_COMPONENT_SETTING (ID, COMPONENT_ID, NAME, VALUE, CREATE_TIME, CREATE_BY, LAST_UPDATE_BY, LAST_UPDATE_TIME) values ('9a108d37-e2c4-442f-b586-bee3f9c66af0','2f97f219-9936-4eea-8a5f-cfbc5f7a0c7e','expected.binary.messages.count','2',{ts '2015-11-24 16:15:43.428'},null,null,{ts '2015-11-24 16:15:43.428'});
insert into METL_COMPONENT_SETTING (ID, COMPONENT_ID, NAME, VALUE, CREATE_TIME, CREATE_BY, LAST_UPDATE_BY, LAST_UPDATE_TIME) values ('9a708b21-2ff7-4354-9895-ffd095fa5074','b2bda6c3-6112-4a66-b38b-accae205bc50','filename.message.header','true',{ts '2015-11-25 12:09:05.735'},null,null,{ts '2015-11-25 13:04:33.644'});
insert into METL_COMPONENT_SETTING (ID, COMPONENT_ID, NAME, VALUE, CREATE_TIME, CREATE_BY, LAST_UPDATE_BY, LAST_UPDATE_TIME) values ('9d0e564c-b4bb-421a-8510-5f72b49d033e','c33e7448-d69c-44ab-a150-d7fda0123e16','expected.entity.messages.count','0',{ts '2015-11-16 09:09:13.446'},null,null,{ts '2015-11-16 09:09:13.446'});
insert into METL_COMPONENT_SETTING (ID, COMPONENT_ID, NAME, VALUE, CREATE_TIME, CREATE_BY, LAST_UPDATE_BY, LAST_UPDATE_TIME) values ('9ec59e7e-f5bd-42af-ade9-009ae465edc2','e77a0561-9f96-495c-a577-68720023991c','logInput','true',{ts '2015-11-19 13:45:25.698'},null,null,{ts '2015-11-19 13:45:25.698'});
insert into METL_COMPONENT_SETTING (ID, COMPONENT_ID, NAME, VALUE, CREATE_TIME, CREATE_BY, LAST_UPDATE_BY, LAST_UPDATE_TIME) values ('a1d8e620-ea44-4ef9-9a5b-efc4f0fdec2e','b6f62fb2-0fb3-40fb-bffb-642018dc267c','expected.control.messages.count','1',{ts '2015-11-19 13:55:31.160'},null,null,{ts '2015-11-19 13:55:31.160'});
insert into METL_COMPONENT_SETTING (ID, COMPONENT_ID, NAME, VALUE, CREATE_TIME, CREATE_BY, LAST_UPDATE_BY, LAST_UPDATE_TIME) values ('aca5181d-3a66-4a0b-ac7b-5a984f1a7d2c','2d49bbe6-2bfd-4e63-9aba-f039802b69b9','expected.control.messages.count','1',{ts '2015-11-24 13:16:01.197'},null,null,{ts '2015-11-24 13:35:18.972'});
insert into METL_COMPONENT_SETTING (ID, COMPONENT_ID, NAME, VALUE, CREATE_TIME, CREATE_BY, LAST_UPDATE_BY, LAST_UPDATE_TIME) values ('afb98841-c594-4801-8816-3023e03d776d','adc55964-d974-4ce7-96fb-bf1df26e22c0','get.file.name.from.message','true',{ts '2015-11-24 16:02:56.041'},null,null,{ts '2015-11-24 16:03:11.771'});
insert into METL_COMPONENT_SETTING (ID, COMPONENT_ID, NAME, VALUE, CREATE_TIME, CREATE_BY, LAST_UPDATE_BY, LAST_UPDATE_TIME) values ('b2c634df-7028-4d5c-a5b6-01acbe0c4707','bed44be7-d081-4a66-a6e7-a38751282f53','text','Ernie',{ts '2015-11-16 08:44:35.662'},null,null,{ts '2015-11-16 09:05:16.626'});
insert into METL_COMPONENT_SETTING (ID, COMPONENT_ID, NAME, VALUE, CREATE_TIME, CREATE_BY, LAST_UPDATE_BY, LAST_UPDATE_TIME) values ('b6ee91ac-048c-44bb-8fb3-f66375480a91','117d159b-adac-40b6-aa24-18a54fe71b1e','run.when','PER UNIT OF WORK',{ts '2015-11-24 12:49:35.760'},null,null,{ts '2015-11-24 17:04:16.010'});
insert into METL_COMPONENT_SETTING (ID, COMPONENT_ID, NAME, VALUE, CREATE_TIME, CREATE_BY, LAST_UPDATE_BY, LAST_UPDATE_TIME) values ('bd6e1135-abab-4647-8e9b-f85eac560407','65046c6d-ac9f-4330-b407-f18ae658d836','file.pattern','inbox/*.txt',{ts '2015-11-24 16:01:17.313'},null,null,{ts '2015-11-24 16:03:11.769'});
insert into METL_COMPONENT_SETTING (ID, COMPONENT_ID, NAME, VALUE, CREATE_TIME, CREATE_BY, LAST_UPDATE_BY, LAST_UPDATE_TIME) values ('c565b527-1fa1-439f-a9c4-5cecb068801d','1a5f050a-313b-43a8-b07f-f951d9fe175f','expected.entity.messages.count','0',{ts '2015-11-16 08:48:06.843'},null,null,{ts '2015-11-16 09:04:56.037'});
insert into METL_COMPONENT_SETTING (ID, COMPONENT_ID, NAME, VALUE, CREATE_TIME, CREATE_BY, LAST_UPDATE_BY, LAST_UPDATE_TIME) values ('c6b39f82-d0a6-4940-931c-1fb452b22726','2d5258b8-50ca-4e2a-978d-3bd7b7937542','get.file.name.from.message','true',{ts '2015-11-24 13:14:11.077'},null,null,{ts '2015-11-24 13:34:50.289'});
insert into METL_COMPONENT_SETTING (ID, COMPONENT_ID, NAME, VALUE, CREATE_TIME, CREATE_BY, LAST_UPDATE_BY, LAST_UPDATE_TIME) values ('c87f125b-31fc-415f-b935-d99288dd3b2e','95b6f052-fe64-4a70-b344-79ba674d9b0a','control.message.on.eof','true',{ts '2016-03-14 20:52:46.908'},null,null,{ts '2016-03-14 20:52:46.908'});
insert into METL_COMPONENT_SETTING (ID, COMPONENT_ID, NAME, VALUE, CREATE_TIME, CREATE_BY, LAST_UPDATE_BY, LAST_UPDATE_TIME) values ('c88e8ac0-b4e3-4315-beae-b0012aebeec0','1a5f050a-313b-43a8-b07f-f951d9fe175f','expected.control.messages.count','1',{ts '2015-11-16 08:48:09.769'},null,null,{ts '2015-11-16 09:04:56.036'});
insert into METL_COMPONENT_SETTING (ID, COMPONENT_ID, NAME, VALUE, CREATE_TIME, CREATE_BY, LAST_UPDATE_BY, LAST_UPDATE_TIME) values ('c8de14cb-60fa-42cd-b10c-7406aec75d03','b2bda6c3-6112-4a66-b38b-accae205bc50','logInput','true',{ts '2016-03-14 20:50:28.992'},null,null,{ts '2016-03-14 20:50:28.992'});
insert into METL_COMPONENT_SETTING (ID, COMPONENT_ID, NAME, VALUE, CREATE_TIME, CREATE_BY, LAST_UPDATE_BY, LAST_UPDATE_TIME) values ('ca3fa823-1839-45c4-9757-14cfde9bb696','f33f62f0-459f-44de-81d5-2050c5b36a5a','text','Bert',{ts '2015-11-16 08:44:10.137'},null,null,{ts '2015-11-16 09:05:14.066'});
insert into METL_COMPONENT_SETTING (ID, COMPONENT_ID, NAME, VALUE, CREATE_TIME, CREATE_BY, LAST_UPDATE_BY, LAST_UPDATE_TIME) values ('ca99c027-fa67-4eca-b7e3-2849dfac77cc','e77a0561-9f96-495c-a577-68720023991c','expected.text.messages.count','2',{ts '2015-11-19 13:50:30.418'},null,null,{ts '2015-11-19 13:50:30.418'});
insert into METL_COMPONENT_SETTING (ID, COMPONENT_ID, NAME, VALUE, CREATE_TIME, CREATE_BY, LAST_UPDATE_BY, LAST_UPDATE_TIME) values ('cdbc4761-f2bd-4280-848c-040f60199734','3375321b-21e7-476e-a1f9-9b2e332e4ccb','run.when','PER UNIT OF WORK',{ts '2015-11-19 13:02:59.925'},null,null,{ts '2015-11-19 13:20:05.443'});
insert into METL_COMPONENT_SETTING (ID, COMPONENT_ID, NAME, VALUE, CREATE_TIME, CREATE_BY, LAST_UPDATE_BY, LAST_UPDATE_TIME) values ('dae31f63-32f2-4d0a-a809-6216b7c8dd0f','7c45d416-6cd9-4184-adc6-c12088a34e37','logOutput','true',{ts '2015-11-25 12:10:46.375'},null,null,{ts '2015-11-25 14:00:40.269'});
insert into METL_COMPONENT_SETTING (ID, COMPONENT_ID, NAME, VALUE, CREATE_TIME, CREATE_BY, LAST_UPDATE_BY, LAST_UPDATE_TIME) values ('de2269b5-ba37-4ea7-9dcc-e82e8dd8e962','2b9f1e09-ad84-42c0-a7f1-5c042687ecd2','expected.control.messages.count','1',{ts '2015-11-24 16:01:59.325'},null,null,{ts '2015-11-24 16:03:11.770'});
insert into METL_COMPONENT_SETTING (ID, COMPONENT_ID, NAME, VALUE, CREATE_TIME, CREATE_BY, LAST_UPDATE_BY, LAST_UPDATE_TIME) values ('e4ce143e-a7f5-4183-9728-2435fca226fd','586f08f6-e8a5-4c1e-a9d3-b1b03c71be92','logOutput','true',{ts '2015-11-25 13:04:49.575'},null,null,{ts '2015-11-25 13:04:49.575'});
insert into METL_COMPONENT_SETTING (ID, COMPONENT_ID, NAME, VALUE, CREATE_TIME, CREATE_BY, LAST_UPDATE_BY, LAST_UPDATE_TIME) values ('ea65d7da-a481-45f0-8269-e01b5bc37de0','c33e7448-d69c-44ab-a150-d7fda0123e16','expected.text.messages.count','0',{ts '2015-11-16 09:09:14.583'},null,null,{ts '2015-11-16 09:09:14.583'});
insert into METL_COMPONENT_SETTING (ID, COMPONENT_ID, NAME, VALUE, CREATE_TIME, CREATE_BY, LAST_UPDATE_BY, LAST_UPDATE_TIME) values ('f217540e-76db-4c7d-9adb-c89e495b7a3e','e10655a4-2d11-49b9-b97c-329c1f1deee0','handle.msg.script','File workingDir = new File("working/directory1")
File inboxDir = new File(workingDir, "inbox")
inboxDir.delete()
inboxDir.mkdirs()
writeStringToFile(new File(inboxDir, "a.txt"), "this is the first file")
writeStringToFile(new File(inboxDir, "b.txt"), "this is the second file")',{ts '2015-11-24 16:00:12.631'},null,null,{ts '2015-11-24 17:51:01.918'});
insert into METL_COMPONENT_SETTING (ID, COMPONENT_ID, NAME, VALUE, CREATE_TIME, CREATE_BY, LAST_UPDATE_BY, LAST_UPDATE_TIME) values ('f3ae72a6-89dd-4aaa-814b-c9ae640b643e','e77a0561-9f96-495c-a577-68720023991c','expected.control.messages.count','1',{ts '2015-11-19 13:41:32.269'},null,null,{ts '2015-11-19 13:41:32.269'});
insert into METL_COMPONENT_SETTING (ID, COMPONENT_ID, NAME, VALUE, CREATE_TIME, CREATE_BY, LAST_UPDATE_BY, LAST_UPDATE_TIME) values ('fc70ac9f-556d-4f66-a6c5-b3f7ff6b9308','586f08f6-e8a5-4c1e-a9d3-b1b03c71be92','file.pattern','inbox/*.txt',{ts '2015-11-25 13:03:59.935'},null,null,{ts '2015-11-25 13:04:33.645'});
insert into METL_COMPONENT_ATTRIB_SETTING (ID, COMPONENT_ID, ATTRIBUTE_ID, NAME, VALUE, CREATE_TIME, CREATE_BY, LAST_UPDATE_BY, LAST_UPDATE_TIME) values ('0c50c311-9b08-4dac-aea0-697641e6902e','62f7304a-d8a1-47af-a7cc-314665856519','281e88e6-ccdb-44b7-bad9-2c0676ef8ea4','fixed.length.formatter.attribute.ordinal','1',{ts '2015-11-16 08:46:11.882'},null,null,{ts '2015-11-16 09:05:12.459'});
insert into METL_COMPONENT_ATTRIB_SETTING (ID, COMPONENT_ID, ATTRIBUTE_ID, NAME, VALUE, CREATE_TIME, CREATE_BY, LAST_UPDATE_BY, LAST_UPDATE_TIME) values ('7c682f9a-8251-44b4-b260-5bb2fcdef2fc','62f7304a-d8a1-47af-a7cc-314665856519','281e88e6-ccdb-44b7-bad9-2c0676ef8ea4','fixed.length.formatter.attribute.format.function','',{ts '2015-11-16 08:46:11.883'},null,null,{ts '2015-11-16 09:05:12.459'});
insert into METL_COMPONENT_ATTRIB_SETTING (ID, COMPONENT_ID, ATTRIBUTE_ID, NAME, VALUE, CREATE_TIME, CREATE_BY, LAST_UPDATE_BY, LAST_UPDATE_TIME) values ('8d858640-f464-4afe-b36e-52822ded7394','62f7304a-d8a1-47af-a7cc-314665856519','281e88e6-ccdb-44b7-bad9-2c0676ef8ea4','fixed.length.formatter.attribute.length','100',{ts '2015-11-16 08:46:11.883'},null,null,{ts '2015-11-16 09:05:12.459'});
insert into METL_COMPONENT_ATTRIB_SETTING (ID, COMPONENT_ID, ATTRIBUTE_ID, NAME, VALUE, CREATE_TIME, CREATE_BY, LAST_UPDATE_BY, LAST_UPDATE_TIME) values ('e033e023-3842-48a6-80b4-f835524478a4','2b6e4bfe-efca-481a-ac64-aead548e9f28','281e88e6-ccdb-44b7-bad9-2c0676ef8ea4','delimited.formatter.attribute.format.function','',{ts '2015-11-16 08:46:05.548'},null,null,{ts '2015-11-16 09:05:10.770'});
insert into METL_COMPONENT_ATTRIB_SETTING (ID, COMPONENT_ID, ATTRIBUTE_ID, NAME, VALUE, CREATE_TIME, CREATE_BY, LAST_UPDATE_BY, LAST_UPDATE_TIME) values ('f52a99c9-0f57-4627-b59b-9adb1939c7a9','2b6e4bfe-efca-481a-ac64-aead548e9f28','281e88e6-ccdb-44b7-bad9-2c0676ef8ea4','delimited.formatter.attribute.ordinal','1',{ts '2015-11-16 08:46:05.546'},null,null,{ts '2015-11-16 09:05:10.770'});
insert into METL_FLOW (ID, ROW_ID, PROJECT_VERSION_ID, DELETED, TEST, NAME, FOLDER_ID, CREATE_TIME, CREATE_BY, LAST_UPDATE_BY, LAST_UPDATE_TIME) values ('340b6d16-5f19-4094-bb40-68f8b5d1e00c','58932310-a163-4612-ae4e-9161f4214b70','a27e7f8c-7ef5-4684-9041-a2fa5682b366',0,1,'TextFileReader - Test Control Message on Multiple Files',null,{ts '2015-11-24 13:08:09.519'},null,null,{ts '2015-11-24 13:34:50.287'});
insert into METL_FLOW (ID, ROW_ID, PROJECT_VERSION_ID, DELETED, TEST, NAME, FOLDER_ID, CREATE_TIME, CREATE_BY, LAST_UPDATE_BY, LAST_UPDATE_TIME) values ('4fb216c3-a39d-43c7-94fe-86bc359b5d00','bdf091d9-7016-4411-a1d6-b743080a7b9a','a27e7f8c-7ef5-4684-9041-a2fa5682b366',0,1,'NoOp - Validate Number of Messages',null,{ts '2015-11-16 09:07:52.906'},null,null,{ts '2015-11-16 09:09:08.869'});
insert into METL_FLOW (ID, ROW_ID, PROJECT_VERSION_ID, DELETED, TEST, NAME, FOLDER_ID, CREATE_TIME, CREATE_BY, LAST_UPDATE_BY, LAST_UPDATE_TIME) values ('546387d2-aa86-4357-8324-9f204be7fd67','be847535-18e4-48e5-bb76-570780b586ba','a27e7f8c-7ef5-4684-9041-a2fa5682b366',0,1,'Last Unit Of Work - Test 1 of 2 Dead Branches',null,{ts '2015-11-30 16:26:40.978'},null,null,{ts '2015-11-30 19:32:00.587'});
insert into METL_FLOW (ID, ROW_ID, PROJECT_VERSION_ID, DELETED, TEST, NAME, FOLDER_ID, CREATE_TIME, CREATE_BY, LAST_UPDATE_BY, LAST_UPDATE_TIME) values ('8414ca1e-5ae9-4ff1-8f35-5974cc07d6e5','1ab87494-709e-431a-b52d-28a7f37f80ad','a27e7f8c-7ef5-4684-9041-a2fa5682b366',0,1,'TextFileWriter - Test Multiple File Writes',null,{ts '2015-11-25 12:04:00.079'},null,null,{ts '2015-11-25 13:04:33.640'});
insert into METL_FLOW (ID, ROW_ID, PROJECT_VERSION_ID, DELETED, TEST, NAME, FOLDER_ID, CREATE_TIME, CREATE_BY, LAST_UPDATE_BY, LAST_UPDATE_TIME) values ('aec1760f-cb1f-48d3-9425-e82c925de51b','2d68db73-55fd-46e6-97d4-f3444fdbd49a','a27e7f8c-7ef5-4684-9041-a2fa5682b366',0,1,'BinaryFileReader - Test Control Message on Multiple Files',null,{ts '2015-11-24 15:59:15.704'},null,null,{ts '2015-11-24 16:03:11.768'});
insert into METL_FLOW (ID, ROW_ID, PROJECT_VERSION_ID, DELETED, TEST, NAME, FOLDER_ID, CREATE_TIME, CREATE_BY, LAST_UPDATE_BY, LAST_UPDATE_TIME) values ('e5ea3384-ffe6-4b3b-ad9d-877b82554196','7e39b5ec-bba3-43fe-a6b4-00295846089d','a27e7f8c-7ef5-4684-9041-a2fa5682b366',0,1,'Last Unit Of Work - Test 2 of 3 Dead Branches',null,{ts '2015-11-30 19:32:04.268'},null,null,{ts '2015-11-30 19:34:03.455'});
insert into METL_FLOW (ID, ROW_ID, PROJECT_VERSION_ID, DELETED, TEST, NAME, FOLDER_ID, CREATE_TIME, CREATE_BY, LAST_UPDATE_BY, LAST_UPDATE_TIME) values ('ecc40789-3f16-4769-aa80-df94b1471865','77256fee-9834-458d-a42f-cb67a2c0500b','a27e7f8c-7ef5-4684-9041-a2fa5682b366',0,1,'Last Unit Of Work',null,{ts '2015-11-16 08:42:53.890'},null,null,{ts '2015-11-16 09:04:53.281'});
insert into METL_FLOW (ID, ROW_ID, PROJECT_VERSION_ID, DELETED, TEST, NAME, FOLDER_ID, CREATE_TIME, CREATE_BY, LAST_UPDATE_BY, LAST_UPDATE_TIME) values ('f9d97ec3-47b0-4945-ae0a-6c6e2d010e3b','92171bc9-0cf2-4a37-8c55-ac972c77167f','a27e7f8c-7ef5-4684-9041-a2fa5682b366',0,1,'RdbmsWriter - Test Multiple Messages',null,{ts '2015-11-19 12:57:01.949'},null,null,{ts '2015-11-19 13:20:05.442'});
insert into METL_FLOW_STEP (ID, FLOW_ID, COMPONENT_ID, X, Y, APPROXIMATE_ORDER, CREATE_TIME, CREATE_BY, LAST_UPDATE_BY, LAST_UPDATE_TIME) values ('02bf871d-3e36-41f0-ae1c-94671fab7bf4','ecc40789-3f16-4769-aa80-df94b1471865','bed44be7-d081-4a66-a6e7-a38751282f53',180,180,6,{ts '2015-11-16 08:44:03.102'},null,null,{ts '2015-11-16 09:05:16.626'});
insert into METL_FLOW_STEP (ID, FLOW_ID, COMPONENT_ID, X, Y, APPROXIMATE_ORDER, CREATE_TIME, CREATE_BY, LAST_UPDATE_BY, LAST_UPDATE_TIME) values ('0c819c29-f3b2-470f-a817-f23c4de641d9','e5ea3384-ffe6-4b3b-ad9d-877b82554196','1c91b1b6-7ea7-4439-93e6-8eb4a14d74ad',320,50,2,{ts '2015-11-30 16:27:32.778'},null,null,{ts '2015-11-30 19:34:03.455'});
insert into METL_FLOW_STEP (ID, FLOW_ID, COMPONENT_ID, X, Y, APPROXIMATE_ORDER, CREATE_TIME, CREATE_BY, LAST_UPDATE_BY, LAST_UPDATE_TIME) values ('0e4ee0a0-16d1-4432-957a-1a395ce309a5','4fb216c3-a39d-43c7-94fe-86bc359b5d00','c33e7448-d69c-44ab-a150-d7fda0123e16',630,40,4,{ts '2015-11-16 09:09:05.939'},null,null,{ts '2015-11-16 09:09:09.701'});
insert into METL_FLOW_STEP (ID, FLOW_ID, COMPONENT_ID, X, Y, APPROXIMATE_ORDER, CREATE_TIME, CREATE_BY, LAST_UPDATE_BY, LAST_UPDATE_TIME) values ('11cfcf9b-2920-45f7-99a4-b60c942c79b7','8414ca1e-5ae9-4ff1-8f35-5974cc07d6e5','b2bda6c3-6112-4a66-b38b-accae205bc50',470,20,3,{ts '2015-11-25 12:06:56.820'},null,null,{ts '2015-11-25 13:04:33.644'});
insert into METL_FLOW_STEP (ID, FLOW_ID, COMPONENT_ID, X, Y, APPROXIMATE_ORDER, CREATE_TIME, CREATE_BY, LAST_UPDATE_BY, LAST_UPDATE_TIME) values ('1d0bb972-0831-4101-9f21-6f5bc8380ba1','aec1760f-cb1f-48d3-9425-e82c925de51b','65046c6d-ac9f-4330-b407-f18ae658d836',190,20,1,{ts '2015-11-24 16:01:01.503'},null,null,{ts '2015-11-24 16:03:11.769'});
insert into METL_FLOW_STEP (ID, FLOW_ID, COMPONENT_ID, X, Y, APPROXIMATE_ORDER, CREATE_TIME, CREATE_BY, LAST_UPDATE_BY, LAST_UPDATE_TIME) values ('2095c2d0-cedc-47cc-b2e4-06f1a09b1307','f9d97ec3-47b0-4945-ae0a-6c6e2d010e3b','28d66bda-726d-4101-90f7-67c648e665ca',230,100,1,{ts '2015-11-19 13:00:37.555'},null,null,{ts '2015-11-19 13:40:44.856'});
insert into METL_FLOW_STEP (ID, FLOW_ID, COMPONENT_ID, X, Y, APPROXIMATE_ORDER, CREATE_TIME, CREATE_BY, LAST_UPDATE_BY, LAST_UPDATE_TIME) values ('213bfa96-b8ed-4c0d-8a7d-4a15037ccc55','8414ca1e-5ae9-4ff1-8f35-5974cc07d6e5','95b6f052-fe64-4a70-b344-79ba674d9b0a',320,20,2,{ts '2015-11-25 12:06:29.590'},null,null,{ts '2015-11-25 13:04:33.643'});
insert into METL_FLOW_STEP (ID, FLOW_ID, COMPONENT_ID, X, Y, APPROXIMATE_ORDER, CREATE_TIME, CREATE_BY, LAST_UPDATE_BY, LAST_UPDATE_TIME) values ('239882ae-d376-4b3b-a4c4-93e8e464be54','340b6d16-5f19-4094-bb40-68f8b5d1e00c','2d5258b8-50ca-4e2a-978d-3bd7b7937542',470,20,3,{ts '2015-11-24 13:11:59.218'},null,null,{ts '2015-11-24 13:34:50.290'});
insert into METL_FLOW_STEP (ID, FLOW_ID, COMPONENT_ID, X, Y, APPROXIMATE_ORDER, CREATE_TIME, CREATE_BY, LAST_UPDATE_BY, LAST_UPDATE_TIME) values ('2550fd3b-222a-4915-93a2-81e9cb543dc9','e5ea3384-ffe6-4b3b-ad9d-877b82554196','ab6cf49a-1abf-4001-8de5-68d12247a52f',130,150,1,{ts '2015-11-30 16:27:24.329'},null,null,{ts '2015-11-30 19:34:03.457'});
insert into METL_FLOW_STEP (ID, FLOW_ID, COMPONENT_ID, X, Y, APPROXIMATE_ORDER, CREATE_TIME, CREATE_BY, LAST_UPDATE_BY, LAST_UPDATE_TIME) values ('375f4fa3-64ca-43f3-90a2-16403e7452c5','340b6d16-5f19-4094-bb40-68f8b5d1e00c','8c878283-0041-4f56-9aa4-810c5b564dd1',170,20,1,{ts '2015-11-24 13:12:01.720'},null,null,{ts '2015-11-24 13:34:50.288'});
insert into METL_FLOW_STEP (ID, FLOW_ID, COMPONENT_ID, X, Y, APPROXIMATE_ORDER, CREATE_TIME, CREATE_BY, LAST_UPDATE_BY, LAST_UPDATE_TIME) values ('3960dc28-4787-46e5-a0d0-a33155bcb5a8','546387d2-aa86-4357-8324-9f204be7fd67','8c334ed5-17f2-44c9-b5d5-21a0321dd632',130,150,0,{ts '2015-11-30 16:27:24.329'},null,null,{ts '2015-11-30 16:28:18.459'});
insert into METL_FLOW_STEP (ID, FLOW_ID, COMPONENT_ID, X, Y, APPROXIMATE_ORDER, CREATE_TIME, CREATE_BY, LAST_UPDATE_BY, LAST_UPDATE_TIME) values ('3ca766af-b21c-4f01-9c2a-e61fb6621e7b','8414ca1e-5ae9-4ff1-8f35-5974cc07d6e5','586f08f6-e8a5-4c1e-a9d3-b1b03c71be92',620,20,4,{ts '2015-11-25 13:03:44.884'},null,null,{ts '2015-11-25 13:04:33.645'});
insert into METL_FLOW_STEP (ID, FLOW_ID, COMPONENT_ID, X, Y, APPROXIMATE_ORDER, CREATE_TIME, CREATE_BY, LAST_UPDATE_BY, LAST_UPDATE_TIME) values ('4c6e66fd-fd9a-4f73-9b6a-675e6d51e10d','ecc40789-3f16-4769-aa80-df94b1471865','91097ec1-aa64-4952-b35d-03fa31e46765',670,120,9,{ts '2015-11-16 08:46:56.784'},null,null,{ts '2015-11-16 09:04:58.284'});
insert into METL_FLOW_STEP (ID, FLOW_ID, COMPONENT_ID, X, Y, APPROXIMATE_ORDER, CREATE_TIME, CREATE_BY, LAST_UPDATE_BY, LAST_UPDATE_TIME) values ('4fb893c2-3181-4680-871e-849ba2fbe3ff','340b6d16-5f19-4094-bb40-68f8b5d1e00c','2d49bbe6-2bfd-4e63-9aba-f039802b69b9',320,20,2,{ts '2015-11-24 13:14:52.074'},null,null,{ts '2015-11-24 13:34:50.289'});
insert into METL_FLOW_STEP (ID, FLOW_ID, COMPONENT_ID, X, Y, APPROXIMATE_ORDER, CREATE_TIME, CREATE_BY, LAST_UPDATE_BY, LAST_UPDATE_TIME) values ('50d01c21-79df-427f-9e0a-3a8655de22d4','ecc40789-3f16-4769-aa80-df94b1471865','b6f62fb2-0fb3-40fb-bffb-642018dc267c',460,180,8,{ts '2015-11-16 08:47:34.738'},null,null,{ts '2015-11-16 09:05:01.740'});
insert into METL_FLOW_STEP (ID, FLOW_ID, COMPONENT_ID, X, Y, APPROXIMATE_ORDER, CREATE_TIME, CREATE_BY, LAST_UPDATE_BY, LAST_UPDATE_TIME) values ('56ded9a8-6726-48e4-9f6e-f7ba5a7a1b8f','546387d2-aa86-4357-8324-9f204be7fd67','ab7a2111-7323-4f2d-b609-356347dc7c2e',320,200,4,{ts '2015-11-30 16:27:41.596'},null,null,{ts '2015-11-30 16:28:08.404'});
insert into METL_FLOW_STEP (ID, FLOW_ID, COMPONENT_ID, X, Y, APPROXIMATE_ORDER, CREATE_TIME, CREATE_BY, LAST_UPDATE_BY, LAST_UPDATE_TIME) values ('641ab2ec-7b8a-4223-9915-6ffb57d8fefe','340b6d16-5f19-4094-bb40-68f8b5d1e00c','6b837790-40e4-435e-8167-cff8f1c627f5',30,20,0,{ts '2015-11-24 13:09:31.060'},null,null,{ts '2015-11-24 13:34:50.288'});
insert into METL_FLOW_STEP (ID, FLOW_ID, COMPONENT_ID, X, Y, APPROXIMATE_ORDER, CREATE_TIME, CREATE_BY, LAST_UPDATE_BY, LAST_UPDATE_TIME) values ('64347322-7c60-450c-a72a-a165c237a801','e5ea3384-ffe6-4b3b-ad9d-877b82554196','e18234af-121f-4e88-b69c-e34012a7aea3',320,200,3,{ts '2015-11-30 16:27:41.596'},null,null,{ts '2015-11-30 19:34:03.458'});
insert into METL_FLOW_STEP (ID, FLOW_ID, COMPONENT_ID, X, Y, APPROXIMATE_ORDER, CREATE_TIME, CREATE_BY, LAST_UPDATE_BY, LAST_UPDATE_TIME) values ('656eb663-14b8-471c-bbc4-b16d86b27f66','aec1760f-cb1f-48d3-9425-e82c925de51b','2f97f219-9936-4eea-8a5f-cfbc5f7a0c7e',640,20,4,{ts '2015-11-24 16:03:07.217'},null,null,{ts '2015-11-24 16:03:11.771'});
insert into METL_FLOW_STEP (ID, FLOW_ID, COMPONENT_ID, X, Y, APPROXIMATE_ORDER, CREATE_TIME, CREATE_BY, LAST_UPDATE_BY, LAST_UPDATE_TIME) values ('66407b97-c2f2-455a-9fb3-b5009b3f01b3','4fb216c3-a39d-43c7-94fe-86bc359b5d00','87fd67ba-bb2d-4c07-bcf2-d9c46239c447',210,40,1,{ts '2015-11-16 09:08:25.066'},null,null,{ts '2015-11-16 09:09:08.870'});
insert into METL_FLOW_STEP (ID, FLOW_ID, COMPONENT_ID, X, Y, APPROXIMATE_ORDER, CREATE_TIME, CREATE_BY, LAST_UPDATE_BY, LAST_UPDATE_TIME) values ('68a7ed00-e245-4e7b-9e32-75d3686d628f','546387d2-aa86-4357-8324-9f204be7fd67','6a75eaf1-6405-4337-ba63-793ccfd487c9',320,80,2,{ts '2015-11-30 16:27:32.778'},null,null,{ts '2015-11-30 16:28:08.402'});
insert into METL_FLOW_STEP (ID, FLOW_ID, COMPONENT_ID, X, Y, APPROXIMATE_ORDER, CREATE_TIME, CREATE_BY, LAST_UPDATE_BY, LAST_UPDATE_TIME) values ('690ed641-049a-4a5b-a476-077d5efd8536','340b6d16-5f19-4094-bb40-68f8b5d1e00c','be20abc9-923f-4b19-ab6e-b2385524ebd3',620,20,4,{ts '2015-11-24 13:34:46.040'},null,null,{ts '2015-11-24 13:34:50.290'});
insert into METL_FLOW_STEP (ID, FLOW_ID, COMPONENT_ID, X, Y, APPROXIMATE_ORDER, CREATE_TIME, CREATE_BY, LAST_UPDATE_BY, LAST_UPDATE_TIME) values ('697b325d-3e24-4f42-9272-2872b127cabc','ecc40789-3f16-4769-aa80-df94b1471865','f33f62f0-459f-44de-81d5-2050c5b36a5a',180,60,0,{ts '2015-11-16 08:44:00.427'},null,null,{ts '2015-11-16 09:05:14.066'});
insert into METL_FLOW_STEP (ID, FLOW_ID, COMPONENT_ID, X, Y, APPROXIMATE_ORDER, CREATE_TIME, CREATE_BY, LAST_UPDATE_BY, LAST_UPDATE_TIME) values ('6cde3af2-cc2d-4bdb-87c5-f86a32709b2f','8414ca1e-5ae9-4ff1-8f35-5974cc07d6e5','7c45d416-6cd9-4184-adc6-c12088a34e37',170,20,1,{ts '2015-11-25 12:06:35.340'},null,null,{ts '2015-11-25 14:00:40.269'});
insert into METL_FLOW_STEP (ID, FLOW_ID, COMPONENT_ID, X, Y, APPROXIMATE_ORDER, CREATE_TIME, CREATE_BY, LAST_UPDATE_BY, LAST_UPDATE_TIME) values ('6ea2fc7e-9613-4cef-bba8-82a8725b06c6','546387d2-aa86-4357-8324-9f204be7fd67','a66a1498-e17f-43e1-af2e-9e672e1e2cc0',490,130,5,{ts '2015-11-30 16:27:57.343'},null,null,{ts '2015-11-30 16:28:08.403'});
insert into METL_FLOW_STEP (ID, FLOW_ID, COMPONENT_ID, X, Y, APPROXIMATE_ORDER, CREATE_TIME, CREATE_BY, LAST_UPDATE_BY, LAST_UPDATE_TIME) values ('7a528d92-e5b7-47f3-bf66-fbcf7b069588','aec1760f-cb1f-48d3-9425-e82c925de51b','2b9f1e09-ad84-42c0-a7f1-5c042687ecd2',340,20,2,{ts '2015-11-24 16:01:42.560'},null,null,{ts '2015-11-24 16:03:11.770'});
insert into METL_FLOW_STEP (ID, FLOW_ID, COMPONENT_ID, X, Y, APPROXIMATE_ORDER, CREATE_TIME, CREATE_BY, LAST_UPDATE_BY, LAST_UPDATE_TIME) values ('7cea33b0-586f-4c49-aeb1-2900053722fd','8414ca1e-5ae9-4ff1-8f35-5974cc07d6e5','4f03116f-65aa-4d72-81b5-f8705c60dd85',30,20,0,{ts '2015-11-25 12:06:12.498'},null,null,{ts '2015-11-25 13:04:33.642'});
insert into METL_FLOW_STEP (ID, FLOW_ID, COMPONENT_ID, X, Y, APPROXIMATE_ORDER, CREATE_TIME, CREATE_BY, LAST_UPDATE_BY, LAST_UPDATE_TIME) values ('7f1475cb-b19a-4414-aec6-150389f279aa','8414ca1e-5ae9-4ff1-8f35-5974cc07d6e5','e3146316-0f99-4959-9037-c2525f098b7a',770,20,5,{ts '2015-11-25 13:04:21.207'},null,null,{ts '2015-11-25 13:04:33.646'});
insert into METL_FLOW_STEP (ID, FLOW_ID, COMPONENT_ID, X, Y, APPROXIMATE_ORDER, CREATE_TIME, CREATE_BY, LAST_UPDATE_BY, LAST_UPDATE_TIME) values ('85a2a448-aee9-4341-9fe2-d4684b828a6d','aec1760f-cb1f-48d3-9425-e82c925de51b','adc55964-d974-4ce7-96fb-bf1df26e22c0',490,20,3,{ts '2015-11-24 16:02:30.311'},null,null,{ts '2015-11-24 16:03:11.771'});
insert into METL_FLOW_STEP (ID, FLOW_ID, COMPONENT_ID, X, Y, APPROXIMATE_ORDER, CREATE_TIME, CREATE_BY, LAST_UPDATE_BY, LAST_UPDATE_TIME) values ('8939d9c7-e5a8-43a2-bb40-a7112583b13b','e5ea3384-ffe6-4b3b-ad9d-877b82554196','b5136117-340f-49e3-a3e3-72d7f56d1607',440,50,0,{ts '2015-11-30 19:33:55.674'},null,null,{ts '2015-11-30 19:34:03.456'});
insert into METL_FLOW_STEP (ID, FLOW_ID, COMPONENT_ID, X, Y, APPROXIMATE_ORDER, CREATE_TIME, CREATE_BY, LAST_UPDATE_BY, LAST_UPDATE_TIME) values ('94c1a8f3-8a41-47df-9547-76985b0d191f','ecc40789-3f16-4769-aa80-df94b1471865','2b6e4bfe-efca-481a-ac64-aead548e9f28',320,180,7,{ts '2015-11-16 08:45:32.228'},null,null,{ts '2015-11-16 09:05:10.770'});
insert into METL_FLOW_STEP (ID, FLOW_ID, COMPONENT_ID, X, Y, APPROXIMATE_ORDER, CREATE_TIME, CREATE_BY, LAST_UPDATE_BY, LAST_UPDATE_TIME) values ('972b4159-9233-4ca5-9578-402b2e4de869','e5ea3384-ffe6-4b3b-ad9d-877b82554196','97112038-afd5-4f6f-9821-32eb0f516c73',320,310,6,{ts '2015-11-30 19:32:37.095'},null,null,{ts '2015-11-30 19:34:03.458'});
insert into METL_FLOW_STEP (ID, FLOW_ID, COMPONENT_ID, X, Y, APPROXIMATE_ORDER, CREATE_TIME, CREATE_BY, LAST_UPDATE_BY, LAST_UPDATE_TIME) values ('98163d52-eaa1-42d9-afd5-ff2a369a7e10','e5ea3384-ffe6-4b3b-ad9d-877b82554196','3cea083e-b09e-4bd6-9afa-f34e82a0f5d8',730,130,9,{ts '2015-11-30 16:28:05.132'},null,null,{ts '2015-11-30 19:34:03.457'});
insert into METL_FLOW_STEP (ID, FLOW_ID, COMPONENT_ID, X, Y, APPROXIMATE_ORDER, CREATE_TIME, CREATE_BY, LAST_UPDATE_BY, LAST_UPDATE_TIME) values ('aa1dcf61-4b47-4854-a1c0-fa9a9e2017f6','ecc40789-3f16-4769-aa80-df94b1471865','1a5f050a-313b-43a8-b07f-f951d9fe175f',820,120,10,{ts '2015-11-16 08:47:39.576'},null,null,{ts '2015-11-16 09:04:56.037'});
insert into METL_FLOW_STEP (ID, FLOW_ID, COMPONENT_ID, X, Y, APPROXIMATE_ORDER, CREATE_TIME, CREATE_BY, LAST_UPDATE_BY, LAST_UPDATE_TIME) values ('b5852c0c-2c26-4f2d-bfac-ab908f8e1d59','4fb216c3-a39d-43c7-94fe-86bc359b5d00','cfbdf8b6-29ba-442f-9e46-2ff85afa09d6',350,40,2,{ts '2015-11-16 09:08:27.106'},null,null,{ts '2015-11-16 09:09:08.871'});
insert into METL_FLOW_STEP (ID, FLOW_ID, COMPONENT_ID, X, Y, APPROXIMATE_ORDER, CREATE_TIME, CREATE_BY, LAST_UPDATE_BY, LAST_UPDATE_TIME) values ('bcbed241-427f-44e2-87d8-30d9b637c5c0','4fb216c3-a39d-43c7-94fe-86bc359b5d00','b4073e92-2cfa-45e8-a447-dcfb41e9e816',60,40,0,{ts '2015-11-16 09:08:23.338'},null,null,{ts '2015-11-16 09:09:08.870'});
insert into METL_FLOW_STEP (ID, FLOW_ID, COMPONENT_ID, X, Y, APPROXIMATE_ORDER, CREATE_TIME, CREATE_BY, LAST_UPDATE_BY, LAST_UPDATE_TIME) values ('d60b6a0b-016f-4c02-b408-9eb2587fbfc1','e5ea3384-ffe6-4b3b-ad9d-877b82554196','59a24b76-31be-413d-b6b7-858bb3bb763f',450,310,7,{ts '2015-11-30 19:32:41.748'},null,null,{ts '2015-11-30 19:34:03.458'});
insert into METL_FLOW_STEP (ID, FLOW_ID, COMPONENT_ID, X, Y, APPROXIMATE_ORDER, CREATE_TIME, CREATE_BY, LAST_UPDATE_BY, LAST_UPDATE_TIME) values ('d84c8326-f15e-4e7e-a0de-34803bb9f765','ecc40789-3f16-4769-aa80-df94b1471865','73f3b9e1-bd00-4efd-a3f5-38dc0d4a9833',40,180,5,{ts '2015-11-16 09:04:51.221'},null,null,{ts '2015-11-16 09:05:19.240'});
insert into METL_FLOW_STEP (ID, FLOW_ID, COMPONENT_ID, X, Y, APPROXIMATE_ORDER, CREATE_TIME, CREATE_BY, LAST_UPDATE_BY, LAST_UPDATE_TIME) values ('da2d5438-4a78-45c5-8e18-28cf8cdc66eb','ecc40789-3f16-4769-aa80-df94b1471865','62f7304a-d8a1-47af-a7cc-314665856519',320,60,1,{ts '2015-11-16 08:45:29.852'},null,null,{ts '2015-11-16 09:05:12.460'});
insert into METL_FLOW_STEP (ID, FLOW_ID, COMPONENT_ID, X, Y, APPROXIMATE_ORDER, CREATE_TIME, CREATE_BY, LAST_UPDATE_BY, LAST_UPDATE_TIME) values ('dac424bf-c356-4c10-aff9-e41ba0c6c6c7','e5ea3384-ffe6-4b3b-ad9d-877b82554196','670521ca-fce4-4597-a5ba-7e75b8f093f6',590,130,8,{ts '2015-11-30 16:27:57.343'},null,null,{ts '2015-11-30 19:34:03.456'});
insert into METL_FLOW_STEP (ID, FLOW_ID, COMPONENT_ID, X, Y, APPROXIMATE_ORDER, CREATE_TIME, CREATE_BY, LAST_UPDATE_BY, LAST_UPDATE_TIME) values ('dca844a3-6783-4766-bc26-1d3b384c9db3','ecc40789-3f16-4769-aa80-df94b1471865','351c36bb-eeb1-4f7b-9d4b-27a045a3bf03',460,60,2,{ts '2015-11-16 08:47:28.795'},null,null,{ts '2015-11-16 09:04:59.846'});
insert into METL_FLOW_STEP (ID, FLOW_ID, COMPONENT_ID, X, Y, APPROXIMATE_ORDER, CREATE_TIME, CREATE_BY, LAST_UPDATE_BY, LAST_UPDATE_TIME) values ('e65bf2ac-edb8-48b7-813a-e2900588076c','aec1760f-cb1f-48d3-9425-e82c925de51b','e10655a4-2d11-49b9-b97c-329c1f1deee0',40,20,0,{ts '2015-11-24 16:00:07.099'},null,null,{ts '2015-11-24 16:03:11.769'});
insert into METL_FLOW_STEP (ID, FLOW_ID, COMPONENT_ID, X, Y, APPROXIMATE_ORDER, CREATE_TIME, CREATE_BY, LAST_UPDATE_BY, LAST_UPDATE_TIME) values ('e76ee96f-1c9b-4704-b8b9-d0182e2daed3','f9d97ec3-47b0-4945-ae0a-6c6e2d010e3b','e77a0561-9f96-495c-a577-68720023991c',510,100,3,{ts '2015-11-19 13:20:01.215'},null,null,{ts '2015-11-19 13:40:47.756'});
insert into METL_FLOW_STEP (ID, FLOW_ID, COMPONENT_ID, X, Y, APPROXIMATE_ORDER, CREATE_TIME, CREATE_BY, LAST_UPDATE_BY, LAST_UPDATE_TIME) values ('eeda784e-88e8-4cf3-a6ce-bc7db5c152ff','4fb216c3-a39d-43c7-94fe-86bc359b5d00','d5795929-3c9d-46c9-ae70-e889c6f03982',490,40,3,{ts '2015-11-16 09:08:30.713'},null,null,{ts '2015-11-16 09:09:08.871'});
insert into METL_FLOW_STEP (ID, FLOW_ID, COMPONENT_ID, X, Y, APPROXIMATE_ORDER, CREATE_TIME, CREATE_BY, LAST_UPDATE_BY, LAST_UPDATE_TIME) values ('f02238b9-b02c-4ec4-b41e-4bff1f7e2f35','546387d2-aa86-4357-8324-9f204be7fd67','150babc6-af53-4dc3-bff4-d1e6d2a613d2',650,130,0,{ts '2015-11-30 16:28:05.132'},null,null,{ts '2015-11-30 16:28:08.403'});
insert into METL_FLOW_STEP (ID, FLOW_ID, COMPONENT_ID, X, Y, APPROXIMATE_ORDER, CREATE_TIME, CREATE_BY, LAST_UPDATE_BY, LAST_UPDATE_TIME) values ('f3388997-ce0d-40c7-a3a8-3024702e56c6','f9d97ec3-47b0-4945-ae0a-6c6e2d010e3b','21f2e3f3-f04a-4b71-a2cd-0e3104422ea4',370,100,2,{ts '2015-11-19 13:02:08.500'},null,null,{ts '2015-11-19 13:40:46.563'});
insert into METL_FLOW_STEP (ID, FLOW_ID, COMPONENT_ID, X, Y, APPROXIMATE_ORDER, CREATE_TIME, CREATE_BY, LAST_UPDATE_BY, LAST_UPDATE_TIME) values ('ff8830b7-4aa1-40a6-a583-f3df08cca6a2','f9d97ec3-47b0-4945-ae0a-6c6e2d010e3b','3375321b-21e7-476e-a1f9-9b2e332e4ccb',90,100,0,{ts '2015-11-19 12:57:43.946'},null,null,{ts '2015-11-19 13:20:05.443'});
insert into METL_FLOW_STEP_LINK (SOURCE_STEP_ID, TARGET_STEP_ID, CREATE_TIME, CREATE_BY, LAST_UPDATE_BY, LAST_UPDATE_TIME) values ('02bf871d-3e36-41f0-ae1c-94671fab7bf4','94c1a8f3-8a41-47df-9547-76985b0d191f',{ts '2015-11-16 08:46:04.689'},null,null,{ts '2015-11-16 09:04:53.292'});
insert into METL_FLOW_STEP_LINK (SOURCE_STEP_ID, TARGET_STEP_ID, CREATE_TIME, CREATE_BY, LAST_UPDATE_BY, LAST_UPDATE_TIME) values ('0c819c29-f3b2-470f-a817-f23c4de641d9','8939d9c7-e5a8-43a2-bb40-a7112583b13b',{ts '2015-11-30 19:34:01.725'},null,null,{ts '2015-11-30 19:34:03.459'});
insert into METL_FLOW_STEP_LINK (SOURCE_STEP_ID, TARGET_STEP_ID, CREATE_TIME, CREATE_BY, LAST_UPDATE_BY, LAST_UPDATE_TIME) values ('11cfcf9b-2920-45f7-99a4-b60c942c79b7','3ca766af-b21c-4f01-9c2a-e61fb6621e7b',{ts '2015-11-25 13:03:53.088'},null,null,{ts '2015-11-25 13:04:33.647'});
insert into METL_FLOW_STEP_LINK (SOURCE_STEP_ID, TARGET_STEP_ID, CREATE_TIME, CREATE_BY, LAST_UPDATE_BY, LAST_UPDATE_TIME) values ('1d0bb972-0831-4101-9f21-6f5bc8380ba1','7a528d92-e5b7-47f3-bf66-fbcf7b069588',{ts '2015-11-24 16:01:47.275'},null,null,{ts '2015-11-24 16:03:11.772'});
insert into METL_FLOW_STEP_LINK (SOURCE_STEP_ID, TARGET_STEP_ID, CREATE_TIME, CREATE_BY, LAST_UPDATE_BY, LAST_UPDATE_TIME) values ('2095c2d0-cedc-47cc-b2e4-06f1a09b1307','f3388997-ce0d-40c7-a3a8-3024702e56c6',{ts '2015-11-19 13:02:11.805'},null,null,{ts '2015-11-19 13:20:05.447'});
insert into METL_FLOW_STEP_LINK (SOURCE_STEP_ID, TARGET_STEP_ID, CREATE_TIME, CREATE_BY, LAST_UPDATE_BY, LAST_UPDATE_TIME) values ('213bfa96-b8ed-4c0d-8a7d-4a15037ccc55','11cfcf9b-2920-45f7-99a4-b60c942c79b7',{ts '2015-11-25 12:06:59.792'},null,null,{ts '2015-11-25 13:04:33.647'});
insert into METL_FLOW_STEP_LINK (SOURCE_STEP_ID, TARGET_STEP_ID, CREATE_TIME, CREATE_BY, LAST_UPDATE_BY, LAST_UPDATE_TIME) values ('239882ae-d376-4b3b-a4c4-93e8e464be54','690ed641-049a-4a5b-a476-077d5efd8536',{ts '2015-11-24 13:34:50.287'},null,null,{ts '2015-11-24 13:34:50.291'});
insert into METL_FLOW_STEP_LINK (SOURCE_STEP_ID, TARGET_STEP_ID, CREATE_TIME, CREATE_BY, LAST_UPDATE_BY, LAST_UPDATE_TIME) values ('2550fd3b-222a-4915-93a2-81e9cb543dc9','0c819c29-f3b2-470f-a817-f23c4de641d9',{ts '2015-11-30 16:27:46.849'},null,null,{ts '2015-11-30 19:34:03.459'});
insert into METL_FLOW_STEP_LINK (SOURCE_STEP_ID, TARGET_STEP_ID, CREATE_TIME, CREATE_BY, LAST_UPDATE_BY, LAST_UPDATE_TIME) values ('2550fd3b-222a-4915-93a2-81e9cb543dc9','64347322-7c60-450c-a72a-a165c237a801',{ts '2015-11-30 16:27:48.908'},null,null,{ts '2015-11-30 19:34:03.459'});
insert into METL_FLOW_STEP_LINK (SOURCE_STEP_ID, TARGET_STEP_ID, CREATE_TIME, CREATE_BY, LAST_UPDATE_BY, LAST_UPDATE_TIME) values ('2550fd3b-222a-4915-93a2-81e9cb543dc9','972b4159-9233-4ca5-9578-402b2e4de869',{ts '2015-11-30 19:32:45.449'},null,null,{ts '2015-11-30 19:34:03.459'});
insert into METL_FLOW_STEP_LINK (SOURCE_STEP_ID, TARGET_STEP_ID, CREATE_TIME, CREATE_BY, LAST_UPDATE_BY, LAST_UPDATE_TIME) values ('375f4fa3-64ca-43f3-90a2-16403e7452c5','4fb893c2-3181-4680-871e-849ba2fbe3ff',{ts '2015-11-24 13:15:52.392'},null,null,{ts '2015-11-24 13:34:50.291'});
insert into METL_FLOW_STEP_LINK (SOURCE_STEP_ID, TARGET_STEP_ID, CREATE_TIME, CREATE_BY, LAST_UPDATE_BY, LAST_UPDATE_TIME) values ('3960dc28-4787-46e5-a0d0-a33155bcb5a8','56ded9a8-6726-48e4-9f6e-f7ba5a7a1b8f',{ts '2015-11-30 16:27:48.908'},null,null,{ts '2015-11-30 16:28:08.404'});
insert into METL_FLOW_STEP_LINK (SOURCE_STEP_ID, TARGET_STEP_ID, CREATE_TIME, CREATE_BY, LAST_UPDATE_BY, LAST_UPDATE_TIME) values ('3960dc28-4787-46e5-a0d0-a33155bcb5a8','68a7ed00-e245-4e7b-9e32-75d3686d628f',{ts '2015-11-30 16:27:46.849'},null,null,{ts '2015-11-30 16:28:08.404'});
insert into METL_FLOW_STEP_LINK (SOURCE_STEP_ID, TARGET_STEP_ID, CREATE_TIME, CREATE_BY, LAST_UPDATE_BY, LAST_UPDATE_TIME) values ('3ca766af-b21c-4f01-9c2a-e61fb6621e7b','7f1475cb-b19a-4414-aec6-150389f279aa',{ts '2015-11-25 13:04:33.640'},null,null,{ts '2015-11-25 13:04:33.647'});
insert into METL_FLOW_STEP_LINK (SOURCE_STEP_ID, TARGET_STEP_ID, CREATE_TIME, CREATE_BY, LAST_UPDATE_BY, LAST_UPDATE_TIME) values ('4c6e66fd-fd9a-4f73-9b6a-675e6d51e10d','aa1dcf61-4b47-4854-a1c0-fa9a9e2017f6',{ts '2015-11-16 08:47:42.182'},null,null,{ts '2015-11-16 09:04:53.293'});
insert into METL_FLOW_STEP_LINK (SOURCE_STEP_ID, TARGET_STEP_ID, CREATE_TIME, CREATE_BY, LAST_UPDATE_BY, LAST_UPDATE_TIME) values ('4fb893c2-3181-4680-871e-849ba2fbe3ff','239882ae-d376-4b3b-a4c4-93e8e464be54',{ts '2015-11-24 13:15:56.187'},null,null,{ts '2015-11-24 13:34:50.291'});
insert into METL_FLOW_STEP_LINK (SOURCE_STEP_ID, TARGET_STEP_ID, CREATE_TIME, CREATE_BY, LAST_UPDATE_BY, LAST_UPDATE_TIME) values ('50d01c21-79df-427f-9e0a-3a8655de22d4','4c6e66fd-fd9a-4f73-9b6a-675e6d51e10d',{ts '2015-11-16 08:47:45.422'},null,null,{ts '2015-11-16 09:04:53.293'});
insert into METL_FLOW_STEP_LINK (SOURCE_STEP_ID, TARGET_STEP_ID, CREATE_TIME, CREATE_BY, LAST_UPDATE_BY, LAST_UPDATE_TIME) values ('56ded9a8-6726-48e4-9f6e-f7ba5a7a1b8f','6ea2fc7e-9613-4cef-bba8-82a8725b06c6',{ts '2015-11-30 16:28:02.032'},null,null,{ts '2015-11-30 16:28:08.405'});
insert into METL_FLOW_STEP_LINK (SOURCE_STEP_ID, TARGET_STEP_ID, CREATE_TIME, CREATE_BY, LAST_UPDATE_BY, LAST_UPDATE_TIME) values ('641ab2ec-7b8a-4223-9915-6ffb57d8fefe','375f4fa3-64ca-43f3-90a2-16403e7452c5',{ts '2015-11-24 13:12:04.440'},null,null,{ts '2015-11-24 13:34:50.291'});
insert into METL_FLOW_STEP_LINK (SOURCE_STEP_ID, TARGET_STEP_ID, CREATE_TIME, CREATE_BY, LAST_UPDATE_BY, LAST_UPDATE_TIME) values ('64347322-7c60-450c-a72a-a165c237a801','dac424bf-c356-4c10-aff9-e41ba0c6c6c7',{ts '2015-11-30 16:28:02.032'},null,null,{ts '2015-11-30 19:34:03.459'});
insert into METL_FLOW_STEP_LINK (SOURCE_STEP_ID, TARGET_STEP_ID, CREATE_TIME, CREATE_BY, LAST_UPDATE_BY, LAST_UPDATE_TIME) values ('66407b97-c2f2-455a-9fb3-b5009b3f01b3','b5852c0c-2c26-4f2d-bfac-ab908f8e1d59',{ts '2015-11-16 09:08:58.313'},null,null,{ts '2015-11-16 09:09:08.872'});
insert into METL_FLOW_STEP_LINK (SOURCE_STEP_ID, TARGET_STEP_ID, CREATE_TIME, CREATE_BY, LAST_UPDATE_BY, LAST_UPDATE_TIME) values ('68a7ed00-e245-4e7b-9e32-75d3686d628f','6ea2fc7e-9613-4cef-bba8-82a8725b06c6',{ts '2015-11-30 16:28:00.244'},null,null,{ts '2015-11-30 16:28:08.405'});
insert into METL_FLOW_STEP_LINK (SOURCE_STEP_ID, TARGET_STEP_ID, CREATE_TIME, CREATE_BY, LAST_UPDATE_BY, LAST_UPDATE_TIME) values ('697b325d-3e24-4f42-9272-2872b127cabc','da2d5438-4a78-45c5-8e18-28cf8cdc66eb',{ts '2015-11-16 08:46:00.900'},null,null,{ts '2015-11-16 09:04:53.291'});
insert into METL_FLOW_STEP_LINK (SOURCE_STEP_ID, TARGET_STEP_ID, CREATE_TIME, CREATE_BY, LAST_UPDATE_BY, LAST_UPDATE_TIME) values ('6cde3af2-cc2d-4bdb-87c5-f86a32709b2f','213bfa96-b8ed-4c0d-8a7d-4a15037ccc55',{ts '2015-11-25 12:06:43.484'},null,null,{ts '2015-11-25 13:04:33.646'});
insert into METL_FLOW_STEP_LINK (SOURCE_STEP_ID, TARGET_STEP_ID, CREATE_TIME, CREATE_BY, LAST_UPDATE_BY, LAST_UPDATE_TIME) values ('6ea2fc7e-9613-4cef-bba8-82a8725b06c6','f02238b9-b02c-4ec4-b41e-4bff1f7e2f35',{ts '2015-11-30 16:28:08.401'},null,null,{ts '2015-11-30 16:28:08.405'});
insert into METL_FLOW_STEP_LINK (SOURCE_STEP_ID, TARGET_STEP_ID, CREATE_TIME, CREATE_BY, LAST_UPDATE_BY, LAST_UPDATE_TIME) values ('7a528d92-e5b7-47f3-bf66-fbcf7b069588','85a2a448-aee9-4341-9fe2-d4684b828a6d',{ts '2015-11-24 16:02:36.151'},null,null,{ts '2015-11-24 16:03:11.772'});
insert into METL_FLOW_STEP_LINK (SOURCE_STEP_ID, TARGET_STEP_ID, CREATE_TIME, CREATE_BY, LAST_UPDATE_BY, LAST_UPDATE_TIME) values ('7cea33b0-586f-4c49-aeb1-2900053722fd','6cde3af2-cc2d-4bdb-87c5-f86a32709b2f',{ts '2015-11-25 12:06:39.464'},null,null,{ts '2015-11-25 13:04:33.646'});
insert into METL_FLOW_STEP_LINK (SOURCE_STEP_ID, TARGET_STEP_ID, CREATE_TIME, CREATE_BY, LAST_UPDATE_BY, LAST_UPDATE_TIME) values ('85a2a448-aee9-4341-9fe2-d4684b828a6d','656eb663-14b8-471c-bbc4-b16d86b27f66',{ts '2015-11-24 16:03:11.768'},null,null,{ts '2015-11-24 16:03:11.772'});
insert into METL_FLOW_STEP_LINK (SOURCE_STEP_ID, TARGET_STEP_ID, CREATE_TIME, CREATE_BY, LAST_UPDATE_BY, LAST_UPDATE_TIME) values ('8939d9c7-e5a8-43a2-bb40-a7112583b13b','dac424bf-c356-4c10-aff9-e41ba0c6c6c7',{ts '2015-11-30 19:34:03.454'},null,null,{ts '2015-11-30 19:34:03.459'});
insert into METL_FLOW_STEP_LINK (SOURCE_STEP_ID, TARGET_STEP_ID, CREATE_TIME, CREATE_BY, LAST_UPDATE_BY, LAST_UPDATE_TIME) values ('94c1a8f3-8a41-47df-9547-76985b0d191f','50d01c21-79df-427f-9e0a-3a8655de22d4',{ts '2015-11-16 08:47:37.444'},null,null,{ts '2015-11-16 09:04:53.292'});
insert into METL_FLOW_STEP_LINK (SOURCE_STEP_ID, TARGET_STEP_ID, CREATE_TIME, CREATE_BY, LAST_UPDATE_BY, LAST_UPDATE_TIME) values ('972b4159-9233-4ca5-9578-402b2e4de869','d60b6a0b-016f-4c02-b408-9eb2587fbfc1',{ts '2015-11-30 19:32:47.226'},null,null,{ts '2015-11-30 19:34:03.459'});
insert into METL_FLOW_STEP_LINK (SOURCE_STEP_ID, TARGET_STEP_ID, CREATE_TIME, CREATE_BY, LAST_UPDATE_BY, LAST_UPDATE_TIME) values ('b5852c0c-2c26-4f2d-bfac-ab908f8e1d59','eeda784e-88e8-4cf3-a6ce-bc7db5c152ff',{ts '2015-11-16 09:09:00.062'},null,null,{ts '2015-11-16 09:09:08.872'});
insert into METL_FLOW_STEP_LINK (SOURCE_STEP_ID, TARGET_STEP_ID, CREATE_TIME, CREATE_BY, LAST_UPDATE_BY, LAST_UPDATE_TIME) values ('bcbed241-427f-44e2-87d8-30d9b637c5c0','66407b97-c2f2-455a-9fb3-b5009b3f01b3',{ts '2015-11-16 09:08:41.185'},null,null,{ts '2015-11-16 09:09:08.872'});
insert into METL_FLOW_STEP_LINK (SOURCE_STEP_ID, TARGET_STEP_ID, CREATE_TIME, CREATE_BY, LAST_UPDATE_BY, LAST_UPDATE_TIME) values ('d60b6a0b-016f-4c02-b408-9eb2587fbfc1','dac424bf-c356-4c10-aff9-e41ba0c6c6c7',{ts '2015-11-30 19:32:49.080'},null,null,{ts '2015-11-30 19:34:03.459'});
insert into METL_FLOW_STEP_LINK (SOURCE_STEP_ID, TARGET_STEP_ID, CREATE_TIME, CREATE_BY, LAST_UPDATE_BY, LAST_UPDATE_TIME) values ('d84c8326-f15e-4e7e-a0de-34803bb9f765','02bf871d-3e36-41f0-ae1c-94671fab7bf4',{ts '2015-11-16 09:04:53.281'},null,null,{ts '2015-11-16 09:04:53.294'});
insert into METL_FLOW_STEP_LINK (SOURCE_STEP_ID, TARGET_STEP_ID, CREATE_TIME, CREATE_BY, LAST_UPDATE_BY, LAST_UPDATE_TIME) values ('da2d5438-4a78-45c5-8e18-28cf8cdc66eb','dca844a3-6783-4766-bc26-1d3b384c9db3',{ts '2015-11-16 08:47:31.936'},null,null,{ts '2015-11-16 09:04:53.292'});
insert into METL_FLOW_STEP_LINK (SOURCE_STEP_ID, TARGET_STEP_ID, CREATE_TIME, CREATE_BY, LAST_UPDATE_BY, LAST_UPDATE_TIME) values ('dac424bf-c356-4c10-aff9-e41ba0c6c6c7','98163d52-eaa1-42d9-afd5-ff2a369a7e10',{ts '2015-11-30 16:28:08.401'},null,null,{ts '2015-11-30 19:34:03.459'});
insert into METL_FLOW_STEP_LINK (SOURCE_STEP_ID, TARGET_STEP_ID, CREATE_TIME, CREATE_BY, LAST_UPDATE_BY, LAST_UPDATE_TIME) values ('dca844a3-6783-4766-bc26-1d3b384c9db3','4c6e66fd-fd9a-4f73-9b6a-675e6d51e10d',{ts '2015-11-16 08:47:43.869'},null,null,{ts '2015-11-16 09:04:53.292'});
insert into METL_FLOW_STEP_LINK (SOURCE_STEP_ID, TARGET_STEP_ID, CREATE_TIME, CREATE_BY, LAST_UPDATE_BY, LAST_UPDATE_TIME) values ('e65bf2ac-edb8-48b7-813a-e2900588076c','1d0bb972-0831-4101-9f21-6f5bc8380ba1',{ts '2015-11-24 16:01:04.061'},null,null,{ts '2015-11-24 16:03:11.772'});
insert into METL_FLOW_STEP_LINK (SOURCE_STEP_ID, TARGET_STEP_ID, CREATE_TIME, CREATE_BY, LAST_UPDATE_BY, LAST_UPDATE_TIME) values ('eeda784e-88e8-4cf3-a6ce-bc7db5c152ff','0e4ee0a0-16d1-4432-957a-1a395ce309a5',{ts '2015-11-16 09:09:08.869'},null,null,{ts '2015-11-16 09:09:08.872'});
insert into METL_FLOW_STEP_LINK (SOURCE_STEP_ID, TARGET_STEP_ID, CREATE_TIME, CREATE_BY, LAST_UPDATE_BY, LAST_UPDATE_TIME) values ('f3388997-ce0d-40c7-a3a8-3024702e56c6','e76ee96f-1c9b-4704-b8b9-d0182e2daed3',{ts '2015-11-19 13:20:05.442'},null,null,{ts '2015-11-19 13:20:05.447'});
insert into METL_FLOW_STEP_LINK (SOURCE_STEP_ID, TARGET_STEP_ID, CREATE_TIME, CREATE_BY, LAST_UPDATE_BY, LAST_UPDATE_TIME) values ('ff8830b7-4aa1-40a6-a583-f3df08cca6a2','2095c2d0-cedc-47cc-b2e4-06f1a09b1307',{ts '2015-11-19 13:00:40.769'},null,null,{ts '2015-11-19 13:20:05.446'});
