DELETE FROM METL_FLOW_STEP_LINK WHERE SOURCE_STEP_ID IN (SELECT ID FROM METL_FLOW_STEP WHERE FLOW_ID IN (SELECT ID FROM METL_FLOW WHERE PROJECT_VERSION_ID='f55241fd-9564-4f6a-bd0d-95a50a729000' ));
DELETE FROM METL_FLOW_STEP WHERE FLOW_ID IN (SELECT ID FROM METL_FLOW WHERE PROJECT_VERSION_ID='f55241fd-9564-4f6a-bd0d-95a50a729000' );
DELETE FROM METL_FLOW_PARAMETER WHERE FLOW_ID IN (SELECT ID FROM METL_FLOW WHERE PROJECT_VERSION_ID='f55241fd-9564-4f6a-bd0d-95a50a729000' );
DELETE FROM METL_FLOW WHERE PROJECT_VERSION_ID='f55241fd-9564-4f6a-bd0d-95a50a729000' ;
DELETE FROM METL_COMPONENT_ATTRIBUTE_SETTING WHERE COMPONENT_ID IN (SELECT ID FROM METL_COMPONENT WHERE PROJECT_VERSION_ID='f55241fd-9564-4f6a-bd0d-95a50a729000' );
DELETE FROM METL_COMPONENT_ENTITY_SETTING WHERE COMPONENT_ID IN (SELECT ID FROM METL_COMPONENT WHERE PROJECT_VERSION_ID='f55241fd-9564-4f6a-bd0d-95a50a729000' );
DELETE FROM METL_COMPONENT_SETTING WHERE COMPONENT_ID IN (SELECT ID FROM METL_COMPONENT WHERE PROJECT_VERSION_ID='f55241fd-9564-4f6a-bd0d-95a50a729000' );
DELETE FROM METL_COMPONENT WHERE PROJECT_VERSION_ID='f55241fd-9564-4f6a-bd0d-95a50a729000' ;
DELETE FROM METL_RESOURCE_SETTING WHERE RESOURCE_ID IN (SELECT ID FROM METL_RESOURCE WHERE PROJECT_VERSION_ID='f55241fd-9564-4f6a-bd0d-95a50a729000' );
DELETE FROM METL_RESOURCE WHERE PROJECT_VERSION_ID='f55241fd-9564-4f6a-bd0d-95a50a729000' ;
DELETE FROM METL_MODEL_ATTRIBUTE WHERE ENTITY_ID IN (SELECT ID FROM METL_MODEL_ENTITY WHERE MODEL_ID in (SELECT ID FROM METL_MODEL WHERE PROJECT_VERSION_ID='f55241fd-9564-4f6a-bd0d-95a50a729000' ));
DELETE FROM METL_MODEL_ENTITY WHERE MODEL_ID in (SELECT ID FROM METL_MODEL WHERE PROJECT_VERSION_ID='f55241fd-9564-4f6a-bd0d-95a50a729000' );
DELETE FROM METL_MODEL WHERE PROJECT_VERSION_ID='f55241fd-9564-4f6a-bd0d-95a50a729000' ;
DELETE FROM METL_FOLDER WHERE PROJECT_VERSION_ID='f55241fd-9564-4f6a-bd0d-95a50a729000';
DELETE FROM METL_PROJECT_VERSION WHERE ID='f55241fd-9564-4f6a-bd0d-95a50a729000';
DELETE FROM METL_PROJECT WHERE ID='10a34bb6-fa5b-45fb-9921-7b48daf219e7';
insert into METL_PROJECT (ID, NAME, DESCRIPTION, DELETED, CREATE_TIME, CREATE_BY, LAST_UPDATE_BY, LAST_UPDATE_TIME) values ('10a34bb6-fa5b-45fb-9921-7b48daf219e7','Samples','This is a sample project that is automatically installed as part of Metl.  ',0,{ts '2015-09-18 14:18:40.866'},null,null,{ts '2015-09-18 14:19:16.523'});
insert into METL_PROJECT_VERSION (ID, VERSION_LABEL, PROJECT_ID, ORIG_VERSION_ID, DESCRIPTION, LOCKED, ARCHIVED, DELETED, CREATE_TIME, CREATE_BY, LAST_UPDATE_BY, LAST_UPDATE_TIME) values ('f55241fd-9564-4f6a-bd0d-95a50a729000','1.0','10a34bb6-fa5b-45fb-9921-7b48daf219e7',null,null,0,0,0,{ts '2015-09-18 14:18:40.866'},null,null,{ts '2015-09-18 14:18:40.868'});
insert into METL_MODEL (ID, ROW_ID, PROJECT_VERSION_ID, DELETED, NAME, SHARED, FOLDER_ID, CREATE_TIME, CREATE_BY, LAST_UPDATE_BY, LAST_UPDATE_TIME) values ('678f4d12-beb7-441d-9a35-5de63b7f9e06','b94347dc-ce7c-4cc7-907d-af2659d060e9','f55241fd-9564-4f6a-bd0d-95a50a729000',0,'Person',0,null,{ts '2015-09-29 08:05:38.578'},null,null,{ts '2015-09-29 08:05:45.835'});
insert into METL_MODEL (ID, ROW_ID, PROJECT_VERSION_ID, DELETED, NAME, SHARED, FOLDER_ID, CREATE_TIME, CREATE_BY, LAST_UPDATE_BY, LAST_UPDATE_TIME) values ('e323d201-1741-4675-badd-5fd7b24e3b11','28cf6b07-dc63-45cd-93c0-91a8084aef06','f55241fd-9564-4f6a-bd0d-95a50a729000',0,'Genders',0,null,{ts '2015-09-28 14:44:28.786'},null,null,{ts '2015-09-29 15:51:06.299'});
insert into METL_MODEL_ENTITY (ID, MODEL_ID, NAME, CREATE_TIME, CREATE_BY, LAST_UPDATE_BY, LAST_UPDATE_TIME) values ('a8c52b29-f90b-4680-a9cd-5c48c8be83e8','678f4d12-beb7-441d-9a35-5de63b7f9e06','PERSON',{ts '2015-09-29 08:05:49.403'},null,null,{ts '2015-09-29 08:05:52.048'});
insert into METL_MODEL_ENTITY (ID, MODEL_ID, NAME, CREATE_TIME, CREATE_BY, LAST_UPDATE_BY, LAST_UPDATE_TIME) values ('efa68385-fabb-4679-b5f7-74aac2405198','e323d201-1741-4675-badd-5fd7b24e3b11','FEMALE',{ts '2015-09-28 15:20:00.141'},null,null,{ts '2015-09-28 15:20:03.712'});
insert into METL_MODEL_ENTITY (ID, MODEL_ID, NAME, CREATE_TIME, CREATE_BY, LAST_UPDATE_BY, LAST_UPDATE_TIME) values ('8ebd3bc0-11bf-48a4-b344-be54d146e4a4','e323d201-1741-4675-badd-5fd7b24e3b11','MALE',{ts '2015-09-28 15:20:26.325'},null,null,{ts '2015-09-28 15:20:30.718'});
insert into METL_MODEL_ATTRIBUTE (ID, ENTITY_ID, NAME, TYPE, TYPE_ENTITY_ID, CREATE_TIME, CREATE_BY, LAST_UPDATE_BY, LAST_UPDATE_TIME) values ('d11339ec-3aab-4047-91b4-e7150ffce4b9','a8c52b29-f90b-4680-a9cd-5c48c8be83e8','ID','INTEGER',null,{ts '2015-09-29 08:05:53.357'},null,null,{ts '2015-09-29 08:05:59.474'});
insert into METL_MODEL_ATTRIBUTE (ID, ENTITY_ID, NAME, TYPE, TYPE_ENTITY_ID, CREATE_TIME, CREATE_BY, LAST_UPDATE_BY, LAST_UPDATE_TIME) values ('5f3cecf4-15d2-4910-916b-47beae752d47','a8c52b29-f90b-4680-a9cd-5c48c8be83e8','FIRST_NAME','VARCHAR',null,{ts '2015-09-29 08:05:53.692'},null,null,{ts '2015-09-29 08:06:05.122'});
insert into METL_MODEL_ATTRIBUTE (ID, ENTITY_ID, NAME, TYPE, TYPE_ENTITY_ID, CREATE_TIME, CREATE_BY, LAST_UPDATE_BY, LAST_UPDATE_TIME) values ('242365fa-e6cb-49b9-b5c5-00a4807f2d8d','a8c52b29-f90b-4680-a9cd-5c48c8be83e8','LAST_NAME','VARCHAR',null,{ts '2015-09-29 08:05:54.029'},null,null,{ts '2015-09-29 08:06:09.665'});
insert into METL_MODEL_ATTRIBUTE (ID, ENTITY_ID, NAME, TYPE, TYPE_ENTITY_ID, CREATE_TIME, CREATE_BY, LAST_UPDATE_BY, LAST_UPDATE_TIME) values ('94c3d263-68fc-4ddc-a4c4-2817f84fed9c','a8c52b29-f90b-4680-a9cd-5c48c8be83e8','GENDER','CHAR',null,{ts '2015-09-29 08:05:54.422'},null,null,{ts '2015-09-29 08:06:13.585'});
insert into METL_MODEL_ATTRIBUTE (ID, ENTITY_ID, NAME, TYPE, TYPE_ENTITY_ID, CREATE_TIME, CREATE_BY, LAST_UPDATE_BY, LAST_UPDATE_TIME) values ('5b18eb1e-603a-4f22-9bd3-e079196b3b86','efa68385-fabb-4679-b5f7-74aac2405198','ID','INTEGER',null,{ts '2015-09-28 15:20:08.660'},null,null,{ts '2015-09-28 15:20:15.349'});
insert into METL_MODEL_ATTRIBUTE (ID, ENTITY_ID, NAME, TYPE, TYPE_ENTITY_ID, CREATE_TIME, CREATE_BY, LAST_UPDATE_BY, LAST_UPDATE_TIME) values ('bc395e2d-af35-422c-a1b1-f5e69b524862','efa68385-fabb-4679-b5f7-74aac2405198','FIRST_NAME','VARCHAR',null,{ts '2015-09-28 15:20:09.220'},null,null,{ts '2015-09-28 15:20:19.293'});
insert into METL_MODEL_ATTRIBUTE (ID, ENTITY_ID, NAME, TYPE, TYPE_ENTITY_ID, CREATE_TIME, CREATE_BY, LAST_UPDATE_BY, LAST_UPDATE_TIME) values ('3a98c162-b325-41c2-876d-348cf62d67af','efa68385-fabb-4679-b5f7-74aac2405198','LAST_NAME','VARCHAR',null,{ts '2015-09-28 15:20:10.117'},null,null,{ts '2015-09-28 15:20:23.372'});
insert into METL_MODEL_ATTRIBUTE (ID, ENTITY_ID, NAME, TYPE, TYPE_ENTITY_ID, CREATE_TIME, CREATE_BY, LAST_UPDATE_BY, LAST_UPDATE_TIME) values ('e5756c1f-18de-41a9-a39a-b4652b7a654e','8ebd3bc0-11bf-48a4-b344-be54d146e4a4','FIRST_NAME','VARCHAR',null,{ts '2015-09-28 15:20:32.045'},null,null,{ts '2015-09-28 15:20:39.844'});
insert into METL_MODEL_ATTRIBUTE (ID, ENTITY_ID, NAME, TYPE, TYPE_ENTITY_ID, CREATE_TIME, CREATE_BY, LAST_UPDATE_BY, LAST_UPDATE_TIME) values ('3954107d-325b-4c45-90fd-8aae09d5a100','8ebd3bc0-11bf-48a4-b344-be54d146e4a4','LAST_NAME','VARCHAR',null,{ts '2015-09-28 15:20:32.237'},null,null,{ts '2015-09-28 15:20:43.093'});
insert into METL_MODEL_ATTRIBUTE (ID, ENTITY_ID, NAME, TYPE, TYPE_ENTITY_ID, CREATE_TIME, CREATE_BY, LAST_UPDATE_BY, LAST_UPDATE_TIME) values ('b32f78a0-27c4-4782-b4ae-3a8ddb45b63e','8ebd3bc0-11bf-48a4-b344-be54d146e4a4','ID','INTEGER',null,{ts '2015-09-28 15:20:31.844'},null,null,{ts '2015-09-28 15:20:47.420'});
insert into METL_RESOURCE (ID, ROW_ID, PROJECT_VERSION_ID, DELETED, NAME, TYPE, FOLDER_ID, CREATE_TIME, CREATE_BY, LAST_UPDATE_BY, LAST_UPDATE_TIME) values ('39d1c618-9963-4a10-9db2-8ae58e5ab0f9','5c79fa5d-f20d-48ca-9996-adb574697340','f55241fd-9564-4f6a-bd0d-95a50a729000',0,'System1 Database','Database',null,{ts '2015-09-28 14:30:19.296'},null,null,{ts '2015-09-28 14:34:16.766'});
insert into METL_RESOURCE_SETTING (RESOURCE_ID, NAME, VALUE, CREATE_TIME, CREATE_BY, LAST_UPDATE_BY, LAST_UPDATE_TIME) values ('39d1c618-9963-4a10-9db2-8ae58e5ab0f9','db.init.sql','',{ts '2015-09-28 14:31:04.596'},null,null,{ts '2015-09-28 14:41:20.219'});
insert into METL_RESOURCE_SETTING (RESOURCE_ID, NAME, VALUE, CREATE_TIME, CREATE_BY, LAST_UPDATE_BY, LAST_UPDATE_TIME) values ('39d1c618-9963-4a10-9db2-8ae58e5ab0f9','db.url','jdbc:h2:mem:system1',{ts '2015-09-28 14:30:47.736'},null,null,{ts '2015-09-28 14:30:55.499'});
insert into METL_COMPONENT (ID, ROW_ID, PROJECT_VERSION_ID, DELETED, NAME, TYPE, FOLDER_ID, SHARED, INPUT_MODEL_ID, OUTPUT_MODEL_ID, RESOURCE_ID, CREATE_TIME, CREATE_BY, LAST_UPDATE_BY, LAST_UPDATE_TIME) values ('cccf96a3-e8d4-4d04-b2fc-5d1cf33541be','b86f24eb-8ff0-407d-9016-4eedf74961c3','f55241fd-9564-4f6a-bd0d-95a50a729000',0,'Male Writer','RDBMS Writer',null,0,'e323d201-1741-4675-badd-5fd7b24e3b11',null,'39d1c618-9963-4a10-9db2-8ae58e5ab0f9',{ts '2015-09-28 15:22:57.379'},null,null,{ts '2015-09-28 15:26:22.831'});
insert into METL_COMPONENT (ID, ROW_ID, PROJECT_VERSION_ID, DELETED, NAME, TYPE, FOLDER_ID, SHARED, INPUT_MODEL_ID, OUTPUT_MODEL_ID, RESOURCE_ID, CREATE_TIME, CREATE_BY, LAST_UPDATE_BY, LAST_UPDATE_TIME) values ('a8e301cc-f2e8-48a6-b386-2ca4a6a315d4','dc8e7679-6978-4244-a7ac-aac5041fe83d','f55241fd-9564-4f6a-bd0d-95a50a729000',0,'Setup Person Database','Sql Executor',null,0,null,null,'39d1c618-9963-4a10-9db2-8ae58e5ab0f9',{ts '2015-09-28 14:40:54.702'},null,null,{ts '2015-09-28 15:26:22.832'});
insert into METL_COMPONENT (ID, ROW_ID, PROJECT_VERSION_ID, DELETED, NAME, TYPE, FOLDER_ID, SHARED, INPUT_MODEL_ID, OUTPUT_MODEL_ID, RESOURCE_ID, CREATE_TIME, CREATE_BY, LAST_UPDATE_BY, LAST_UPDATE_TIME) values ('6e7247c9-7017-4762-96ed-692f685eac68','724df11d-99a5-49d0-a2b0-6f70eded239c','f55241fd-9564-4f6a-bd0d-95a50a729000',0,'Wait for Finish','Last Unit of Work',null,0,null,null,null,{ts '2015-09-28 15:25:43.591'},null,null,{ts '2015-09-28 15:26:22.833'});
insert into METL_COMPONENT (ID, ROW_ID, PROJECT_VERSION_ID, DELETED, NAME, TYPE, FOLDER_ID, SHARED, INPUT_MODEL_ID, OUTPUT_MODEL_ID, RESOURCE_ID, CREATE_TIME, CREATE_BY, LAST_UPDATE_BY, LAST_UPDATE_TIME) values ('8b1fa925-eb1b-4ba5-8b85-82aab6e9b7a5','f5a263bf-d6ed-4994-b93a-03abd4e76172','f55241fd-9564-4f6a-bd0d-95a50a729000',0,'Female Writer','RDBMS Writer',null,0,'e323d201-1741-4675-badd-5fd7b24e3b11',null,'39d1c618-9963-4a10-9db2-8ae58e5ab0f9',{ts '2015-09-28 15:23:35.409'},null,null,{ts '2015-09-28 15:26:22.835'});
insert into METL_COMPONENT (ID, ROW_ID, PROJECT_VERSION_ID, DELETED, NAME, TYPE, FOLDER_ID, SHARED, INPUT_MODEL_ID, OUTPUT_MODEL_ID, RESOURCE_ID, CREATE_TIME, CREATE_BY, LAST_UPDATE_BY, LAST_UPDATE_TIME) values ('48d92f15-542e-437c-8041-43db46c8923d','5cdffda9-8047-4cda-b90f-eb0983535667','f55241fd-9564-4f6a-bd0d-95a50a729000',0,'Write Finish Record','Sql Executor',null,0,null,null,'39d1c618-9963-4a10-9db2-8ae58e5ab0f9',{ts '2015-09-28 15:26:12.643'},null,null,{ts '2015-09-28 15:26:55.484'});
insert into METL_COMPONENT (ID, ROW_ID, PROJECT_VERSION_ID, DELETED, NAME, TYPE, FOLDER_ID, SHARED, INPUT_MODEL_ID, OUTPUT_MODEL_ID, RESOURCE_ID, CREATE_TIME, CREATE_BY, LAST_UPDATE_BY, LAST_UPDATE_TIME) values ('cadcab7c-357f-43d4-b13c-8834364220ad','edebe84e-fdda-47b1-bec0-9a2f8241a331','f55241fd-9564-4f6a-bd0d-95a50a729000',0,'Parse People B','Parse Delimited',null,0,null,'678f4d12-beb7-441d-9a35-5de63b7f9e06',null,{ts '2015-09-29 07:57:12.665'},null,null,{ts '2015-09-29 10:29:30.744'});
insert into METL_COMPONENT (ID, ROW_ID, PROJECT_VERSION_ID, DELETED, NAME, TYPE, FOLDER_ID, SHARED, INPUT_MODEL_ID, OUTPUT_MODEL_ID, RESOURCE_ID, CREATE_TIME, CREATE_BY, LAST_UPDATE_BY, LAST_UPDATE_TIME) values ('951d8e09-2c1d-4954-a807-750439182718','7871e292-bd40-4b97-88d3-fce187057d52','f55241fd-9564-4f6a-bd0d-95a50a729000',0,'Parse People A','Parse Delimited',null,0,null,'678f4d12-beb7-441d-9a35-5de63b7f9e06',null,{ts '2015-09-29 07:56:06.322'},null,null,{ts '2015-09-29 10:29:31.946'});
insert into METL_COMPONENT (ID, ROW_ID, PROJECT_VERSION_ID, DELETED, NAME, TYPE, FOLDER_ID, SHARED, INPUT_MODEL_ID, OUTPUT_MODEL_ID, RESOURCE_ID, CREATE_TIME, CREATE_BY, LAST_UPDATE_BY, LAST_UPDATE_TIME) values ('3b485345-9bfc-4a90-a269-2695bc5f65ee','9b268163-9fae-43b4-97c0-1a45e55daec2','f55241fd-9564-4f6a-bd0d-95a50a729000',0,'Before Sort','Message Logger',null,0,'678f4d12-beb7-441d-9a35-5de63b7f9e06','678f4d12-beb7-441d-9a35-5de63b7f9e06',null,{ts '2015-09-29 07:58:01.821'},null,null,{ts '2015-09-29 10:29:33.255'});
insert into METL_COMPONENT (ID, ROW_ID, PROJECT_VERSION_ID, DELETED, NAME, TYPE, FOLDER_ID, SHARED, INPUT_MODEL_ID, OUTPUT_MODEL_ID, RESOURCE_ID, CREATE_TIME, CREATE_BY, LAST_UPDATE_BY, LAST_UPDATE_TIME) values ('600f9346-0900-42b5-afab-a776468de39d','81a351c0-0d60-4b9e-84fb-6a30ff14407c','f55241fd-9564-4f6a-bd0d-95a50a729000',0,'After Sort','Message Logger',null,0,'678f4d12-beb7-441d-9a35-5de63b7f9e06',null,null,{ts '2015-09-29 10:07:26.805'},null,null,{ts '2015-09-29 10:29:38.391'});
insert into METL_COMPONENT (ID, ROW_ID, PROJECT_VERSION_ID, DELETED, NAME, TYPE, FOLDER_ID, SHARED, INPUT_MODEL_ID, OUTPUT_MODEL_ID, RESOURCE_ID, CREATE_TIME, CREATE_BY, LAST_UPDATE_BY, LAST_UPDATE_TIME) values ('b642d9ee-ab20-492b-9fef-e0656edd9f27','51844c1a-dc80-4a45-98e4-2fa62ac2a56c','f55241fd-9564-4f6a-bd0d-95a50a729000',0,'Wait 5 Seconds','Delay',null,0,null,null,null,{ts '2015-09-29 07:55:28.286'},null,null,{ts '2015-09-29 10:32:49.995'});
insert into METL_COMPONENT (ID, ROW_ID, PROJECT_VERSION_ID, DELETED, NAME, TYPE, FOLDER_ID, SHARED, INPUT_MODEL_ID, OUTPUT_MODEL_ID, RESOURCE_ID, CREATE_TIME, CREATE_BY, LAST_UPDATE_BY, LAST_UPDATE_TIME) values ('21818f39-ead6-4336-b8c2-fe0ff6f5c284','bd121a38-cfd1-4830-9286-b4d10fb0e31f','f55241fd-9564-4f6a-bd0d-95a50a729000',0,'Sort Super Heros By ID','Sorter',null,0,'678f4d12-beb7-441d-9a35-5de63b7f9e06','e323d201-1741-4675-badd-5fd7b24e3b11',null,{ts '2015-09-29 07:57:44.003'},null,null,{ts '2015-09-29 10:37:15.501'});
insert into METL_COMPONENT (ID, ROW_ID, PROJECT_VERSION_ID, DELETED, NAME, TYPE, FOLDER_ID, SHARED, INPUT_MODEL_ID, OUTPUT_MODEL_ID, RESOURCE_ID, CREATE_TIME, CREATE_BY, LAST_UPDATE_BY, LAST_UPDATE_TIME) values ('26cf2469-e8ad-4332-8bba-12730b0e537a','d05e2755-4cca-4804-8631-8e5d9d7ed062','f55241fd-9564-4f6a-bd0d-95a50a729000',0,'Super Hero List A','Text Reader',null,1,null,null,null,{ts '2015-09-29 07:29:18.957'},null,null,{ts '2015-09-29 11:05:37.896'});
insert into METL_COMPONENT (ID, ROW_ID, PROJECT_VERSION_ID, DELETED, NAME, TYPE, FOLDER_ID, SHARED, INPUT_MODEL_ID, OUTPUT_MODEL_ID, RESOURCE_ID, CREATE_TIME, CREATE_BY, LAST_UPDATE_BY, LAST_UPDATE_TIME) values ('b0ea84e9-3350-4bda-b40c-b61d00e31dce','73a95dbc-748a-42d6-be2e-77e6c0f017bf','f55241fd-9564-4f6a-bd0d-95a50a729000',0,'Super Hero List B','Text Reader',null,1,null,null,null,{ts '2015-09-29 07:51:44.841'},null,null,{ts '2015-09-29 11:05:44.317'});
insert into METL_COMPONENT (ID, ROW_ID, PROJECT_VERSION_ID, DELETED, NAME, TYPE, FOLDER_ID, SHARED, INPUT_MODEL_ID, OUTPUT_MODEL_ID, RESOURCE_ID, CREATE_TIME, CREATE_BY, LAST_UPDATE_BY, LAST_UPDATE_TIME) values ('f35632e5-06bf-43e3-b0e8-1708692552d3','c028a9db-3dac-45c1-a22d-a87d0e0dcc61','f55241fd-9564-4f6a-bd0d-95a50a729000',0,'Deduper','Deduper',null,0,'678f4d12-beb7-441d-9a35-5de63b7f9e06','678f4d12-beb7-441d-9a35-5de63b7f9e06',null,{ts '2015-09-29 11:07:21.079'},null,null,{ts '2015-09-29 11:09:03.256'});
insert into METL_COMPONENT (ID, ROW_ID, PROJECT_VERSION_ID, DELETED, NAME, TYPE, FOLDER_ID, SHARED, INPUT_MODEL_ID, OUTPUT_MODEL_ID, RESOURCE_ID, CREATE_TIME, CREATE_BY, LAST_UPDATE_BY, LAST_UPDATE_TIME) values ('d5acfdba-115a-4722-9d29-6ac4d9aa2f28','70eb64cd-2e48-4494-ace3-e34788ae70ca','f55241fd-9564-4f6a-bd0d-95a50a729000',0,'Log Results','Message Logger',null,0,'678f4d12-beb7-441d-9a35-5de63b7f9e06',null,null,{ts '2015-09-29 11:06:49.332'},null,null,{ts '2015-09-29 11:09:11.633'});
insert into METL_COMPONENT (ID, ROW_ID, PROJECT_VERSION_ID, DELETED, NAME, TYPE, FOLDER_ID, SHARED, INPUT_MODEL_ID, OUTPUT_MODEL_ID, RESOURCE_ID, CREATE_TIME, CREATE_BY, LAST_UPDATE_BY, LAST_UPDATE_TIME) values ('4a8e79e6-8e1a-46ad-bfcf-78b16e400871','7bb1bc29-25f4-4ada-a500-848c226fd088','f55241fd-9564-4f6a-bd0d-95a50a729000',0,'Parse Heros','Parse Delimited',null,0,null,'678f4d12-beb7-441d-9a35-5de63b7f9e06',null,{ts '2015-09-29 11:07:44.828'},null,null,{ts '2015-09-29 11:10:56.627'});
insert into METL_COMPONENT (ID, ROW_ID, PROJECT_VERSION_ID, DELETED, NAME, TYPE, FOLDER_ID, SHARED, INPUT_MODEL_ID, OUTPUT_MODEL_ID, RESOURCE_ID, CREATE_TIME, CREATE_BY, LAST_UPDATE_BY, LAST_UPDATE_TIME) values ('64fbe5bd-fd5f-4906-936b-98501f5565d4','260878ba-3583-4dce-9ea7-c1c495f98e30','f55241fd-9564-4f6a-bd0d-95a50a729000',0,'Person Table Reader','RDBMS Reader',null,0,null,'678f4d12-beb7-441d-9a35-5de63b7f9e06','39d1c618-9963-4a10-9db2-8ae58e5ab0f9',{ts '2015-09-28 14:44:14.745'},null,null,{ts '2015-09-29 15:48:39.605'});
insert into METL_COMPONENT (ID, ROW_ID, PROJECT_VERSION_ID, DELETED, NAME, TYPE, FOLDER_ID, SHARED, INPUT_MODEL_ID, OUTPUT_MODEL_ID, RESOURCE_ID, CREATE_TIME, CREATE_BY, LAST_UPDATE_BY, LAST_UPDATE_TIME) values ('1fb72f5f-2cd2-44b1-aba2-6badf5a6dc6a','e1d3a5b1-9e88-4fcd-8458-9cda609dacb4','f55241fd-9564-4f6a-bd0d-95a50a729000',0,'Partition On Gender','Entity Router',null,0,'678f4d12-beb7-441d-9a35-5de63b7f9e06','e323d201-1741-4675-badd-5fd7b24e3b11',null,{ts '2015-09-28 15:17:27.844'},null,null,{ts '2015-09-29 15:48:45.918'});
insert into METL_COMPONENT (ID, ROW_ID, PROJECT_VERSION_ID, DELETED, NAME, TYPE, FOLDER_ID, SHARED, INPUT_MODEL_ID, OUTPUT_MODEL_ID, RESOURCE_ID, CREATE_TIME, CREATE_BY, LAST_UPDATE_BY, LAST_UPDATE_TIME) values ('d8c1649d-5596-4736-b6c3-34fcb6a4c4a6','634247e6-f11e-4aa4-959f-d7d0f6d0932b','f55241fd-9564-4f6a-bd0d-95a50a729000',0,'Female Mapper','Mapping',null,0,'678f4d12-beb7-441d-9a35-5de63b7f9e06','e323d201-1741-4675-badd-5fd7b24e3b11',null,{ts '2015-09-28 15:21:06.093'},null,null,{ts '2015-09-29 15:48:56.649'});
insert into METL_COMPONENT (ID, ROW_ID, PROJECT_VERSION_ID, DELETED, NAME, TYPE, FOLDER_ID, SHARED, INPUT_MODEL_ID, OUTPUT_MODEL_ID, RESOURCE_ID, CREATE_TIME, CREATE_BY, LAST_UPDATE_BY, LAST_UPDATE_TIME) values ('c83c1697-3e8e-4d6c-8c45-7ada6876fb1f','bcff6ee3-4aaf-4537-91cb-8b456026f30b','f55241fd-9564-4f6a-bd0d-95a50a729000',0,'Male Mapper','Mapping',null,0,'678f4d12-beb7-441d-9a35-5de63b7f9e06','e323d201-1741-4675-badd-5fd7b24e3b11',null,{ts '2015-09-28 15:21:03.111'},null,null,{ts '2015-09-29 15:49:03.414'});
insert into METL_COMPONENT_SETTING (ID, COMPONENT_ID, NAME, VALUE, CREATE_TIME, CREATE_BY, LAST_UPDATE_BY, LAST_UPDATE_TIME) values ('87b52517-308c-4c7c-95ea-d3c007be4a50','a8e301cc-f2e8-48a6-b386-2ca4a6a315d4','sql','drop table if exists person;
drop table if exists female;
drop table if exists male;
create table person (id integer auto_increment, first_name varchar(100), last_name varchar(100), gender char(1), primary key (id));
create table male (id integer auto_increment, first_name varchar(100), last_name varchar(100), primary key(id));
create table female (id integer auto_increment, first_name varchar(100), last_name varchar(100), primary key(id));
create table if not exists runs (id integer auto_increment, exec_time timestamp, primary key (id));
insert into person values(1, ''Garfield'', ''Arbuckle'', ''M'');
insert into person values(2, ''Odie'', ''Arbuckle'', ''M'');
insert into person values(3, ''Jon'', ''Arbuckle'', ''M'');
insert into person values(4, ''Liz'', ''Wilson'', ''F'');
insert into person values(5, ''Arlene'', ''Cat'', ''F'');',{ts '2015-09-28 14:43:03.841'},null,null,{ts '2015-09-30 14:24:27.580'});
insert into METL_COMPONENT_SETTING (ID, COMPONENT_ID, NAME, VALUE, CREATE_TIME, CREATE_BY, LAST_UPDATE_BY, LAST_UPDATE_TIME) values ('71440ead-9b7b-4f97-9637-09ddc07dd7bd','48d92f15-542e-437c-8041-43db46c8923d','sql','insert into runs (exec_time) values(current_timestamp);',{ts '2015-09-28 15:27:02.184'},null,null,{ts '2015-09-28 15:27:15.566'});
insert into METL_COMPONENT_SETTING (ID, COMPONENT_ID, NAME, VALUE, CREATE_TIME, CREATE_BY, LAST_UPDATE_BY, LAST_UPDATE_TIME) values ('3c090c3c-2ac9-4c82-bde6-6316deb56cab','cadcab7c-357f-43d4-b13c-8834364220ad','quote.character','',{ts '2015-09-29 08:07:16.050'},null,null,{ts '2015-09-29 10:29:30.746'});
insert into METL_COMPONENT_SETTING (ID, COMPONENT_ID, NAME, VALUE, CREATE_TIME, CREATE_BY, LAST_UPDATE_BY, LAST_UPDATE_TIME) values ('ff0be6a5-5a53-4266-931b-8bd4cff0c0b4','b642d9ee-ab20-492b-9fef-e0656edd9f27','delay.in.ms','5000',{ts '2015-09-29 07:55:47.145'},null,null,{ts '2015-09-29 10:32:53.385'});
insert into METL_COMPONENT_SETTING (ID, COMPONENT_ID, NAME, VALUE, CREATE_TIME, CREATE_BY, LAST_UPDATE_BY, LAST_UPDATE_TIME) values ('5efa4ae0-ba95-4b08-8385-a5b1d45a96f5','21818f39-ead6-4336-b8c2-fe0ff6f5c284','sort.attribute','PERSON.ID',{ts '2015-09-29 07:58:34.363'},null,null,{ts '2015-09-29 10:37:15.506'});
insert into METL_COMPONENT_SETTING (ID, COMPONENT_ID, NAME, VALUE, CREATE_TIME, CREATE_BY, LAST_UPDATE_BY, LAST_UPDATE_TIME) values ('779936cb-e22d-4e66-ba0e-d79bed89152c','21818f39-ead6-4336-b8c2-fe0ff6f5c284','rows.per.message','100',{ts '2015-09-29 07:58:44.825'},null,null,{ts '2015-09-29 10:37:15.507'});
insert into METL_COMPONENT_SETTING (ID, COMPONENT_ID, NAME, VALUE, CREATE_TIME, CREATE_BY, LAST_UPDATE_BY, LAST_UPDATE_TIME) values ('2c3ee94c-36c3-472e-a671-ca2133f2daba','26cf2469-e8ad-4332-8bba-12730b0e537a','text','4,Diane,Prince,F
3,Clark,Kent,M
1,Peter,Parker,M
2,Bruce,Wayne,M
5,Bruce,Banner,M
7,Matt,Murdock,M
6,Jessica,Jone,F',{ts '2015-09-29 07:54:10.873'},null,null,{ts '2015-09-29 15:47:47.820'});
insert into METL_COMPONENT_SETTING (ID, COMPONENT_ID, NAME, VALUE, CREATE_TIME, CREATE_BY, LAST_UPDATE_BY, LAST_UPDATE_TIME) values ('8fcb1334-2e53-48ad-b9f6-2e445155e1f4','b0ea84e9-3350-4bda-b40c-b61d00e31dce','text','4,Diane,Prince,F
3,Clark,Kent,M
1,Peter,Parker,M
2,Bruce,Wayne,M
',{ts '2015-09-29 07:51:59.599'},null,null,{ts '2015-09-29 11:05:44.318'});
insert into METL_COMPONENT_SETTING (ID, COMPONENT_ID, NAME, VALUE, CREATE_TIME, CREATE_BY, LAST_UPDATE_BY, LAST_UPDATE_TIME) values ('2b29bb60-02ac-47bf-aba5-68b0a136de6c','64fbe5bd-fd5f-4906-936b-98501f5565d4','sql','select * from person',{ts '2015-09-28 14:45:43.347'},null,null,{ts '2015-09-28 15:26:22.831'});
insert into METL_COMPONENT_SETTING (ID, COMPONENT_ID, NAME, VALUE, CREATE_TIME, CREATE_BY, LAST_UPDATE_BY, LAST_UPDATE_TIME) values ('c307d07c-08f6-4ba7-9286-4ae955814a90','1fb72f5f-2cd2-44b1-aba2-6badf5a6dc6a','config','[{"matchExpression":"PERSON.GENDER==''F''","targetStepId":"cc7bd445-2222-42fa-b6c0-eb9a0ceb4926"},{"matchExpression":"PERSON.GENDER==''M''","targetStepId":"b48d64ff-7718-4bd0-bc7f-bcf3d0af7bec"}]',{ts '2015-09-28 15:17:49.334'},null,null,{ts '2015-09-28 15:29:28.085'});
insert into METL_COMPONENT_ATTRIBUTE_SETTING (ID, COMPONENT_ID, ATTRIBUTE_ID, NAME, VALUE, CREATE_TIME, CREATE_BY, LAST_UPDATE_BY, LAST_UPDATE_TIME) values ('dea84630-8eb2-4000-a6d1-9d43e1572378','cadcab7c-357f-43d4-b13c-8834364220ad','d11339ec-3aab-4047-91b4-e7150ffce4b9','delimited.formatter.attribute.ordinal','1',{ts '2015-09-29 08:07:02.588'},null,null,{ts '2015-09-29 10:29:30.744'});
insert into METL_COMPONENT_ATTRIBUTE_SETTING (ID, COMPONENT_ID, ATTRIBUTE_ID, NAME, VALUE, CREATE_TIME, CREATE_BY, LAST_UPDATE_BY, LAST_UPDATE_TIME) values ('0acce924-c3ff-4f58-b514-5bb0ef5b8843','cadcab7c-357f-43d4-b13c-8834364220ad','5f3cecf4-15d2-4910-916b-47beae752d47','delimited.formatter.attribute.ordinal','2',{ts '2015-09-29 08:07:02.589'},null,null,{ts '2015-09-29 10:29:30.744'});
insert into METL_COMPONENT_ATTRIBUTE_SETTING (ID, COMPONENT_ID, ATTRIBUTE_ID, NAME, VALUE, CREATE_TIME, CREATE_BY, LAST_UPDATE_BY, LAST_UPDATE_TIME) values ('ed45f5f6-7619-438f-aeab-595cd9b97458','cadcab7c-357f-43d4-b13c-8834364220ad','242365fa-e6cb-49b9-b5c5-00a4807f2d8d','delimited.formatter.attribute.ordinal','3',{ts '2015-09-29 08:07:02.589'},null,null,{ts '2015-09-29 10:29:30.744'});
insert into METL_COMPONENT_ATTRIBUTE_SETTING (ID, COMPONENT_ID, ATTRIBUTE_ID, NAME, VALUE, CREATE_TIME, CREATE_BY, LAST_UPDATE_BY, LAST_UPDATE_TIME) values ('38dab1f9-b258-4042-9b58-c12ca15c3dc6','cadcab7c-357f-43d4-b13c-8834364220ad','94c3d263-68fc-4ddc-a4c4-2817f84fed9c','delimited.formatter.attribute.ordinal','4',{ts '2015-09-29 08:07:02.589'},null,null,{ts '2015-09-29 10:29:30.745'});
insert into METL_COMPONENT_ATTRIBUTE_SETTING (ID, COMPONENT_ID, ATTRIBUTE_ID, NAME, VALUE, CREATE_TIME, CREATE_BY, LAST_UPDATE_BY, LAST_UPDATE_TIME) values ('aabc08e2-ed47-4dc0-92bf-d51d0bdcbe06','cadcab7c-357f-43d4-b13c-8834364220ad','d11339ec-3aab-4047-91b4-e7150ffce4b9','delimited.formatter.attribute.format.function','',{ts '2015-09-29 08:07:02.589'},null,null,{ts '2015-09-29 10:29:30.745'});
insert into METL_COMPONENT_ATTRIBUTE_SETTING (ID, COMPONENT_ID, ATTRIBUTE_ID, NAME, VALUE, CREATE_TIME, CREATE_BY, LAST_UPDATE_BY, LAST_UPDATE_TIME) values ('eae6f2de-65e5-4db3-95b7-2a8b9070ea5a','cadcab7c-357f-43d4-b13c-8834364220ad','5f3cecf4-15d2-4910-916b-47beae752d47','delimited.formatter.attribute.format.function','',{ts '2015-09-29 08:07:02.590'},null,null,{ts '2015-09-29 10:29:30.745'});
insert into METL_COMPONENT_ATTRIBUTE_SETTING (ID, COMPONENT_ID, ATTRIBUTE_ID, NAME, VALUE, CREATE_TIME, CREATE_BY, LAST_UPDATE_BY, LAST_UPDATE_TIME) values ('9345ed96-b05f-4897-a94b-54e2f7efc47d','cadcab7c-357f-43d4-b13c-8834364220ad','242365fa-e6cb-49b9-b5c5-00a4807f2d8d','delimited.formatter.attribute.format.function','',{ts '2015-09-29 08:07:02.590'},null,null,{ts '2015-09-29 10:29:30.745'});
insert into METL_COMPONENT_ATTRIBUTE_SETTING (ID, COMPONENT_ID, ATTRIBUTE_ID, NAME, VALUE, CREATE_TIME, CREATE_BY, LAST_UPDATE_BY, LAST_UPDATE_TIME) values ('c905cda0-9ade-4677-8b37-ddf7ea4d575c','cadcab7c-357f-43d4-b13c-8834364220ad','94c3d263-68fc-4ddc-a4c4-2817f84fed9c','delimited.formatter.attribute.format.function','',{ts '2015-09-29 08:07:02.590'},null,null,{ts '2015-09-29 10:29:30.746'});
insert into METL_COMPONENT_ATTRIBUTE_SETTING (ID, COMPONENT_ID, ATTRIBUTE_ID, NAME, VALUE, CREATE_TIME, CREATE_BY, LAST_UPDATE_BY, LAST_UPDATE_TIME) values ('83ccd00e-3a6b-4a7f-af52-5c1b7c433b17','951d8e09-2c1d-4954-a807-750439182718','5b18eb1e-603a-4f22-9bd3-e079196b3b86','delimited.formatter.attribute.ordinal','5',{ts '2015-09-29 07:56:29.167'},null,null,{ts '2015-09-29 10:29:31.947'});
insert into METL_COMPONENT_ATTRIBUTE_SETTING (ID, COMPONENT_ID, ATTRIBUTE_ID, NAME, VALUE, CREATE_TIME, CREATE_BY, LAST_UPDATE_BY, LAST_UPDATE_TIME) values ('1a7a147c-e766-4f7b-b7f0-edfe222e7809','951d8e09-2c1d-4954-a807-750439182718','bc395e2d-af35-422c-a1b1-f5e69b524862','delimited.formatter.attribute.ordinal','6',{ts '2015-09-29 07:56:29.167'},null,null,{ts '2015-09-29 10:29:31.947'});
insert into METL_COMPONENT_ATTRIBUTE_SETTING (ID, COMPONENT_ID, ATTRIBUTE_ID, NAME, VALUE, CREATE_TIME, CREATE_BY, LAST_UPDATE_BY, LAST_UPDATE_TIME) values ('a3927920-7f54-4815-9896-97fc074808b3','951d8e09-2c1d-4954-a807-750439182718','3a98c162-b325-41c2-876d-348cf62d67af','delimited.formatter.attribute.ordinal','7',{ts '2015-09-29 07:56:29.168'},null,null,{ts '2015-09-29 10:29:31.947'});
insert into METL_COMPONENT_ATTRIBUTE_SETTING (ID, COMPONENT_ID, ATTRIBUTE_ID, NAME, VALUE, CREATE_TIME, CREATE_BY, LAST_UPDATE_BY, LAST_UPDATE_TIME) values ('065883e0-3562-4322-9b6e-c956cc6cfac2','951d8e09-2c1d-4954-a807-750439182718','e5756c1f-18de-41a9-a39a-b4652b7a654e','delimited.formatter.attribute.ordinal','8',{ts '2015-09-29 07:56:29.168'},null,null,{ts '2015-09-29 10:29:31.948'});
insert into METL_COMPONENT_ATTRIBUTE_SETTING (ID, COMPONENT_ID, ATTRIBUTE_ID, NAME, VALUE, CREATE_TIME, CREATE_BY, LAST_UPDATE_BY, LAST_UPDATE_TIME) values ('0d770156-6f53-491e-b108-3cbe5cd11693','951d8e09-2c1d-4954-a807-750439182718','3954107d-325b-4c45-90fd-8aae09d5a100','delimited.formatter.attribute.ordinal','9',{ts '2015-09-29 07:56:29.168'},null,null,{ts '2015-09-29 10:29:31.948'});
insert into METL_COMPONENT_ATTRIBUTE_SETTING (ID, COMPONENT_ID, ATTRIBUTE_ID, NAME, VALUE, CREATE_TIME, CREATE_BY, LAST_UPDATE_BY, LAST_UPDATE_TIME) values ('2afabfff-8481-4ca6-950d-f7039687f6e0','951d8e09-2c1d-4954-a807-750439182718','b32f78a0-27c4-4782-b4ae-3a8ddb45b63e','delimited.formatter.attribute.ordinal','10',{ts '2015-09-29 07:56:29.169'},null,null,{ts '2015-09-29 10:29:31.948'});
insert into METL_COMPONENT_ATTRIBUTE_SETTING (ID, COMPONENT_ID, ATTRIBUTE_ID, NAME, VALUE, CREATE_TIME, CREATE_BY, LAST_UPDATE_BY, LAST_UPDATE_TIME) values ('bbda5406-811b-4922-ae42-2917ccf3ab4e','951d8e09-2c1d-4954-a807-750439182718','5b18eb1e-603a-4f22-9bd3-e079196b3b86','delimited.formatter.attribute.format.function','',{ts '2015-09-29 07:56:29.170'},null,null,{ts '2015-09-29 10:29:31.949'});
insert into METL_COMPONENT_ATTRIBUTE_SETTING (ID, COMPONENT_ID, ATTRIBUTE_ID, NAME, VALUE, CREATE_TIME, CREATE_BY, LAST_UPDATE_BY, LAST_UPDATE_TIME) values ('1134fb02-2834-4c28-a9c1-9a30a9290b42','951d8e09-2c1d-4954-a807-750439182718','bc395e2d-af35-422c-a1b1-f5e69b524862','delimited.formatter.attribute.format.function','',{ts '2015-09-29 07:56:29.170'},null,null,{ts '2015-09-29 10:29:31.949'});
insert into METL_COMPONENT_ATTRIBUTE_SETTING (ID, COMPONENT_ID, ATTRIBUTE_ID, NAME, VALUE, CREATE_TIME, CREATE_BY, LAST_UPDATE_BY, LAST_UPDATE_TIME) values ('9f59e350-ce20-431c-a562-d1ce06014717','951d8e09-2c1d-4954-a807-750439182718','3a98c162-b325-41c2-876d-348cf62d67af','delimited.formatter.attribute.format.function','',{ts '2015-09-29 07:56:29.170'},null,null,{ts '2015-09-29 10:29:31.949'});
insert into METL_COMPONENT_ATTRIBUTE_SETTING (ID, COMPONENT_ID, ATTRIBUTE_ID, NAME, VALUE, CREATE_TIME, CREATE_BY, LAST_UPDATE_BY, LAST_UPDATE_TIME) values ('7c260173-9362-4d29-988d-88e2830f451d','951d8e09-2c1d-4954-a807-750439182718','e5756c1f-18de-41a9-a39a-b4652b7a654e','delimited.formatter.attribute.format.function','',{ts '2015-09-29 07:56:29.171'},null,null,{ts '2015-09-29 10:29:31.949'});
insert into METL_COMPONENT_ATTRIBUTE_SETTING (ID, COMPONENT_ID, ATTRIBUTE_ID, NAME, VALUE, CREATE_TIME, CREATE_BY, LAST_UPDATE_BY, LAST_UPDATE_TIME) values ('c9bcec6a-4884-41a2-9c3c-dd045198b6b1','951d8e09-2c1d-4954-a807-750439182718','3954107d-325b-4c45-90fd-8aae09d5a100','delimited.formatter.attribute.format.function','',{ts '2015-09-29 07:56:29.171'},null,null,{ts '2015-09-29 10:29:31.949'});
insert into METL_COMPONENT_ATTRIBUTE_SETTING (ID, COMPONENT_ID, ATTRIBUTE_ID, NAME, VALUE, CREATE_TIME, CREATE_BY, LAST_UPDATE_BY, LAST_UPDATE_TIME) values ('c3154e3a-8ddc-40a1-a862-d0231365f5fa','951d8e09-2c1d-4954-a807-750439182718','b32f78a0-27c4-4782-b4ae-3a8ddb45b63e','delimited.formatter.attribute.format.function','',{ts '2015-09-29 07:56:29.171'},null,null,{ts '2015-09-29 10:29:31.950'});
insert into METL_COMPONENT_ATTRIBUTE_SETTING (ID, COMPONENT_ID, ATTRIBUTE_ID, NAME, VALUE, CREATE_TIME, CREATE_BY, LAST_UPDATE_BY, LAST_UPDATE_TIME) values ('df9f6aef-e89f-422f-8a48-9ceff37517b7','951d8e09-2c1d-4954-a807-750439182718','d11339ec-3aab-4047-91b4-e7150ffce4b9','delimited.formatter.attribute.ordinal','1',{ts '2015-09-29 08:06:54.130'},null,null,{ts '2015-09-29 10:29:31.950'});
insert into METL_COMPONENT_ATTRIBUTE_SETTING (ID, COMPONENT_ID, ATTRIBUTE_ID, NAME, VALUE, CREATE_TIME, CREATE_BY, LAST_UPDATE_BY, LAST_UPDATE_TIME) values ('10fc1c71-f1f8-4f16-ba30-e5bcd3c908b6','951d8e09-2c1d-4954-a807-750439182718','5f3cecf4-15d2-4910-916b-47beae752d47','delimited.formatter.attribute.ordinal','2',{ts '2015-09-29 08:06:54.131'},null,null,{ts '2015-09-29 10:29:31.950'});
insert into METL_COMPONENT_ATTRIBUTE_SETTING (ID, COMPONENT_ID, ATTRIBUTE_ID, NAME, VALUE, CREATE_TIME, CREATE_BY, LAST_UPDATE_BY, LAST_UPDATE_TIME) values ('b8bd1cda-0313-43c6-ab73-4ae19fc03ecf','951d8e09-2c1d-4954-a807-750439182718','242365fa-e6cb-49b9-b5c5-00a4807f2d8d','delimited.formatter.attribute.ordinal','3',{ts '2015-09-29 08:06:54.131'},null,null,{ts '2015-09-29 10:29:31.950'});
insert into METL_COMPONENT_ATTRIBUTE_SETTING (ID, COMPONENT_ID, ATTRIBUTE_ID, NAME, VALUE, CREATE_TIME, CREATE_BY, LAST_UPDATE_BY, LAST_UPDATE_TIME) values ('504a4c73-837b-4880-991d-4d2e99bf820e','951d8e09-2c1d-4954-a807-750439182718','94c3d263-68fc-4ddc-a4c4-2817f84fed9c','delimited.formatter.attribute.ordinal','4',{ts '2015-09-29 08:06:54.132'},null,null,{ts '2015-09-29 10:29:31.950'});
insert into METL_COMPONENT_ATTRIBUTE_SETTING (ID, COMPONENT_ID, ATTRIBUTE_ID, NAME, VALUE, CREATE_TIME, CREATE_BY, LAST_UPDATE_BY, LAST_UPDATE_TIME) values ('4e3cccd0-a491-4caa-98ba-3eeb4d033be5','951d8e09-2c1d-4954-a807-750439182718','d11339ec-3aab-4047-91b4-e7150ffce4b9','delimited.formatter.attribute.format.function','',{ts '2015-09-29 08:06:54.132'},null,null,{ts '2015-09-29 10:29:31.951'});
insert into METL_COMPONENT_ATTRIBUTE_SETTING (ID, COMPONENT_ID, ATTRIBUTE_ID, NAME, VALUE, CREATE_TIME, CREATE_BY, LAST_UPDATE_BY, LAST_UPDATE_TIME) values ('8a9904eb-8069-4836-9995-6d510ca2a55c','951d8e09-2c1d-4954-a807-750439182718','5f3cecf4-15d2-4910-916b-47beae752d47','delimited.formatter.attribute.format.function','',{ts '2015-09-29 08:06:54.133'},null,null,{ts '2015-09-29 10:29:31.951'});
insert into METL_COMPONENT_ATTRIBUTE_SETTING (ID, COMPONENT_ID, ATTRIBUTE_ID, NAME, VALUE, CREATE_TIME, CREATE_BY, LAST_UPDATE_BY, LAST_UPDATE_TIME) values ('edc48122-96f7-4894-90ac-709794799501','951d8e09-2c1d-4954-a807-750439182718','242365fa-e6cb-49b9-b5c5-00a4807f2d8d','delimited.formatter.attribute.format.function','',{ts '2015-09-29 08:06:54.133'},null,null,{ts '2015-09-29 10:29:31.951'});
insert into METL_COMPONENT_ATTRIBUTE_SETTING (ID, COMPONENT_ID, ATTRIBUTE_ID, NAME, VALUE, CREATE_TIME, CREATE_BY, LAST_UPDATE_BY, LAST_UPDATE_TIME) values ('47cdc4e7-3b00-4f28-ad5f-15b0636bdd26','951d8e09-2c1d-4954-a807-750439182718','94c3d263-68fc-4ddc-a4c4-2817f84fed9c','delimited.formatter.attribute.format.function','',{ts '2015-09-29 08:06:54.134'},null,null,{ts '2015-09-29 10:29:31.951'});
insert into METL_COMPONENT_ATTRIBUTE_SETTING (ID, COMPONENT_ID, ATTRIBUTE_ID, NAME, VALUE, CREATE_TIME, CREATE_BY, LAST_UPDATE_BY, LAST_UPDATE_TIME) values ('712c3ad3-0ede-46e3-940f-ac87249460a5','4a8e79e6-8e1a-46ad-bfcf-78b16e400871','d11339ec-3aab-4047-91b4-e7150ffce4b9','delimited.formatter.attribute.ordinal','1',{ts '2015-09-29 11:08:52.144'},null,null,{ts '2015-09-29 11:10:56.629'});
insert into METL_COMPONENT_ATTRIBUTE_SETTING (ID, COMPONENT_ID, ATTRIBUTE_ID, NAME, VALUE, CREATE_TIME, CREATE_BY, LAST_UPDATE_BY, LAST_UPDATE_TIME) values ('3c21d91c-c352-451a-b55d-351b96e0ae37','4a8e79e6-8e1a-46ad-bfcf-78b16e400871','5f3cecf4-15d2-4910-916b-47beae752d47','delimited.formatter.attribute.ordinal','2',{ts '2015-09-29 11:08:52.145'},null,null,{ts '2015-09-29 11:10:56.629'});
insert into METL_COMPONENT_ATTRIBUTE_SETTING (ID, COMPONENT_ID, ATTRIBUTE_ID, NAME, VALUE, CREATE_TIME, CREATE_BY, LAST_UPDATE_BY, LAST_UPDATE_TIME) values ('656a1296-ce71-45b7-891e-f495b7d6db17','4a8e79e6-8e1a-46ad-bfcf-78b16e400871','242365fa-e6cb-49b9-b5c5-00a4807f2d8d','delimited.formatter.attribute.ordinal','3',{ts '2015-09-29 11:08:52.145'},null,null,{ts '2015-09-29 11:10:56.629'});
insert into METL_COMPONENT_ATTRIBUTE_SETTING (ID, COMPONENT_ID, ATTRIBUTE_ID, NAME, VALUE, CREATE_TIME, CREATE_BY, LAST_UPDATE_BY, LAST_UPDATE_TIME) values ('ddb3bec9-1c4b-49bd-87b4-f7d4f7a15c88','4a8e79e6-8e1a-46ad-bfcf-78b16e400871','94c3d263-68fc-4ddc-a4c4-2817f84fed9c','delimited.formatter.attribute.ordinal','4',{ts '2015-09-29 11:08:52.145'},null,null,{ts '2015-09-29 11:10:56.629'});
insert into METL_COMPONENT_ATTRIBUTE_SETTING (ID, COMPONENT_ID, ATTRIBUTE_ID, NAME, VALUE, CREATE_TIME, CREATE_BY, LAST_UPDATE_BY, LAST_UPDATE_TIME) values ('29da085d-20c1-4e8d-98eb-a17e78039432','4a8e79e6-8e1a-46ad-bfcf-78b16e400871','d11339ec-3aab-4047-91b4-e7150ffce4b9','delimited.formatter.attribute.format.function','',{ts '2015-09-29 11:08:52.146'},null,null,{ts '2015-09-29 11:10:56.629'});
insert into METL_COMPONENT_ATTRIBUTE_SETTING (ID, COMPONENT_ID, ATTRIBUTE_ID, NAME, VALUE, CREATE_TIME, CREATE_BY, LAST_UPDATE_BY, LAST_UPDATE_TIME) values ('b184c8a1-4c61-4279-926f-6665d3ddd4ea','4a8e79e6-8e1a-46ad-bfcf-78b16e400871','5f3cecf4-15d2-4910-916b-47beae752d47','delimited.formatter.attribute.format.function','',{ts '2015-09-29 11:08:52.146'},null,null,{ts '2015-09-29 11:10:56.630'});
insert into METL_COMPONENT_ATTRIBUTE_SETTING (ID, COMPONENT_ID, ATTRIBUTE_ID, NAME, VALUE, CREATE_TIME, CREATE_BY, LAST_UPDATE_BY, LAST_UPDATE_TIME) values ('4c0523c5-b8b0-47a0-901e-16a1e4a26fd4','4a8e79e6-8e1a-46ad-bfcf-78b16e400871','242365fa-e6cb-49b9-b5c5-00a4807f2d8d','delimited.formatter.attribute.format.function','',{ts '2015-09-29 11:08:52.147'},null,null,{ts '2015-09-29 11:10:56.630'});
insert into METL_COMPONENT_ATTRIBUTE_SETTING (ID, COMPONENT_ID, ATTRIBUTE_ID, NAME, VALUE, CREATE_TIME, CREATE_BY, LAST_UPDATE_BY, LAST_UPDATE_TIME) values ('7cc45e26-b8f7-49a0-a87c-c99762c2cd18','4a8e79e6-8e1a-46ad-bfcf-78b16e400871','94c3d263-68fc-4ddc-a4c4-2817f84fed9c','delimited.formatter.attribute.format.function','',{ts '2015-09-29 11:08:52.147'},null,null,{ts '2015-09-29 11:10:56.630'});
insert into METL_COMPONENT_ATTRIBUTE_SETTING (ID, COMPONENT_ID, ATTRIBUTE_ID, NAME, VALUE, CREATE_TIME, CREATE_BY, LAST_UPDATE_BY, LAST_UPDATE_TIME) values ('b4cf86a7-e38d-410e-9801-1d5024e7ba99','d8c1649d-5596-4736-b6c3-34fcb6a4c4a6','5f3cecf4-15d2-4910-916b-47beae752d47','mapping.processor.attribute.maps.to','bc395e2d-af35-422c-a1b1-f5e69b524862',{ts '2015-09-29 15:49:54.785'},null,null,{ts '2015-09-29 15:49:54.786'});
insert into METL_COMPONENT_ATTRIBUTE_SETTING (ID, COMPONENT_ID, ATTRIBUTE_ID, NAME, VALUE, CREATE_TIME, CREATE_BY, LAST_UPDATE_BY, LAST_UPDATE_TIME) values ('779d16fe-42e2-40a0-9cd6-71b108f6ca93','d8c1649d-5596-4736-b6c3-34fcb6a4c4a6','d11339ec-3aab-4047-91b4-e7150ffce4b9','mapping.processor.attribute.maps.to','5b18eb1e-603a-4f22-9bd3-e079196b3b86',{ts '2015-09-29 15:49:57.058'},null,null,{ts '2015-09-29 15:49:57.058'});
insert into METL_COMPONENT_ATTRIBUTE_SETTING (ID, COMPONENT_ID, ATTRIBUTE_ID, NAME, VALUE, CREATE_TIME, CREATE_BY, LAST_UPDATE_BY, LAST_UPDATE_TIME) values ('8d330875-2ac3-45d6-8bfe-96d4ca13b92a','d8c1649d-5596-4736-b6c3-34fcb6a4c4a6','242365fa-e6cb-49b9-b5c5-00a4807f2d8d','mapping.processor.attribute.maps.to','3a98c162-b325-41c2-876d-348cf62d67af',{ts '2015-09-29 15:49:58.722'},null,null,{ts '2015-09-29 15:49:58.722'});
insert into METL_COMPONENT_ATTRIBUTE_SETTING (ID, COMPONENT_ID, ATTRIBUTE_ID, NAME, VALUE, CREATE_TIME, CREATE_BY, LAST_UPDATE_BY, LAST_UPDATE_TIME) values ('a5351d58-5cca-4af8-9f9a-eb3023ffe902','c83c1697-3e8e-4d6c-8c45-7ada6876fb1f','5f3cecf4-15d2-4910-916b-47beae752d47','mapping.processor.attribute.maps.to','e5756c1f-18de-41a9-a39a-b4652b7a654e',{ts '2015-09-29 15:49:22.960'},null,null,{ts '2015-09-29 15:49:22.960'});
insert into METL_COMPONENT_ATTRIBUTE_SETTING (ID, COMPONENT_ID, ATTRIBUTE_ID, NAME, VALUE, CREATE_TIME, CREATE_BY, LAST_UPDATE_BY, LAST_UPDATE_TIME) values ('7dc70568-7290-4b89-9b62-07c6b58c0199','c83c1697-3e8e-4d6c-8c45-7ada6876fb1f','d11339ec-3aab-4047-91b4-e7150ffce4b9','mapping.processor.attribute.maps.to','b32f78a0-27c4-4782-b4ae-3a8ddb45b63e',{ts '2015-09-29 15:49:28.659'},null,null,{ts '2015-09-29 15:49:28.659'});
insert into METL_COMPONENT_ATTRIBUTE_SETTING (ID, COMPONENT_ID, ATTRIBUTE_ID, NAME, VALUE, CREATE_TIME, CREATE_BY, LAST_UPDATE_BY, LAST_UPDATE_TIME) values ('92d4254f-9be6-43a6-b414-4b0e7a96aef4','c83c1697-3e8e-4d6c-8c45-7ada6876fb1f','242365fa-e6cb-49b9-b5c5-00a4807f2d8d','mapping.processor.attribute.maps.to','3954107d-325b-4c45-90fd-8aae09d5a100',{ts '2015-09-29 15:49:30.800'},null,null,{ts '2015-09-29 15:49:30.800'});
insert into METL_FLOW (ID, ROW_ID, PROJECT_VERSION_ID, DELETED, NAME, FOLDER_ID, CREATE_TIME, CREATE_BY, LAST_UPDATE_BY, LAST_UPDATE_TIME) values ('2bfd1a28-5825-4fd8-b6c1-af05900dc09e','a1ea815b-3c11-44e5-8ab7-eedaa090e1fd','f55241fd-9564-4f6a-bd0d-95a50a729000',0,'Partition By Gender',null,{ts '2015-09-28 14:34:48.262'},null,null,{ts '2015-09-29 08:02:30.271'});
insert into METL_FLOW (ID, ROW_ID, PROJECT_VERSION_ID, DELETED, NAME, FOLDER_ID, CREATE_TIME, CREATE_BY, LAST_UPDATE_BY, LAST_UPDATE_TIME) values ('1ddf97fc-5546-455e-836f-f1f5bd02922f','9276c0d0-c083-4ae0-8795-f553a2789fa1','f55241fd-9564-4f6a-bd0d-95a50a729000',0,'Sort Super Heros',null,{ts '2015-09-29 07:28:42.113'},null,null,{ts '2015-09-29 10:07:29.915'});
insert into METL_FLOW (ID, ROW_ID, PROJECT_VERSION_ID, DELETED, NAME, FOLDER_ID, CREATE_TIME, CREATE_BY, LAST_UPDATE_BY, LAST_UPDATE_TIME) values ('7d489ca3-f9cf-428e-ae62-e8e401b41d27','469b0f29-1d48-46e2-bfcd-364064ae2522','f55241fd-9564-4f6a-bd0d-95a50a729000',0,'Dedupe Super Heros',null,{ts '2015-09-29 11:05:08.667'},null,null,{ts '2015-09-29 11:09:03.251'});
insert into METL_FLOW_STEP (ID, FLOW_ID, COMPONENT_ID, X, Y, APPROXIMATE_ORDER, CREATE_TIME, CREATE_BY, LAST_UPDATE_BY, LAST_UPDATE_TIME) values ('99477076-0755-411c-bc8f-806d44834b5c','2bfd1a28-5825-4fd8-b6c1-af05900dc09e','cccf96a3-e8d4-4d04-b2fc-5d1cf33541be',590,40,4,{ts '2015-09-28 15:22:57.379'},null,null,{ts '2015-09-28 15:26:22.831'});
insert into METL_FLOW_STEP (ID, FLOW_ID, COMPONENT_ID, X, Y, APPROXIMATE_ORDER, CREATE_TIME, CREATE_BY, LAST_UPDATE_BY, LAST_UPDATE_TIME) values ('46273451-c21a-4d1a-ad1c-35f9955a1cf6','2bfd1a28-5825-4fd8-b6c1-af05900dc09e','64fbe5bd-fd5f-4906-936b-98501f5565d4',160,110,1,{ts '2015-09-28 14:44:14.745'},null,null,{ts '2015-09-28 15:26:22.831'});
insert into METL_FLOW_STEP (ID, FLOW_ID, COMPONENT_ID, X, Y, APPROXIMATE_ORDER, CREATE_TIME, CREATE_BY, LAST_UPDATE_BY, LAST_UPDATE_TIME) values ('e84e4bb2-47d4-4163-be97-192126700108','2bfd1a28-5825-4fd8-b6c1-af05900dc09e','a8e301cc-f2e8-48a6-b386-2ca4a6a315d4',30,110,0,{ts '2015-09-28 14:40:54.702'},null,null,{ts '2015-09-28 15:26:22.832'});
insert into METL_FLOW_STEP (ID, FLOW_ID, COMPONENT_ID, X, Y, APPROXIMATE_ORDER, CREATE_TIME, CREATE_BY, LAST_UPDATE_BY, LAST_UPDATE_TIME) values ('ce84e1e6-99c2-494e-9143-3344493279d1','2bfd1a28-5825-4fd8-b6c1-af05900dc09e','1fb72f5f-2cd2-44b1-aba2-6badf5a6dc6a',290,110,2,{ts '2015-09-28 15:17:27.844'},null,null,{ts '2015-09-28 15:26:22.833'});
insert into METL_FLOW_STEP (ID, FLOW_ID, COMPONENT_ID, X, Y, APPROXIMATE_ORDER, CREATE_TIME, CREATE_BY, LAST_UPDATE_BY, LAST_UPDATE_TIME) values ('d2af748e-55ff-4bfd-9546-ece03c8704e4','2bfd1a28-5825-4fd8-b6c1-af05900dc09e','6e7247c9-7017-4762-96ed-692f685eac68',750,110,8,{ts '2015-09-28 15:25:43.591'},null,null,{ts '2015-09-28 15:26:22.833'});
insert into METL_FLOW_STEP (ID, FLOW_ID, COMPONENT_ID, X, Y, APPROXIMATE_ORDER, CREATE_TIME, CREATE_BY, LAST_UPDATE_BY, LAST_UPDATE_TIME) values ('072e20b8-bef8-494f-8178-9db2471f0584','2bfd1a28-5825-4fd8-b6c1-af05900dc09e','48d92f15-542e-437c-8041-43db46c8923d',890,110,9,{ts '2015-09-28 15:26:12.643'},null,null,{ts '2015-09-28 15:26:22.834'});
insert into METL_FLOW_STEP (ID, FLOW_ID, COMPONENT_ID, X, Y, APPROXIMATE_ORDER, CREATE_TIME, CREATE_BY, LAST_UPDATE_BY, LAST_UPDATE_TIME) values ('cc7bd445-2222-42fa-b6c0-eb9a0ceb4926','2bfd1a28-5825-4fd8-b6c1-af05900dc09e','d8c1649d-5596-4736-b6c3-34fcb6a4c4a6',450,180,6,{ts '2015-09-28 15:21:06.093'},null,null,{ts '2015-09-28 15:26:22.835'});
insert into METL_FLOW_STEP (ID, FLOW_ID, COMPONENT_ID, X, Y, APPROXIMATE_ORDER, CREATE_TIME, CREATE_BY, LAST_UPDATE_BY, LAST_UPDATE_TIME) values ('3f7ce494-8607-42ee-b01a-d96c7f320fe3','2bfd1a28-5825-4fd8-b6c1-af05900dc09e','8b1fa925-eb1b-4ba5-8b85-82aab6e9b7a5',590,180,7,{ts '2015-09-28 15:23:35.409'},null,null,{ts '2015-09-28 15:26:22.835'});
insert into METL_FLOW_STEP (ID, FLOW_ID, COMPONENT_ID, X, Y, APPROXIMATE_ORDER, CREATE_TIME, CREATE_BY, LAST_UPDATE_BY, LAST_UPDATE_TIME) values ('b48d64ff-7718-4bd0-bc7f-bcf3d0af7bec','2bfd1a28-5825-4fd8-b6c1-af05900dc09e','c83c1697-3e8e-4d6c-8c45-7ada6876fb1f',450,40,3,{ts '2015-09-28 15:21:03.111'},null,null,{ts '2015-09-29 15:49:03.417'});
insert into METL_FLOW_STEP (ID, FLOW_ID, COMPONENT_ID, X, Y, APPROXIMATE_ORDER, CREATE_TIME, CREATE_BY, LAST_UPDATE_BY, LAST_UPDATE_TIME) values ('5b2bdd82-2393-43ae-8fb2-fc037a44ae19','1ddf97fc-5546-455e-836f-f1f5bd02922f','b642d9ee-ab20-492b-9fef-e0656edd9f27',160,160,6,{ts '2015-09-29 07:55:28.286'},null,null,{ts '2015-09-29 10:29:29.509'});
insert into METL_FLOW_STEP (ID, FLOW_ID, COMPONENT_ID, X, Y, APPROXIMATE_ORDER, CREATE_TIME, CREATE_BY, LAST_UPDATE_BY, LAST_UPDATE_TIME) values ('ef0d316c-628c-4cb5-a787-7f1536e73afb','1ddf97fc-5546-455e-836f-f1f5bd02922f','cadcab7c-357f-43d4-b13c-8834364220ad',300,160,7,{ts '2015-09-29 07:57:12.665'},null,null,{ts '2015-09-29 10:29:30.746'});
insert into METL_FLOW_STEP (ID, FLOW_ID, COMPONENT_ID, X, Y, APPROXIMATE_ORDER, CREATE_TIME, CREATE_BY, LAST_UPDATE_BY, LAST_UPDATE_TIME) values ('e237de80-d0f5-4dd8-9667-b7fcc46b89da','1ddf97fc-5546-455e-836f-f1f5bd02922f','951d8e09-2c1d-4954-a807-750439182718',300,40,1,{ts '2015-09-29 07:56:06.322'},null,null,{ts '2015-09-29 10:29:31.951'});
insert into METL_FLOW_STEP (ID, FLOW_ID, COMPONENT_ID, X, Y, APPROXIMATE_ORDER, CREATE_TIME, CREATE_BY, LAST_UPDATE_BY, LAST_UPDATE_TIME) values ('04df940b-ee14-402e-898e-4cd87a13dcd4','1ddf97fc-5546-455e-836f-f1f5bd02922f','3b485345-9bfc-4a90-a269-2695bc5f65ee',480,110,8,{ts '2015-09-29 07:58:01.821'},null,null,{ts '2015-09-29 10:29:33.256'});
insert into METL_FLOW_STEP (ID, FLOW_ID, COMPONENT_ID, X, Y, APPROXIMATE_ORDER, CREATE_TIME, CREATE_BY, LAST_UPDATE_BY, LAST_UPDATE_TIME) values ('37687e0d-3c54-4c22-a517-e453555c6c62','1ddf97fc-5546-455e-836f-f1f5bd02922f','600f9346-0900-42b5-afab-a776468de39d',760,110,10,{ts '2015-09-29 10:07:26.805'},null,null,{ts '2015-09-29 10:29:38.391'});
insert into METL_FLOW_STEP (ID, FLOW_ID, COMPONENT_ID, X, Y, APPROXIMATE_ORDER, CREATE_TIME, CREATE_BY, LAST_UPDATE_BY, LAST_UPDATE_TIME) values ('c7e6bc5a-0b40-4434-827c-155ff4e75ddd','1ddf97fc-5546-455e-836f-f1f5bd02922f','26cf2469-e8ad-4332-8bba-12730b0e537a',20,40,0,{ts '2015-09-29 07:29:18.957'},null,null,{ts '2015-09-29 10:34:07.078'});
insert into METL_FLOW_STEP (ID, FLOW_ID, COMPONENT_ID, X, Y, APPROXIMATE_ORDER, CREATE_TIME, CREATE_BY, LAST_UPDATE_BY, LAST_UPDATE_TIME) values ('3b9223cb-d540-40d9-a4ac-e9f5f0e59ec0','1ddf97fc-5546-455e-836f-f1f5bd02922f','21818f39-ead6-4336-b8c2-fe0ff6f5c284',620,110,9,{ts '2015-09-29 07:57:44.003'},null,null,{ts '2015-09-29 10:37:15.507'});
insert into METL_FLOW_STEP (ID, FLOW_ID, COMPONENT_ID, X, Y, APPROXIMATE_ORDER, CREATE_TIME, CREATE_BY, LAST_UPDATE_BY, LAST_UPDATE_TIME) values ('d9d7dc28-25f4-403f-afee-ce94134deedd','1ddf97fc-5546-455e-836f-f1f5bd02922f','b0ea84e9-3350-4bda-b40c-b61d00e31dce',20,160,5,{ts '2015-09-29 07:51:44.841'},null,null,{ts '2015-09-29 10:44:29.388'});
insert into METL_FLOW_STEP (ID, FLOW_ID, COMPONENT_ID, X, Y, APPROXIMATE_ORDER, CREATE_TIME, CREATE_BY, LAST_UPDATE_BY, LAST_UPDATE_TIME) values ('c00097cf-c3ad-467c-a4cf-60c285abd5f4','7d489ca3-f9cf-428e-ae62-e8e401b41d27','26cf2469-e8ad-4332-8bba-12730b0e537a',30,20,0,{ts '2015-09-29 11:06:06.387'},null,null,{ts '2015-09-29 11:09:03.252'});
insert into METL_FLOW_STEP (ID, FLOW_ID, COMPONENT_ID, X, Y, APPROXIMATE_ORDER, CREATE_TIME, CREATE_BY, LAST_UPDATE_BY, LAST_UPDATE_TIME) values ('b61077a5-ff82-4bb1-8705-04bdfdb32eb9','7d489ca3-f9cf-428e-ae62-e8e401b41d27','f35632e5-06bf-43e3-b0e8-1708692552d3',330,70,2,{ts '2015-09-29 11:07:21.079'},null,null,{ts '2015-09-29 11:09:03.257'});
insert into METL_FLOW_STEP (ID, FLOW_ID, COMPONENT_ID, X, Y, APPROXIMATE_ORDER, CREATE_TIME, CREATE_BY, LAST_UPDATE_BY, LAST_UPDATE_TIME) values ('9a5a33b8-dc04-49dd-8261-2c47aa3a7412','7d489ca3-f9cf-428e-ae62-e8e401b41d27','d5acfdba-115a-4722-9d29-6ac4d9aa2f28',470,70,3,{ts '2015-09-29 11:06:49.332'},null,null,{ts '2015-09-29 11:09:03.257'});
insert into METL_FLOW_STEP (ID, FLOW_ID, COMPONENT_ID, X, Y, APPROXIMATE_ORDER, CREATE_TIME, CREATE_BY, LAST_UPDATE_BY, LAST_UPDATE_TIME) values ('1daa1426-ed6d-4de4-a881-6d1ab124bfc0','7d489ca3-f9cf-428e-ae62-e8e401b41d27','b0ea84e9-3350-4bda-b40c-b61d00e31dce',30,120,4,{ts '2015-09-29 11:06:18.395'},null,null,{ts '2015-09-29 11:09:03.257'});
insert into METL_FLOW_STEP (ID, FLOW_ID, COMPONENT_ID, X, Y, APPROXIMATE_ORDER, CREATE_TIME, CREATE_BY, LAST_UPDATE_BY, LAST_UPDATE_TIME) values ('0214ef7e-2b27-45ee-ba28-6157cdfa95fb','7d489ca3-f9cf-428e-ae62-e8e401b41d27','4a8e79e6-8e1a-46ad-bfcf-78b16e400871',190,70,5,{ts '2015-09-29 11:07:44.828'},null,null,{ts '2015-09-29 11:10:56.630'});
insert into METL_FLOW_STEP_LINK (SOURCE_STEP_ID, TARGET_STEP_ID, CREATE_TIME, CREATE_BY, LAST_UPDATE_BY, LAST_UPDATE_TIME) values ('99477076-0755-411c-bc8f-806d44834b5c','d2af748e-55ff-4bfd-9546-ece03c8704e4',{ts '2015-09-28 15:25:56.156'},null,null,{ts '2015-09-28 15:26:22.838'});
insert into METL_FLOW_STEP_LINK (SOURCE_STEP_ID, TARGET_STEP_ID, CREATE_TIME, CREATE_BY, LAST_UPDATE_BY, LAST_UPDATE_TIME) values ('46273451-c21a-4d1a-ad1c-35f9955a1cf6','ce84e1e6-99c2-494e-9143-3344493279d1',{ts '2015-09-28 15:17:31.526'},null,null,{ts '2015-09-28 15:26:22.837'});
insert into METL_FLOW_STEP_LINK (SOURCE_STEP_ID, TARGET_STEP_ID, CREATE_TIME, CREATE_BY, LAST_UPDATE_BY, LAST_UPDATE_TIME) values ('e84e4bb2-47d4-4163-be97-192126700108','46273451-c21a-4d1a-ad1c-35f9955a1cf6',{ts '2015-09-28 14:44:18.258'},null,null,{ts '2015-09-28 15:26:22.836'});
insert into METL_FLOW_STEP_LINK (SOURCE_STEP_ID, TARGET_STEP_ID, CREATE_TIME, CREATE_BY, LAST_UPDATE_BY, LAST_UPDATE_TIME) values ('ce84e1e6-99c2-494e-9143-3344493279d1','b48d64ff-7718-4bd0-bc7f-bcf3d0af7bec',{ts '2015-09-28 15:21:38.949'},null,null,{ts '2015-09-28 15:26:22.837'});
insert into METL_FLOW_STEP_LINK (SOURCE_STEP_ID, TARGET_STEP_ID, CREATE_TIME, CREATE_BY, LAST_UPDATE_BY, LAST_UPDATE_TIME) values ('ce84e1e6-99c2-494e-9143-3344493279d1','cc7bd445-2222-42fa-b6c0-eb9a0ceb4926',{ts '2015-09-28 15:21:40.851'},null,null,{ts '2015-09-28 15:26:22.837'});
insert into METL_FLOW_STEP_LINK (SOURCE_STEP_ID, TARGET_STEP_ID, CREATE_TIME, CREATE_BY, LAST_UPDATE_BY, LAST_UPDATE_TIME) values ('d2af748e-55ff-4bfd-9546-ece03c8704e4','072e20b8-bef8-494f-8178-9db2471f0584',{ts '2015-09-28 15:26:22.829'},null,null,{ts '2015-09-28 15:26:22.838'});
insert into METL_FLOW_STEP_LINK (SOURCE_STEP_ID, TARGET_STEP_ID, CREATE_TIME, CREATE_BY, LAST_UPDATE_BY, LAST_UPDATE_TIME) values ('cc7bd445-2222-42fa-b6c0-eb9a0ceb4926','3f7ce494-8607-42ee-b01a-d96c7f320fe3',{ts '2015-09-28 15:23:39.014'},null,null,{ts '2015-09-28 15:26:22.838'});
insert into METL_FLOW_STEP_LINK (SOURCE_STEP_ID, TARGET_STEP_ID, CREATE_TIME, CREATE_BY, LAST_UPDATE_BY, LAST_UPDATE_TIME) values ('3f7ce494-8607-42ee-b01a-d96c7f320fe3','d2af748e-55ff-4bfd-9546-ece03c8704e4',{ts '2015-09-28 15:25:58.138'},null,null,{ts '2015-09-28 15:26:22.838'});
insert into METL_FLOW_STEP_LINK (SOURCE_STEP_ID, TARGET_STEP_ID, CREATE_TIME, CREATE_BY, LAST_UPDATE_BY, LAST_UPDATE_TIME) values ('b48d64ff-7718-4bd0-bc7f-bcf3d0af7bec','99477076-0755-411c-bc8f-806d44834b5c',{ts '2015-09-28 15:23:18.553'},null,null,{ts '2015-09-28 15:26:22.837'});
insert into METL_FLOW_STEP_LINK (SOURCE_STEP_ID, TARGET_STEP_ID, CREATE_TIME, CREATE_BY, LAST_UPDATE_BY, LAST_UPDATE_TIME) values ('5b2bdd82-2393-43ae-8fb2-fc037a44ae19','ef0d316c-628c-4cb5-a787-7f1536e73afb',{ts '2015-09-29 07:57:16.402'},null,null,{ts '2015-09-29 10:07:29.921'});
insert into METL_FLOW_STEP_LINK (SOURCE_STEP_ID, TARGET_STEP_ID, CREATE_TIME, CREATE_BY, LAST_UPDATE_BY, LAST_UPDATE_TIME) values ('ef0d316c-628c-4cb5-a787-7f1536e73afb','04df940b-ee14-402e-898e-4cd87a13dcd4',{ts '2015-09-29 10:05:12.047'},null,null,{ts '2015-09-29 10:07:29.922'});
insert into METL_FLOW_STEP_LINK (SOURCE_STEP_ID, TARGET_STEP_ID, CREATE_TIME, CREATE_BY, LAST_UPDATE_BY, LAST_UPDATE_TIME) values ('e237de80-d0f5-4dd8-9667-b7fcc46b89da','04df940b-ee14-402e-898e-4cd87a13dcd4',{ts '2015-09-29 10:05:14.284'},null,null,{ts '2015-09-29 10:07:29.922'});
insert into METL_FLOW_STEP_LINK (SOURCE_STEP_ID, TARGET_STEP_ID, CREATE_TIME, CREATE_BY, LAST_UPDATE_BY, LAST_UPDATE_TIME) values ('04df940b-ee14-402e-898e-4cd87a13dcd4','3b9223cb-d540-40d9-a4ac-e9f5f0e59ec0',{ts '2015-09-29 10:07:14.684'},null,null,{ts '2015-09-29 10:07:29.922'});
insert into METL_FLOW_STEP_LINK (SOURCE_STEP_ID, TARGET_STEP_ID, CREATE_TIME, CREATE_BY, LAST_UPDATE_BY, LAST_UPDATE_TIME) values ('c7e6bc5a-0b40-4434-827c-155ff4e75ddd','e237de80-d0f5-4dd8-9667-b7fcc46b89da',{ts '2015-09-29 07:56:10.990'},null,null,{ts '2015-09-29 10:07:29.921'});
insert into METL_FLOW_STEP_LINK (SOURCE_STEP_ID, TARGET_STEP_ID, CREATE_TIME, CREATE_BY, LAST_UPDATE_BY, LAST_UPDATE_TIME) values ('3b9223cb-d540-40d9-a4ac-e9f5f0e59ec0','37687e0d-3c54-4c22-a517-e453555c6c62',{ts '2015-09-29 10:07:29.915'},null,null,{ts '2015-09-29 10:07:29.922'});
insert into METL_FLOW_STEP_LINK (SOURCE_STEP_ID, TARGET_STEP_ID, CREATE_TIME, CREATE_BY, LAST_UPDATE_BY, LAST_UPDATE_TIME) values ('d9d7dc28-25f4-403f-afee-ce94134deedd','5b2bdd82-2393-43ae-8fb2-fc037a44ae19',{ts '2015-09-29 07:55:34.580'},null,null,{ts '2015-09-29 10:07:29.921'});
insert into METL_FLOW_STEP_LINK (SOURCE_STEP_ID, TARGET_STEP_ID, CREATE_TIME, CREATE_BY, LAST_UPDATE_BY, LAST_UPDATE_TIME) values ('c00097cf-c3ad-467c-a4cf-60c285abd5f4','0214ef7e-2b27-45ee-ba28-6157cdfa95fb',{ts '2015-09-29 11:08:28.173'},null,null,{ts '2015-09-29 11:09:03.258'});
insert into METL_FLOW_STEP_LINK (SOURCE_STEP_ID, TARGET_STEP_ID, CREATE_TIME, CREATE_BY, LAST_UPDATE_BY, LAST_UPDATE_TIME) values ('b61077a5-ff82-4bb1-8705-04bdfdb32eb9','9a5a33b8-dc04-49dd-8261-2c47aa3a7412',{ts '2015-09-29 11:09:03.251'},null,null,{ts '2015-09-29 11:09:03.258'});
insert into METL_FLOW_STEP_LINK (SOURCE_STEP_ID, TARGET_STEP_ID, CREATE_TIME, CREATE_BY, LAST_UPDATE_BY, LAST_UPDATE_TIME) values ('1daa1426-ed6d-4de4-a881-6d1ab124bfc0','0214ef7e-2b27-45ee-ba28-6157cdfa95fb',{ts '2015-09-29 11:07:49.651'},null,null,{ts '2015-09-29 11:09:03.257'});
insert into METL_FLOW_STEP_LINK (SOURCE_STEP_ID, TARGET_STEP_ID, CREATE_TIME, CREATE_BY, LAST_UPDATE_BY, LAST_UPDATE_TIME) values ('0214ef7e-2b27-45ee-ba28-6157cdfa95fb','b61077a5-ff82-4bb1-8705-04bdfdb32eb9',{ts '2015-09-29 11:08:56.320'},null,null,{ts '2015-09-29 11:09:03.258'});
