DELETE FROM METL_FLOW_STEP_LINK WHERE SOURCE_STEP_ID IN (SELECT ID FROM METL_FLOW_STEP WHERE FLOW_ID IN (SELECT ID FROM METL_FLOW WHERE PROJECT_VERSION_ID='f55241fd-9564-4f6a-bd0d-95a50a729000' ));
DELETE FROM METL_FLOW_STEP WHERE FLOW_ID IN (SELECT ID FROM METL_FLOW WHERE PROJECT_VERSION_ID='f55241fd-9564-4f6a-bd0d-95a50a729000' );
DELETE FROM METL_FLOW_PARAMETER WHERE FLOW_ID IN (SELECT ID FROM METL_FLOW WHERE PROJECT_VERSION_ID='f55241fd-9564-4f6a-bd0d-95a50a729000' );
DELETE FROM METL_FLOW WHERE PROJECT_VERSION_ID='f55241fd-9564-4f6a-bd0d-95a50a729000' ;
DELETE FROM METL_COMPONENT_ATTRIBUTE_SETTING WHERE COMPONENT_ID IN (SELECT ID FROM METL_COMPONENT WHERE PROJECT_VERSION_ID='f55241fd-9564-4f6a-bd0d-95a50a729000' );
DELETE FROM METL_COMPONENT_ENTITY_SETTING WHERE COMPONENT_ID IN (SELECT ID FROM METL_COMPONENT WHERE PROJECT_VERSION_ID='f55241fd-9564-4f6a-bd0d-95a50a729000' );
DELETE FROM METL_COMPONENT_SETTING WHERE COMPONENT_ID IN (SELECT ID FROM METL_COMPONENT WHERE PROJECT_VERSION_ID='f55241fd-9564-4f6a-bd0d-95a50a729000' );
DELETE FROM METL_COMPONENT WHERE PROJECT_VERSION_ID='f55241fd-9564-4f6a-bd0d-95a50a729000' ;
DELETE FROM METL_RESOURCE_SETTING WHERE RESOURCE_ID IN (SELECT ID FROM METL_RESOURCE WHERE PROJECT_VERSION_ID='f55241fd-9564-4f6a-bd0d-95a50a729000' );
DELETE FROM METL_RESOURCE WHERE PROJECT_VERSION_ID='f55241fd-9564-4f6a-bd0d-95a50a729000' ;
DELETE FROM METL_MODEL_ATTRIBUTE WHERE ENTITY_ID IN (SELECT ID FROM METL_MODEL_ENTITY WHERE MODEL_ID in (SELECT ID FROM METL_MODEL WHERE PROJECT_VERSION_ID='f55241fd-9564-4f6a-bd0d-95a50a729000' ));
DELETE FROM METL_MODEL_ENTITY WHERE MODEL_ID in (SELECT ID FROM METL_MODEL WHERE PROJECT_VERSION_ID='f55241fd-9564-4f6a-bd0d-95a50a729000' );
DELETE FROM METL_MODEL WHERE PROJECT_VERSION_ID='f55241fd-9564-4f6a-bd0d-95a50a729000' ;
DELETE FROM METL_FOLDER WHERE PROJECT_VERSION_ID='f55241fd-9564-4f6a-bd0d-95a50a729000';
DELETE FROM METL_PROJECT_VERSION WHERE ID='f55241fd-9564-4f6a-bd0d-95a50a729000';
DELETE FROM METL_PROJECT WHERE ID='10a34bb6-fa5b-45fb-9921-7b48daf219e7';
insert into METL_PROJECT (ID, NAME, DESCRIPTION, DELETED, CREATE_TIME, CREATE_BY, LAST_UPDATE_BY, LAST_UPDATE_TIME) values ('10a34bb6-fa5b-45fb-9921-7b48daf219e7','Samples','This is a sample project that is automatically installed as part of Metl.  ',0,{ts '2015-09-18 14:18:40.866'},null,null,{ts '2015-09-18 14:19:16.523'});
insert into METL_PROJECT_VERSION (ID, VERSION_LABEL, PROJECT_ID, ORIG_VERSION_ID, DESCRIPTION, LOCKED, ARCHIVED, DELETED, CREATE_TIME, CREATE_BY, LAST_UPDATE_BY, LAST_UPDATE_TIME) values ('f55241fd-9564-4f6a-bd0d-95a50a729000','1.0','10a34bb6-fa5b-45fb-9921-7b48daf219e7',null,null,0,0,0,{ts '2015-09-18 14:18:40.866'},null,null,{ts '2015-09-18 14:18:40.868'});
insert into METL_MODEL (ID, ROW_ID, PROJECT_VERSION_ID, DELETED, NAME, SHARED, FOLDER_ID, CREATE_TIME, CREATE_BY, LAST_UPDATE_BY, LAST_UPDATE_TIME) values ('e323d201-1741-4675-badd-5fd7b24e3b11','28cf6b07-dc63-45cd-93c0-91a8084aef06','f55241fd-9564-4f6a-bd0d-95a50a729000',0,'System1 Model',0,null,{ts '2015-09-28 14:44:28.786'},null,null,{ts '2015-09-28 14:44:37.735'});
insert into METL_MODEL_ENTITY (ID, MODEL_ID, NAME, CREATE_TIME, CREATE_BY, LAST_UPDATE_BY, LAST_UPDATE_TIME) values ('754721b9-9ffb-4330-a50d-f57d563b57ff','e323d201-1741-4675-badd-5fd7b24e3b11','PERSON',{ts '2015-09-28 14:44:57.012'},null,null,{ts '2015-09-28 14:45:28.476'});
insert into METL_MODEL_ENTITY (ID, MODEL_ID, NAME, CREATE_TIME, CREATE_BY, LAST_UPDATE_BY, LAST_UPDATE_TIME) values ('efa68385-fabb-4679-b5f7-74aac2405198','e323d201-1741-4675-badd-5fd7b24e3b11','FEMALE',{ts '2015-09-28 15:20:00.141'},null,null,{ts '2015-09-28 15:20:03.712'});
insert into METL_MODEL_ENTITY (ID, MODEL_ID, NAME, CREATE_TIME, CREATE_BY, LAST_UPDATE_BY, LAST_UPDATE_TIME) values ('8ebd3bc0-11bf-48a4-b344-be54d146e4a4','e323d201-1741-4675-badd-5fd7b24e3b11','MALE',{ts '2015-09-28 15:20:26.325'},null,null,{ts '2015-09-28 15:20:30.718'});
insert into METL_MODEL_ATTRIBUTE (ID, ENTITY_ID, NAME, TYPE, TYPE_ENTITY_ID, CREATE_TIME, CREATE_BY, LAST_UPDATE_BY, LAST_UPDATE_TIME) values ('f05d5ac9-2766-44e2-8816-8819b0f65cc6','754721b9-9ffb-4330-a50d-f57d563b57ff','ID','INTEGER',null,{ts '2015-09-28 14:45:00.293'},null,null,{ts '2015-09-28 14:45:06.806'});
insert into METL_MODEL_ATTRIBUTE (ID, ENTITY_ID, NAME, TYPE, TYPE_ENTITY_ID, CREATE_TIME, CREATE_BY, LAST_UPDATE_BY, LAST_UPDATE_TIME) values ('d24e14ba-b83b-4ed2-a03b-793a97c9ef44','754721b9-9ffb-4330-a50d-f57d563b57ff','FIRST_NAME','VARCHAR',null,{ts '2015-09-28 14:45:00.677'},null,null,{ts '2015-09-28 14:45:10.732'});
insert into METL_MODEL_ATTRIBUTE (ID, ENTITY_ID, NAME, TYPE, TYPE_ENTITY_ID, CREATE_TIME, CREATE_BY, LAST_UPDATE_BY, LAST_UPDATE_TIME) values ('8663211e-d554-4352-8d89-88471e9be00e','754721b9-9ffb-4330-a50d-f57d563b57ff','LAST_NAME','VARCHAR',null,{ts '2015-09-28 14:45:01.092'},null,null,{ts '2015-09-28 14:45:14.404'});
insert into METL_MODEL_ATTRIBUTE (ID, ENTITY_ID, NAME, TYPE, TYPE_ENTITY_ID, CREATE_TIME, CREATE_BY, LAST_UPDATE_BY, LAST_UPDATE_TIME) values ('d0531dbb-c4c9-41ad-b782-b4e11d5234d0','754721b9-9ffb-4330-a50d-f57d563b57ff','GENDER','CHAR',null,{ts '2015-09-28 14:45:17.811'},null,null,{ts '2015-09-28 14:45:23.532'});
insert into METL_MODEL_ATTRIBUTE (ID, ENTITY_ID, NAME, TYPE, TYPE_ENTITY_ID, CREATE_TIME, CREATE_BY, LAST_UPDATE_BY, LAST_UPDATE_TIME) values ('5b18eb1e-603a-4f22-9bd3-e079196b3b86','efa68385-fabb-4679-b5f7-74aac2405198','ID','INTEGER',null,{ts '2015-09-28 15:20:08.660'},null,null,{ts '2015-09-28 15:20:15.349'});
insert into METL_MODEL_ATTRIBUTE (ID, ENTITY_ID, NAME, TYPE, TYPE_ENTITY_ID, CREATE_TIME, CREATE_BY, LAST_UPDATE_BY, LAST_UPDATE_TIME) values ('bc395e2d-af35-422c-a1b1-f5e69b524862','efa68385-fabb-4679-b5f7-74aac2405198','FIRST_NAME','VARCHAR',null,{ts '2015-09-28 15:20:09.220'},null,null,{ts '2015-09-28 15:20:19.293'});
insert into METL_MODEL_ATTRIBUTE (ID, ENTITY_ID, NAME, TYPE, TYPE_ENTITY_ID, CREATE_TIME, CREATE_BY, LAST_UPDATE_BY, LAST_UPDATE_TIME) values ('3a98c162-b325-41c2-876d-348cf62d67af','efa68385-fabb-4679-b5f7-74aac2405198','LAST_NAME','VARCHAR',null,{ts '2015-09-28 15:20:10.117'},null,null,{ts '2015-09-28 15:20:23.372'});
insert into METL_MODEL_ATTRIBUTE (ID, ENTITY_ID, NAME, TYPE, TYPE_ENTITY_ID, CREATE_TIME, CREATE_BY, LAST_UPDATE_BY, LAST_UPDATE_TIME) values ('e5756c1f-18de-41a9-a39a-b4652b7a654e','8ebd3bc0-11bf-48a4-b344-be54d146e4a4','FIRST_NAME','VARCHAR',null,{ts '2015-09-28 15:20:32.045'},null,null,{ts '2015-09-28 15:20:39.844'});
insert into METL_MODEL_ATTRIBUTE (ID, ENTITY_ID, NAME, TYPE, TYPE_ENTITY_ID, CREATE_TIME, CREATE_BY, LAST_UPDATE_BY, LAST_UPDATE_TIME) values ('3954107d-325b-4c45-90fd-8aae09d5a100','8ebd3bc0-11bf-48a4-b344-be54d146e4a4','LAST_NAME','VARCHAR',null,{ts '2015-09-28 15:20:32.237'},null,null,{ts '2015-09-28 15:20:43.093'});
insert into METL_MODEL_ATTRIBUTE (ID, ENTITY_ID, NAME, TYPE, TYPE_ENTITY_ID, CREATE_TIME, CREATE_BY, LAST_UPDATE_BY, LAST_UPDATE_TIME) values ('b32f78a0-27c4-4782-b4ae-3a8ddb45b63e','8ebd3bc0-11bf-48a4-b344-be54d146e4a4','ID','INTEGER',null,{ts '2015-09-28 15:20:31.844'},null,null,{ts '2015-09-28 15:20:47.420'});
insert into METL_RESOURCE (ID, ROW_ID, PROJECT_VERSION_ID, DELETED, NAME, TYPE, FOLDER_ID, CREATE_TIME, CREATE_BY, LAST_UPDATE_BY, LAST_UPDATE_TIME) values ('39d1c618-9963-4a10-9db2-8ae58e5ab0f9','5c79fa5d-f20d-48ca-9996-adb574697340','f55241fd-9564-4f6a-bd0d-95a50a729000',0,'System1 Database','Database',null,{ts '2015-09-28 14:30:19.296'},null,null,{ts '2015-09-28 14:34:16.766'});
insert into METL_RESOURCE_SETTING (RESOURCE_ID, NAME, VALUE, CREATE_TIME, CREATE_BY, LAST_UPDATE_BY, LAST_UPDATE_TIME) values ('39d1c618-9963-4a10-9db2-8ae58e5ab0f9','db.init.sql','',{ts '2015-09-28 14:31:04.596'},null,null,{ts '2015-09-28 14:41:20.219'});
insert into METL_RESOURCE_SETTING (RESOURCE_ID, NAME, VALUE, CREATE_TIME, CREATE_BY, LAST_UPDATE_BY, LAST_UPDATE_TIME) values ('39d1c618-9963-4a10-9db2-8ae58e5ab0f9','db.url','jdbc:h2:mem:system1',{ts '2015-09-28 14:30:47.736'},null,null,{ts '2015-09-28 14:30:55.499'});
insert into METL_COMPONENT (ID, ROW_ID, PROJECT_VERSION_ID, DELETED, NAME, TYPE, FOLDER_ID, SHARED, INPUT_MODEL_ID, OUTPUT_MODEL_ID, RESOURCE_ID, CREATE_TIME, CREATE_BY, LAST_UPDATE_BY, LAST_UPDATE_TIME) values ('c83c1697-3e8e-4d6c-8c45-7ada6876fb1f','bcff6ee3-4aaf-4537-91cb-8b456026f30b','f55241fd-9564-4f6a-bd0d-95a50a729000',0,'Male Mapper','Mapping',null,0,'e323d201-1741-4675-badd-5fd7b24e3b11','e323d201-1741-4675-badd-5fd7b24e3b11',null,{ts '2015-09-28 15:21:03.111'},null,null,{ts '2015-09-28 15:26:22.830'});
insert into METL_COMPONENT (ID, ROW_ID, PROJECT_VERSION_ID, DELETED, NAME, TYPE, FOLDER_ID, SHARED, INPUT_MODEL_ID, OUTPUT_MODEL_ID, RESOURCE_ID, CREATE_TIME, CREATE_BY, LAST_UPDATE_BY, LAST_UPDATE_TIME) values ('cccf96a3-e8d4-4d04-b2fc-5d1cf33541be','b86f24eb-8ff0-407d-9016-4eedf74961c3','f55241fd-9564-4f6a-bd0d-95a50a729000',0,'Male Writer','RDBMS Writer',null,0,'e323d201-1741-4675-badd-5fd7b24e3b11',null,'39d1c618-9963-4a10-9db2-8ae58e5ab0f9',{ts '2015-09-28 15:22:57.379'},null,null,{ts '2015-09-28 15:26:22.831'});
insert into METL_COMPONENT (ID, ROW_ID, PROJECT_VERSION_ID, DELETED, NAME, TYPE, FOLDER_ID, SHARED, INPUT_MODEL_ID, OUTPUT_MODEL_ID, RESOURCE_ID, CREATE_TIME, CREATE_BY, LAST_UPDATE_BY, LAST_UPDATE_TIME) values ('64fbe5bd-fd5f-4906-936b-98501f5565d4','260878ba-3583-4dce-9ea7-c1c495f98e30','f55241fd-9564-4f6a-bd0d-95a50a729000',0,'Person Table Reader','RDBMS Reader',null,0,null,'e323d201-1741-4675-badd-5fd7b24e3b11','39d1c618-9963-4a10-9db2-8ae58e5ab0f9',{ts '2015-09-28 14:44:14.745'},null,null,{ts '2015-09-28 15:26:22.831'});
insert into METL_COMPONENT (ID, ROW_ID, PROJECT_VERSION_ID, DELETED, NAME, TYPE, FOLDER_ID, SHARED, INPUT_MODEL_ID, OUTPUT_MODEL_ID, RESOURCE_ID, CREATE_TIME, CREATE_BY, LAST_UPDATE_BY, LAST_UPDATE_TIME) values ('a8e301cc-f2e8-48a6-b386-2ca4a6a315d4','dc8e7679-6978-4244-a7ac-aac5041fe83d','f55241fd-9564-4f6a-bd0d-95a50a729000',0,'Setup Person Database','Sql Executor',null,0,null,null,'39d1c618-9963-4a10-9db2-8ae58e5ab0f9',{ts '2015-09-28 14:40:54.702'},null,null,{ts '2015-09-28 15:26:22.832'});
insert into METL_COMPONENT (ID, ROW_ID, PROJECT_VERSION_ID, DELETED, NAME, TYPE, FOLDER_ID, SHARED, INPUT_MODEL_ID, OUTPUT_MODEL_ID, RESOURCE_ID, CREATE_TIME, CREATE_BY, LAST_UPDATE_BY, LAST_UPDATE_TIME) values ('1fb72f5f-2cd2-44b1-aba2-6badf5a6dc6a','e1d3a5b1-9e88-4fcd-8458-9cda609dacb4','f55241fd-9564-4f6a-bd0d-95a50a729000',0,'Partition On Gender','Entity Router',null,0,'e323d201-1741-4675-badd-5fd7b24e3b11','e323d201-1741-4675-badd-5fd7b24e3b11',null,{ts '2015-09-28 15:17:27.844'},null,null,{ts '2015-09-28 15:26:22.833'});
insert into METL_COMPONENT (ID, ROW_ID, PROJECT_VERSION_ID, DELETED, NAME, TYPE, FOLDER_ID, SHARED, INPUT_MODEL_ID, OUTPUT_MODEL_ID, RESOURCE_ID, CREATE_TIME, CREATE_BY, LAST_UPDATE_BY, LAST_UPDATE_TIME) values ('6e7247c9-7017-4762-96ed-692f685eac68','724df11d-99a5-49d0-a2b0-6f70eded239c','f55241fd-9564-4f6a-bd0d-95a50a729000',0,'Wait for Finish','Last Unit of Work',null,0,null,null,null,{ts '2015-09-28 15:25:43.591'},null,null,{ts '2015-09-28 15:26:22.833'});
insert into METL_COMPONENT (ID, ROW_ID, PROJECT_VERSION_ID, DELETED, NAME, TYPE, FOLDER_ID, SHARED, INPUT_MODEL_ID, OUTPUT_MODEL_ID, RESOURCE_ID, CREATE_TIME, CREATE_BY, LAST_UPDATE_BY, LAST_UPDATE_TIME) values ('d8c1649d-5596-4736-b6c3-34fcb6a4c4a6','634247e6-f11e-4aa4-959f-d7d0f6d0932b','f55241fd-9564-4f6a-bd0d-95a50a729000',0,'Female Mapper','Mapping',null,0,'e323d201-1741-4675-badd-5fd7b24e3b11','e323d201-1741-4675-badd-5fd7b24e3b11',null,{ts '2015-09-28 15:21:06.093'},null,null,{ts '2015-09-28 15:26:22.834'});
insert into METL_COMPONENT (ID, ROW_ID, PROJECT_VERSION_ID, DELETED, NAME, TYPE, FOLDER_ID, SHARED, INPUT_MODEL_ID, OUTPUT_MODEL_ID, RESOURCE_ID, CREATE_TIME, CREATE_BY, LAST_UPDATE_BY, LAST_UPDATE_TIME) values ('8b1fa925-eb1b-4ba5-8b85-82aab6e9b7a5','f5a263bf-d6ed-4994-b93a-03abd4e76172','f55241fd-9564-4f6a-bd0d-95a50a729000',0,'Female Writer','RDBMS Writer',null,0,'e323d201-1741-4675-badd-5fd7b24e3b11',null,'39d1c618-9963-4a10-9db2-8ae58e5ab0f9',{ts '2015-09-28 15:23:35.409'},null,null,{ts '2015-09-28 15:26:22.835'});
insert into METL_COMPONENT (ID, ROW_ID, PROJECT_VERSION_ID, DELETED, NAME, TYPE, FOLDER_ID, SHARED, INPUT_MODEL_ID, OUTPUT_MODEL_ID, RESOURCE_ID, CREATE_TIME, CREATE_BY, LAST_UPDATE_BY, LAST_UPDATE_TIME) values ('48d92f15-542e-437c-8041-43db46c8923d','5cdffda9-8047-4cda-b90f-eb0983535667','f55241fd-9564-4f6a-bd0d-95a50a729000',0,'Write Finish Record','Sql Executor',null,0,null,null,'39d1c618-9963-4a10-9db2-8ae58e5ab0f9',{ts '2015-09-28 15:26:12.643'},null,null,{ts '2015-09-28 15:26:55.484'});
insert into METL_COMPONENT_SETTING (ID, COMPONENT_ID, NAME, VALUE, CREATE_TIME, CREATE_BY, LAST_UPDATE_BY, LAST_UPDATE_TIME) values ('2b29bb60-02ac-47bf-aba5-68b0a136de6c','64fbe5bd-fd5f-4906-936b-98501f5565d4','sql','select * from person',{ts '2015-09-28 14:45:43.347'},null,null,{ts '2015-09-28 15:26:22.831'});
insert into METL_COMPONENT_SETTING (ID, COMPONENT_ID, NAME, VALUE, CREATE_TIME, CREATE_BY, LAST_UPDATE_BY, LAST_UPDATE_TIME) values ('87b52517-308c-4c7c-95ea-d3c007be4a50','a8e301cc-f2e8-48a6-b386-2ca4a6a315d4','sql','drop table if exists person;
drop table if exists female;
drop table if exists male;
create table person (id integer auto_increment, first_name varchar(100), last_name varchar(100), gender char(1), primary key (id));
create table male (id integer auto_increment, first_name varchar(100), last_name varchar(100));
create table female (id integer auto_increment, first_name varchar(100), last_name varchar(100));
create table if not exists runs (id integer auto_increment, exec_time timestamp, primary key (id));
insert into person values(1, ''Garfield'', ''Arbuckle'', ''M'');
insert into person values(2, ''Odie'', ''Arbuckle'', ''M'');
insert into person values(3, ''Jon'', ''Arbuckle'', ''M'');
insert into person values(4, ''Liz'', ''Wilson'', ''F'');
insert into person values(5, ''Arlene'', ''Cat'', ''F'');',{ts '2015-09-28 14:43:03.841'},null,null,{ts '2015-09-28 15:30:39.295'});
insert into METL_COMPONENT_SETTING (ID, COMPONENT_ID, NAME, VALUE, CREATE_TIME, CREATE_BY, LAST_UPDATE_BY, LAST_UPDATE_TIME) values ('c307d07c-08f6-4ba7-9286-4ae955814a90','1fb72f5f-2cd2-44b1-aba2-6badf5a6dc6a','config','[{"matchExpression":"PERSON.GENDER==''F''","targetStepId":"cc7bd445-2222-42fa-b6c0-eb9a0ceb4926"},{"matchExpression":"PERSON.GENDER==''M''","targetStepId":"b48d64ff-7718-4bd0-bc7f-bcf3d0af7bec"}]',{ts '2015-09-28 15:17:49.334'},null,null,{ts '2015-09-28 15:29:28.085'});
insert into METL_COMPONENT_SETTING (ID, COMPONENT_ID, NAME, VALUE, CREATE_TIME, CREATE_BY, LAST_UPDATE_BY, LAST_UPDATE_TIME) values ('71440ead-9b7b-4f97-9637-09ddc07dd7bd','48d92f15-542e-437c-8041-43db46c8923d','sql','insert into runs (exec_time) values(current_timestamp);',{ts '2015-09-28 15:27:02.184'},null,null,{ts '2015-09-28 15:27:15.566'});
insert into METL_COMPONENT_ATTRIBUTE_SETTING (ID, COMPONENT_ID, ATTRIBUTE_ID, NAME, VALUE, CREATE_TIME, CREATE_BY, LAST_UPDATE_BY, LAST_UPDATE_TIME) values ('5c47823e-3ebd-4adf-b346-723c7ed6081c','c83c1697-3e8e-4d6c-8c45-7ada6876fb1f','d24e14ba-b83b-4ed2-a03b-793a97c9ef44','mapping.processor.attribute.maps.to','e5756c1f-18de-41a9-a39a-b4652b7a654e',{ts '2015-09-28 15:22:05.333'},null,null,{ts '2015-09-28 15:26:22.830'});
insert into METL_COMPONENT_ATTRIBUTE_SETTING (ID, COMPONENT_ID, ATTRIBUTE_ID, NAME, VALUE, CREATE_TIME, CREATE_BY, LAST_UPDATE_BY, LAST_UPDATE_TIME) values ('f042fc9f-b58d-4481-9bdd-f0bef1859de6','c83c1697-3e8e-4d6c-8c45-7ada6876fb1f','f05d5ac9-2766-44e2-8816-8819b0f65cc6','mapping.processor.attribute.maps.to','b32f78a0-27c4-4782-b4ae-3a8ddb45b63e',{ts '2015-09-28 15:22:05.335'},null,null,{ts '2015-09-28 15:26:22.830'});
insert into METL_COMPONENT_ATTRIBUTE_SETTING (ID, COMPONENT_ID, ATTRIBUTE_ID, NAME, VALUE, CREATE_TIME, CREATE_BY, LAST_UPDATE_BY, LAST_UPDATE_TIME) values ('4ee27014-b1e7-4973-b9e0-1c551513d330','c83c1697-3e8e-4d6c-8c45-7ada6876fb1f','8663211e-d554-4352-8d89-88471e9be00e','mapping.processor.attribute.maps.to','3954107d-325b-4c45-90fd-8aae09d5a100',{ts '2015-09-28 15:22:05.337'},null,null,{ts '2015-09-28 15:26:22.830'});
insert into METL_COMPONENT_ATTRIBUTE_SETTING (ID, COMPONENT_ID, ATTRIBUTE_ID, NAME, VALUE, CREATE_TIME, CREATE_BY, LAST_UPDATE_BY, LAST_UPDATE_TIME) values ('9168dab5-d799-431d-b27d-faa5ea80926c','d8c1649d-5596-4736-b6c3-34fcb6a4c4a6','d24e14ba-b83b-4ed2-a03b-793a97c9ef44','mapping.processor.attribute.maps.to','bc395e2d-af35-422c-a1b1-f5e69b524862',{ts '2015-09-28 15:22:23.779'},null,null,{ts '2015-09-28 15:26:22.834'});
insert into METL_COMPONENT_ATTRIBUTE_SETTING (ID, COMPONENT_ID, ATTRIBUTE_ID, NAME, VALUE, CREATE_TIME, CREATE_BY, LAST_UPDATE_BY, LAST_UPDATE_TIME) values ('4e7cf899-845c-4a06-8cf0-80768f2797eb','d8c1649d-5596-4736-b6c3-34fcb6a4c4a6','f05d5ac9-2766-44e2-8816-8819b0f65cc6','mapping.processor.attribute.maps.to','5b18eb1e-603a-4f22-9bd3-e079196b3b86',{ts '2015-09-28 15:22:23.780'},null,null,{ts '2015-09-28 15:26:22.834'});
insert into METL_COMPONENT_ATTRIBUTE_SETTING (ID, COMPONENT_ID, ATTRIBUTE_ID, NAME, VALUE, CREATE_TIME, CREATE_BY, LAST_UPDATE_BY, LAST_UPDATE_TIME) values ('f2840d5d-4080-4477-85fa-e99d84223b3c','d8c1649d-5596-4736-b6c3-34fcb6a4c4a6','8663211e-d554-4352-8d89-88471e9be00e','mapping.processor.attribute.maps.to','3a98c162-b325-41c2-876d-348cf62d67af',{ts '2015-09-28 15:22:23.781'},null,null,{ts '2015-09-28 15:26:22.834'});
insert into METL_FLOW (ID, ROW_ID, PROJECT_VERSION_ID, DELETED, NAME, FOLDER_ID, CREATE_TIME, CREATE_BY, LAST_UPDATE_BY, LAST_UPDATE_TIME) values ('2bfd1a28-5825-4fd8-b6c1-af05900dc09e','a1ea815b-3c11-44e5-8ab7-eedaa090e1fd','f55241fd-9564-4f6a-bd0d-95a50a729000',0,'Load People',null,{ts '2015-09-28 14:34:48.262'},null,null,{ts '2015-09-28 15:26:22.829'});
insert into METL_FLOW_STEP (ID, FLOW_ID, COMPONENT_ID, X, Y, APPROXIMATE_ORDER, CREATE_TIME, CREATE_BY, LAST_UPDATE_BY, LAST_UPDATE_TIME) values ('b48d64ff-7718-4bd0-bc7f-bcf3d0af7bec','2bfd1a28-5825-4fd8-b6c1-af05900dc09e','c83c1697-3e8e-4d6c-8c45-7ada6876fb1f',450,40,3,{ts '2015-09-28 15:21:03.111'},null,null,{ts '2015-09-28 15:26:22.831'});
insert into METL_FLOW_STEP (ID, FLOW_ID, COMPONENT_ID, X, Y, APPROXIMATE_ORDER, CREATE_TIME, CREATE_BY, LAST_UPDATE_BY, LAST_UPDATE_TIME) values ('99477076-0755-411c-bc8f-806d44834b5c','2bfd1a28-5825-4fd8-b6c1-af05900dc09e','cccf96a3-e8d4-4d04-b2fc-5d1cf33541be',590,40,4,{ts '2015-09-28 15:22:57.379'},null,null,{ts '2015-09-28 15:26:22.831'});
insert into METL_FLOW_STEP (ID, FLOW_ID, COMPONENT_ID, X, Y, APPROXIMATE_ORDER, CREATE_TIME, CREATE_BY, LAST_UPDATE_BY, LAST_UPDATE_TIME) values ('46273451-c21a-4d1a-ad1c-35f9955a1cf6','2bfd1a28-5825-4fd8-b6c1-af05900dc09e','64fbe5bd-fd5f-4906-936b-98501f5565d4',160,110,1,{ts '2015-09-28 14:44:14.745'},null,null,{ts '2015-09-28 15:26:22.831'});
insert into METL_FLOW_STEP (ID, FLOW_ID, COMPONENT_ID, X, Y, APPROXIMATE_ORDER, CREATE_TIME, CREATE_BY, LAST_UPDATE_BY, LAST_UPDATE_TIME) values ('e84e4bb2-47d4-4163-be97-192126700108','2bfd1a28-5825-4fd8-b6c1-af05900dc09e','a8e301cc-f2e8-48a6-b386-2ca4a6a315d4',30,110,0,{ts '2015-09-28 14:40:54.702'},null,null,{ts '2015-09-28 15:26:22.832'});
insert into METL_FLOW_STEP (ID, FLOW_ID, COMPONENT_ID, X, Y, APPROXIMATE_ORDER, CREATE_TIME, CREATE_BY, LAST_UPDATE_BY, LAST_UPDATE_TIME) values ('ce84e1e6-99c2-494e-9143-3344493279d1','2bfd1a28-5825-4fd8-b6c1-af05900dc09e','1fb72f5f-2cd2-44b1-aba2-6badf5a6dc6a',290,110,2,{ts '2015-09-28 15:17:27.844'},null,null,{ts '2015-09-28 15:26:22.833'});
insert into METL_FLOW_STEP (ID, FLOW_ID, COMPONENT_ID, X, Y, APPROXIMATE_ORDER, CREATE_TIME, CREATE_BY, LAST_UPDATE_BY, LAST_UPDATE_TIME) values ('d2af748e-55ff-4bfd-9546-ece03c8704e4','2bfd1a28-5825-4fd8-b6c1-af05900dc09e','6e7247c9-7017-4762-96ed-692f685eac68',750,110,8,{ts '2015-09-28 15:25:43.591'},null,null,{ts '2015-09-28 15:26:22.833'});
insert into METL_FLOW_STEP (ID, FLOW_ID, COMPONENT_ID, X, Y, APPROXIMATE_ORDER, CREATE_TIME, CREATE_BY, LAST_UPDATE_BY, LAST_UPDATE_TIME) values ('072e20b8-bef8-494f-8178-9db2471f0584','2bfd1a28-5825-4fd8-b6c1-af05900dc09e','48d92f15-542e-437c-8041-43db46c8923d',890,110,9,{ts '2015-09-28 15:26:12.643'},null,null,{ts '2015-09-28 15:26:22.834'});
insert into METL_FLOW_STEP (ID, FLOW_ID, COMPONENT_ID, X, Y, APPROXIMATE_ORDER, CREATE_TIME, CREATE_BY, LAST_UPDATE_BY, LAST_UPDATE_TIME) values ('cc7bd445-2222-42fa-b6c0-eb9a0ceb4926','2bfd1a28-5825-4fd8-b6c1-af05900dc09e','d8c1649d-5596-4736-b6c3-34fcb6a4c4a6',450,180,6,{ts '2015-09-28 15:21:06.093'},null,null,{ts '2015-09-28 15:26:22.835'});
insert into METL_FLOW_STEP (ID, FLOW_ID, COMPONENT_ID, X, Y, APPROXIMATE_ORDER, CREATE_TIME, CREATE_BY, LAST_UPDATE_BY, LAST_UPDATE_TIME) values ('3f7ce494-8607-42ee-b01a-d96c7f320fe3','2bfd1a28-5825-4fd8-b6c1-af05900dc09e','8b1fa925-eb1b-4ba5-8b85-82aab6e9b7a5',590,180,7,{ts '2015-09-28 15:23:35.409'},null,null,{ts '2015-09-28 15:26:22.835'});
insert into METL_FLOW_STEP_LINK (SOURCE_STEP_ID, TARGET_STEP_ID, CREATE_TIME, CREATE_BY, LAST_UPDATE_BY, LAST_UPDATE_TIME) values ('b48d64ff-7718-4bd0-bc7f-bcf3d0af7bec','99477076-0755-411c-bc8f-806d44834b5c',{ts '2015-09-28 15:23:18.553'},null,null,{ts '2015-09-28 15:26:22.837'});
insert into METL_FLOW_STEP_LINK (SOURCE_STEP_ID, TARGET_STEP_ID, CREATE_TIME, CREATE_BY, LAST_UPDATE_BY, LAST_UPDATE_TIME) values ('99477076-0755-411c-bc8f-806d44834b5c','d2af748e-55ff-4bfd-9546-ece03c8704e4',{ts '2015-09-28 15:25:56.156'},null,null,{ts '2015-09-28 15:26:22.838'});
insert into METL_FLOW_STEP_LINK (SOURCE_STEP_ID, TARGET_STEP_ID, CREATE_TIME, CREATE_BY, LAST_UPDATE_BY, LAST_UPDATE_TIME) values ('46273451-c21a-4d1a-ad1c-35f9955a1cf6','ce84e1e6-99c2-494e-9143-3344493279d1',{ts '2015-09-28 15:17:31.526'},null,null,{ts '2015-09-28 15:26:22.837'});
insert into METL_FLOW_STEP_LINK (SOURCE_STEP_ID, TARGET_STEP_ID, CREATE_TIME, CREATE_BY, LAST_UPDATE_BY, LAST_UPDATE_TIME) values ('e84e4bb2-47d4-4163-be97-192126700108','46273451-c21a-4d1a-ad1c-35f9955a1cf6',{ts '2015-09-28 14:44:18.258'},null,null,{ts '2015-09-28 15:26:22.836'});
insert into METL_FLOW_STEP_LINK (SOURCE_STEP_ID, TARGET_STEP_ID, CREATE_TIME, CREATE_BY, LAST_UPDATE_BY, LAST_UPDATE_TIME) values ('ce84e1e6-99c2-494e-9143-3344493279d1','b48d64ff-7718-4bd0-bc7f-bcf3d0af7bec',{ts '2015-09-28 15:21:38.949'},null,null,{ts '2015-09-28 15:26:22.837'});
insert into METL_FLOW_STEP_LINK (SOURCE_STEP_ID, TARGET_STEP_ID, CREATE_TIME, CREATE_BY, LAST_UPDATE_BY, LAST_UPDATE_TIME) values ('ce84e1e6-99c2-494e-9143-3344493279d1','cc7bd445-2222-42fa-b6c0-eb9a0ceb4926',{ts '2015-09-28 15:21:40.851'},null,null,{ts '2015-09-28 15:26:22.837'});
insert into METL_FLOW_STEP_LINK (SOURCE_STEP_ID, TARGET_STEP_ID, CREATE_TIME, CREATE_BY, LAST_UPDATE_BY, LAST_UPDATE_TIME) values ('d2af748e-55ff-4bfd-9546-ece03c8704e4','072e20b8-bef8-494f-8178-9db2471f0584',{ts '2015-09-28 15:26:22.829'},null,null,{ts '2015-09-28 15:26:22.838'});
insert into METL_FLOW_STEP_LINK (SOURCE_STEP_ID, TARGET_STEP_ID, CREATE_TIME, CREATE_BY, LAST_UPDATE_BY, LAST_UPDATE_TIME) values ('cc7bd445-2222-42fa-b6c0-eb9a0ceb4926','3f7ce494-8607-42ee-b01a-d96c7f320fe3',{ts '2015-09-28 15:23:39.014'},null,null,{ts '2015-09-28 15:26:22.838'});
insert into METL_FLOW_STEP_LINK (SOURCE_STEP_ID, TARGET_STEP_ID, CREATE_TIME, CREATE_BY, LAST_UPDATE_BY, LAST_UPDATE_TIME) values ('3f7ce494-8607-42ee-b01a-d96c7f320fe3','d2af748e-55ff-4bfd-9546-ece03c8704e4',{ts '2015-09-28 15:25:58.138'},null,null,{ts '2015-09-28 15:26:22.838'});
