DELETE FROM METL_FLOW_STEP_LINK WHERE SOURCE_STEP_ID IN (SELECT ID FROM METL_FLOW_STEP WHERE FLOW_ID IN (SELECT ID FROM METL_FLOW WHERE PROJECT_VERSION_ID='f55241fd-9564-4f6a-bd0d-95a50a729000' ));
DELETE FROM METL_FLOW_STEP WHERE FLOW_ID IN (SELECT ID FROM METL_FLOW WHERE PROJECT_VERSION_ID='f55241fd-9564-4f6a-bd0d-95a50a729000' );
DELETE FROM METL_FLOW_PARAMETER WHERE FLOW_ID IN (SELECT ID FROM METL_FLOW WHERE PROJECT_VERSION_ID='f55241fd-9564-4f6a-bd0d-95a50a729000' );
DELETE FROM METL_FLOW WHERE PROJECT_VERSION_ID='f55241fd-9564-4f6a-bd0d-95a50a729000' ;
DELETE FROM METL_COMPONENT_ATTRIBUTE_SETTING WHERE COMPONENT_ID IN (SELECT ID FROM METL_COMPONENT WHERE PROJECT_VERSION_ID='f55241fd-9564-4f6a-bd0d-95a50a729000' );
DELETE FROM METL_COMPONENT_ENTITY_SETTING WHERE COMPONENT_ID IN (SELECT ID FROM METL_COMPONENT WHERE PROJECT_VERSION_ID='f55241fd-9564-4f6a-bd0d-95a50a729000' );
DELETE FROM METL_COMPONENT_SETTING WHERE COMPONENT_ID IN (SELECT ID FROM METL_COMPONENT WHERE PROJECT_VERSION_ID='f55241fd-9564-4f6a-bd0d-95a50a729000' );
DELETE FROM METL_COMPONENT WHERE PROJECT_VERSION_ID='f55241fd-9564-4f6a-bd0d-95a50a729000' ;
DELETE FROM METL_RESOURCE_SETTING WHERE RESOURCE_ID IN (SELECT ID FROM METL_RESOURCE WHERE PROJECT_VERSION_ID='f55241fd-9564-4f6a-bd0d-95a50a729000' );
DELETE FROM METL_RESOURCE WHERE PROJECT_VERSION_ID='f55241fd-9564-4f6a-bd0d-95a50a729000' ;
DELETE FROM METL_MODEL_ATTRIBUTE WHERE ENTITY_ID IN (SELECT ID FROM METL_MODEL_ENTITY WHERE MODEL_ID in (SELECT ID FROM METL_MODEL WHERE PROJECT_VERSION_ID='f55241fd-9564-4f6a-bd0d-95a50a729000' ));
DELETE FROM METL_MODEL_ENTITY WHERE MODEL_ID in (SELECT ID FROM METL_MODEL WHERE PROJECT_VERSION_ID='f55241fd-9564-4f6a-bd0d-95a50a729000' );
DELETE FROM METL_MODEL WHERE PROJECT_VERSION_ID='f55241fd-9564-4f6a-bd0d-95a50a729000' ;
DELETE FROM METL_FOLDER WHERE PROJECT_VERSION_ID='f55241fd-9564-4f6a-bd0d-95a50a729000';
DELETE FROM METL_PROJECT_VERSION WHERE ID='f55241fd-9564-4f6a-bd0d-95a50a729000';
DELETE FROM METL_PROJECT WHERE ID='10a34bb6-fa5b-45fb-9921-7b48daf219e7';
insert into METL_PROJECT (ID, NAME, DESCRIPTION, DELETED, CREATE_TIME, CREATE_BY, LAST_UPDATE_BY, LAST_UPDATE_TIME) values ('10a34bb6-fa5b-45fb-9921-7b48daf219e7','Samples','This is a sample project that is automatically installed as part of Metl.  ',0,{ts '2015-09-18 14:18:40.866'},null,null,{ts '2015-09-18 14:19:16.523'});
insert into METL_PROJECT_VERSION (ID, VERSION_LABEL, PROJECT_ID, ORIG_VERSION_ID, DESCRIPTION, LOCKED, ARCHIVED, DELETED, CREATE_TIME, CREATE_BY, LAST_UPDATE_BY, LAST_UPDATE_TIME) values ('f55241fd-9564-4f6a-bd0d-95a50a729000','1.0','10a34bb6-fa5b-45fb-9921-7b48daf219e7',null,null,0,0,0,{ts '2015-09-18 14:18:40.866'},null,null,{ts '2015-09-18 14:18:40.868'});
insert into METL_MODEL (ID, ROW_ID, PROJECT_VERSION_ID, DELETED, NAME, SHARED, FOLDER_ID, CREATE_TIME, CREATE_BY, LAST_UPDATE_BY, LAST_UPDATE_TIME) values ('678f4d12-beb7-441d-9a35-5de63b7f9e06','b94347dc-ce7c-4cc7-907d-af2659d060e9','f55241fd-9564-4f6a-bd0d-95a50a729000',0,'Person',0,null,{ts '2015-09-29 08:05:38.578'},null,null,{ts '2015-09-29 08:05:45.835'});
insert into METL_MODEL (ID, ROW_ID, PROJECT_VERSION_ID, DELETED, NAME, SHARED, FOLDER_ID, CREATE_TIME, CREATE_BY, LAST_UPDATE_BY, LAST_UPDATE_TIME) values ('e323d201-1741-4675-badd-5fd7b24e3b11','28cf6b07-dc63-45cd-93c0-91a8084aef06','f55241fd-9564-4f6a-bd0d-95a50a729000',0,'Genders',0,null,{ts '2015-09-28 14:44:28.786'},null,null,{ts '2015-09-29 15:51:06.299'});
insert into METL_MODEL (ID, ROW_ID, PROJECT_VERSION_ID, DELETED, NAME, SHARED, FOLDER_ID, CREATE_TIME, CREATE_BY, LAST_UPDATE_BY, LAST_UPDATE_TIME) values ('f9b59934-07d8-45d5-ac44-ad04bd1f1633','f6d1d84d-a613-450b-9840-1cbd9bc44d17','f55241fd-9564-4f6a-bd0d-95a50a729000',0,'Sample1 Model',0,null,{ts '2015-10-04 22:12:32.843'},null,null,{ts '2015-10-04 22:12:38.384'});
insert into METL_MODEL (ID, ROW_ID, PROJECT_VERSION_ID, DELETED, NAME, SHARED, FOLDER_ID, CREATE_TIME, CREATE_BY, LAST_UPDATE_BY, LAST_UPDATE_TIME) values ('8de36042-6f97-47a5-943c-7f6e6fe6e67b','aac775df-4223-4581-acc8-c31d702252a9','f55241fd-9564-4f6a-bd0d-95a50a729000',0,'Denormalized Person',0,null,{ts '2015-10-05 08:25:15.167'},null,null,{ts '2015-10-05 08:25:20.536'});
insert into METL_MODEL_ENTITY (ID, MODEL_ID, NAME, CREATE_TIME, CREATE_BY, LAST_UPDATE_BY, LAST_UPDATE_TIME) values ('a8c52b29-f90b-4680-a9cd-5c48c8be83e8','678f4d12-beb7-441d-9a35-5de63b7f9e06','PERSON',{ts '2015-09-29 08:05:49.403'},null,null,{ts '2015-09-29 08:05:52.048'});
insert into METL_MODEL_ENTITY (ID, MODEL_ID, NAME, CREATE_TIME, CREATE_BY, LAST_UPDATE_BY, LAST_UPDATE_TIME) values ('efa68385-fabb-4679-b5f7-74aac2405198','e323d201-1741-4675-badd-5fd7b24e3b11','FEMALE',{ts '2015-09-28 15:20:00.141'},null,null,{ts '2015-09-28 15:20:03.712'});
insert into METL_MODEL_ENTITY (ID, MODEL_ID, NAME, CREATE_TIME, CREATE_BY, LAST_UPDATE_BY, LAST_UPDATE_TIME) values ('8ebd3bc0-11bf-48a4-b344-be54d146e4a4','e323d201-1741-4675-badd-5fd7b24e3b11','MALE',{ts '2015-09-28 15:20:26.325'},null,null,{ts '2015-09-28 15:20:30.718'});
insert into METL_MODEL_ENTITY (ID, MODEL_ID, NAME, CREATE_TIME, CREATE_BY, LAST_UPDATE_BY, LAST_UPDATE_TIME) values ('0352d619-f9bd-4cbf-8b77-64d5d296c8aa','f9b59934-07d8-45d5-ac44-ad04bd1f1633','PERSON',{ts '2015-10-04 22:12:50.727'},null,null,{ts '2015-10-04 22:12:50.728'});
insert into METL_MODEL_ENTITY (ID, MODEL_ID, NAME, CREATE_TIME, CREATE_BY, LAST_UPDATE_BY, LAST_UPDATE_TIME) values ('a23efac5-a048-4402-814e-0141b3930e81','f9b59934-07d8-45d5-ac44-ad04bd1f1633','MALE',{ts '2015-10-04 22:12:50.726'},null,null,{ts '2015-10-04 22:12:50.730'});
insert into METL_MODEL_ENTITY (ID, MODEL_ID, NAME, CREATE_TIME, CREATE_BY, LAST_UPDATE_BY, LAST_UPDATE_TIME) values ('51ae7f6a-e7a0-4f44-a0d1-06e50e39908f','f9b59934-07d8-45d5-ac44-ad04bd1f1633','PHONE',{ts '2015-10-04 22:12:50.727'},null,null,{ts '2015-10-04 22:12:50.731'});
insert into METL_MODEL_ENTITY (ID, MODEL_ID, NAME, CREATE_TIME, CREATE_BY, LAST_UPDATE_BY, LAST_UPDATE_TIME) values ('6c48b80a-813a-4583-bbcb-f7b4df8b4ddc','f9b59934-07d8-45d5-ac44-ad04bd1f1633','DENORMALIZED_PERSON',{ts '2015-10-04 22:12:50.725'},null,null,{ts '2015-10-04 22:12:50.734'});
insert into METL_MODEL_ENTITY (ID, MODEL_ID, NAME, CREATE_TIME, CREATE_BY, LAST_UPDATE_BY, LAST_UPDATE_TIME) values ('4af8c184-1fda-4c10-af1f-12fb70994156','f9b59934-07d8-45d5-ac44-ad04bd1f1633','FEMALE',{ts '2015-10-04 22:12:50.726'},null,null,{ts '2015-10-04 22:12:50.740'});
insert into METL_MODEL_ENTITY (ID, MODEL_ID, NAME, CREATE_TIME, CREATE_BY, LAST_UPDATE_BY, LAST_UPDATE_TIME) values ('dc5e9df9-eba8-4f53-abd0-0e61e16fb515','f9b59934-07d8-45d5-ac44-ad04bd1f1633','ADDRESS',{ts '2015-10-04 22:12:50.722'},null,null,{ts '2015-10-04 22:12:50.742'});
insert into METL_MODEL_ENTITY (ID, MODEL_ID, NAME, CREATE_TIME, CREATE_BY, LAST_UPDATE_BY, LAST_UPDATE_TIME) values ('bc32da03-8c5e-4b7e-85c9-ae4f425b6c15','8de36042-6f97-47a5-943c-7f6e6fe6e67b','DENORMALIZED_PERSON',{ts '2015-10-05 08:25:33.898'},null,null,{ts '2015-10-05 08:25:33.901'});
insert into METL_MODEL_ATTRIBUTE (ID, ENTITY_ID, NAME, TYPE, TYPE_ENTITY_ID, CREATE_TIME, CREATE_BY, LAST_UPDATE_BY, LAST_UPDATE_TIME) values ('d11339ec-3aab-4047-91b4-e7150ffce4b9','a8c52b29-f90b-4680-a9cd-5c48c8be83e8','ID','INTEGER',null,{ts '2015-09-29 08:05:53.357'},null,null,{ts '2015-09-29 08:05:59.474'});
insert into METL_MODEL_ATTRIBUTE (ID, ENTITY_ID, NAME, TYPE, TYPE_ENTITY_ID, CREATE_TIME, CREATE_BY, LAST_UPDATE_BY, LAST_UPDATE_TIME) values ('5f3cecf4-15d2-4910-916b-47beae752d47','a8c52b29-f90b-4680-a9cd-5c48c8be83e8','FIRST_NAME','VARCHAR',null,{ts '2015-09-29 08:05:53.692'},null,null,{ts '2015-09-29 08:06:05.122'});
insert into METL_MODEL_ATTRIBUTE (ID, ENTITY_ID, NAME, TYPE, TYPE_ENTITY_ID, CREATE_TIME, CREATE_BY, LAST_UPDATE_BY, LAST_UPDATE_TIME) values ('242365fa-e6cb-49b9-b5c5-00a4807f2d8d','a8c52b29-f90b-4680-a9cd-5c48c8be83e8','LAST_NAME','VARCHAR',null,{ts '2015-09-29 08:05:54.029'},null,null,{ts '2015-09-29 08:06:09.665'});
insert into METL_MODEL_ATTRIBUTE (ID, ENTITY_ID, NAME, TYPE, TYPE_ENTITY_ID, CREATE_TIME, CREATE_BY, LAST_UPDATE_BY, LAST_UPDATE_TIME) values ('94c3d263-68fc-4ddc-a4c4-2817f84fed9c','a8c52b29-f90b-4680-a9cd-5c48c8be83e8','GENDER','CHAR',null,{ts '2015-09-29 08:05:54.422'},null,null,{ts '2015-09-29 08:06:13.585'});
insert into METL_MODEL_ATTRIBUTE (ID, ENTITY_ID, NAME, TYPE, TYPE_ENTITY_ID, CREATE_TIME, CREATE_BY, LAST_UPDATE_BY, LAST_UPDATE_TIME) values ('5b18eb1e-603a-4f22-9bd3-e079196b3b86','efa68385-fabb-4679-b5f7-74aac2405198','ID','INTEGER',null,{ts '2015-09-28 15:20:08.660'},null,null,{ts '2015-09-28 15:20:15.349'});
insert into METL_MODEL_ATTRIBUTE (ID, ENTITY_ID, NAME, TYPE, TYPE_ENTITY_ID, CREATE_TIME, CREATE_BY, LAST_UPDATE_BY, LAST_UPDATE_TIME) values ('bc395e2d-af35-422c-a1b1-f5e69b524862','efa68385-fabb-4679-b5f7-74aac2405198','FIRST_NAME','VARCHAR',null,{ts '2015-09-28 15:20:09.220'},null,null,{ts '2015-09-28 15:20:19.293'});
insert into METL_MODEL_ATTRIBUTE (ID, ENTITY_ID, NAME, TYPE, TYPE_ENTITY_ID, CREATE_TIME, CREATE_BY, LAST_UPDATE_BY, LAST_UPDATE_TIME) values ('3a98c162-b325-41c2-876d-348cf62d67af','efa68385-fabb-4679-b5f7-74aac2405198','LAST_NAME','VARCHAR',null,{ts '2015-09-28 15:20:10.117'},null,null,{ts '2015-09-28 15:20:23.372'});
insert into METL_MODEL_ATTRIBUTE (ID, ENTITY_ID, NAME, TYPE, TYPE_ENTITY_ID, CREATE_TIME, CREATE_BY, LAST_UPDATE_BY, LAST_UPDATE_TIME) values ('e5756c1f-18de-41a9-a39a-b4652b7a654e','8ebd3bc0-11bf-48a4-b344-be54d146e4a4','FIRST_NAME','VARCHAR',null,{ts '2015-09-28 15:20:32.045'},null,null,{ts '2015-09-28 15:20:39.844'});
insert into METL_MODEL_ATTRIBUTE (ID, ENTITY_ID, NAME, TYPE, TYPE_ENTITY_ID, CREATE_TIME, CREATE_BY, LAST_UPDATE_BY, LAST_UPDATE_TIME) values ('3954107d-325b-4c45-90fd-8aae09d5a100','8ebd3bc0-11bf-48a4-b344-be54d146e4a4','LAST_NAME','VARCHAR',null,{ts '2015-09-28 15:20:32.237'},null,null,{ts '2015-09-28 15:20:43.093'});
insert into METL_MODEL_ATTRIBUTE (ID, ENTITY_ID, NAME, TYPE, TYPE_ENTITY_ID, CREATE_TIME, CREATE_BY, LAST_UPDATE_BY, LAST_UPDATE_TIME) values ('b32f78a0-27c4-4782-b4ae-3a8ddb45b63e','8ebd3bc0-11bf-48a4-b344-be54d146e4a4','ID','INTEGER',null,{ts '2015-09-28 15:20:31.844'},null,null,{ts '2015-09-28 15:20:47.420'});
insert into METL_MODEL_ATTRIBUTE (ID, ENTITY_ID, NAME, TYPE, TYPE_ENTITY_ID, CREATE_TIME, CREATE_BY, LAST_UPDATE_BY, LAST_UPDATE_TIME) values ('a5b884e2-d97e-43f9-b7f5-cb6c784506b7','0352d619-f9bd-4cbf-8b77-64d5d296c8aa','ID','INTEGER',null,{ts '2015-10-04 22:12:50.727'},null,null,{ts '2015-10-04 22:12:50.728'});
insert into METL_MODEL_ATTRIBUTE (ID, ENTITY_ID, NAME, TYPE, TYPE_ENTITY_ID, CREATE_TIME, CREATE_BY, LAST_UPDATE_BY, LAST_UPDATE_TIME) values ('3afbf5f6-5623-48bd-b00f-073a5161db2c','0352d619-f9bd-4cbf-8b77-64d5d296c8aa','FIRST_NAME','VARCHAR',null,{ts '2015-10-04 22:12:50.727'},null,null,{ts '2015-10-04 22:12:50.729'});
insert into METL_MODEL_ATTRIBUTE (ID, ENTITY_ID, NAME, TYPE, TYPE_ENTITY_ID, CREATE_TIME, CREATE_BY, LAST_UPDATE_BY, LAST_UPDATE_TIME) values ('673f280b-ddc8-467f-ab65-f9b2417680dd','0352d619-f9bd-4cbf-8b77-64d5d296c8aa','LAST_NAME','VARCHAR',null,{ts '2015-10-04 22:12:50.727'},null,null,{ts '2015-10-04 22:12:50.729'});
insert into METL_MODEL_ATTRIBUTE (ID, ENTITY_ID, NAME, TYPE, TYPE_ENTITY_ID, CREATE_TIME, CREATE_BY, LAST_UPDATE_BY, LAST_UPDATE_TIME) values ('c5532f09-e105-4c7a-bb7a-ecbc8e9f0d2c','0352d619-f9bd-4cbf-8b77-64d5d296c8aa','GENDER','CHAR',null,{ts '2015-10-04 22:12:50.727'},null,null,{ts '2015-10-04 22:12:50.729'});
insert into METL_MODEL_ATTRIBUTE (ID, ENTITY_ID, NAME, TYPE, TYPE_ENTITY_ID, CREATE_TIME, CREATE_BY, LAST_UPDATE_BY, LAST_UPDATE_TIME) values ('9038b75a-fbae-4e67-b00e-6c983d718f93','a23efac5-a048-4402-814e-0141b3930e81','ID','INTEGER',null,{ts '2015-10-04 22:12:50.727'},null,null,{ts '2015-10-04 22:12:50.730'});
insert into METL_MODEL_ATTRIBUTE (ID, ENTITY_ID, NAME, TYPE, TYPE_ENTITY_ID, CREATE_TIME, CREATE_BY, LAST_UPDATE_BY, LAST_UPDATE_TIME) values ('635b6c7a-584a-49af-a25b-e31b0dff2917','a23efac5-a048-4402-814e-0141b3930e81','FIRST_NAME','VARCHAR',null,{ts '2015-10-04 22:12:50.727'},null,null,{ts '2015-10-04 22:12:50.730'});
insert into METL_MODEL_ATTRIBUTE (ID, ENTITY_ID, NAME, TYPE, TYPE_ENTITY_ID, CREATE_TIME, CREATE_BY, LAST_UPDATE_BY, LAST_UPDATE_TIME) values ('3565ebd1-69a1-46d8-87be-fdc4beafdc9a','a23efac5-a048-4402-814e-0141b3930e81','LAST_NAME','VARCHAR',null,{ts '2015-10-04 22:12:50.727'},null,null,{ts '2015-10-04 22:12:50.730'});
insert into METL_MODEL_ATTRIBUTE (ID, ENTITY_ID, NAME, TYPE, TYPE_ENTITY_ID, CREATE_TIME, CREATE_BY, LAST_UPDATE_BY, LAST_UPDATE_TIME) values ('8c825b18-54bf-47d1-b1ee-f29760da6dde','51ae7f6a-e7a0-4f44-a0d1-06e50e39908f','ID','INTEGER',null,{ts '2015-10-04 22:12:50.727'},null,null,{ts '2015-10-04 22:12:50.731'});
insert into METL_MODEL_ATTRIBUTE (ID, ENTITY_ID, NAME, TYPE, TYPE_ENTITY_ID, CREATE_TIME, CREATE_BY, LAST_UPDATE_BY, LAST_UPDATE_TIME) values ('878ab011-a39e-4a8a-a6b6-492291eba318','51ae7f6a-e7a0-4f44-a0d1-06e50e39908f','PERSON_ID','INTEGER',null,{ts '2015-10-04 22:12:50.727'},null,null,{ts '2015-10-04 22:12:50.732'});
insert into METL_MODEL_ATTRIBUTE (ID, ENTITY_ID, NAME, TYPE, TYPE_ENTITY_ID, CREATE_TIME, CREATE_BY, LAST_UPDATE_BY, LAST_UPDATE_TIME) values ('d9eb7258-0266-43b8-97dc-a317a3fb5ada','51ae7f6a-e7a0-4f44-a0d1-06e50e39908f','PHONE_TYPE','VARCHAR',null,{ts '2015-10-04 22:12:50.727'},null,null,{ts '2015-10-04 22:12:50.732'});
insert into METL_MODEL_ATTRIBUTE (ID, ENTITY_ID, NAME, TYPE, TYPE_ENTITY_ID, CREATE_TIME, CREATE_BY, LAST_UPDATE_BY, LAST_UPDATE_TIME) values ('9e1ff189-28b6-4119-9f98-50919bcddf97','51ae7f6a-e7a0-4f44-a0d1-06e50e39908f','PHONE_NUMBER','VARCHAR',null,{ts '2015-10-04 22:12:50.727'},null,null,{ts '2015-10-04 22:12:50.733'});
insert into METL_MODEL_ATTRIBUTE (ID, ENTITY_ID, NAME, TYPE, TYPE_ENTITY_ID, CREATE_TIME, CREATE_BY, LAST_UPDATE_BY, LAST_UPDATE_TIME) values ('ee4b5695-c4c7-4cb1-b3ac-ff4f96e7dea0','6c48b80a-813a-4583-bbcb-f7b4df8b4ddc','FIRST_NAME','VARCHAR',null,{ts '2015-10-04 22:12:50.726'},null,null,{ts '2015-10-04 22:12:50.734'});
insert into METL_MODEL_ATTRIBUTE (ID, ENTITY_ID, NAME, TYPE, TYPE_ENTITY_ID, CREATE_TIME, CREATE_BY, LAST_UPDATE_BY, LAST_UPDATE_TIME) values ('872a0a25-b9df-47b6-a56b-6b62d1abaf48','6c48b80a-813a-4583-bbcb-f7b4df8b4ddc','LAST_NAME','VARCHAR',null,{ts '2015-10-04 22:12:50.726'},null,null,{ts '2015-10-04 22:12:50.734'});
insert into METL_MODEL_ATTRIBUTE (ID, ENTITY_ID, NAME, TYPE, TYPE_ENTITY_ID, CREATE_TIME, CREATE_BY, LAST_UPDATE_BY, LAST_UPDATE_TIME) values ('3fc7e489-4498-4985-8848-b8b5517d2cd9','6c48b80a-813a-4583-bbcb-f7b4df8b4ddc','GENDER','CHAR',null,{ts '2015-10-04 22:12:50.726'},null,null,{ts '2015-10-04 22:12:50.734'});
insert into METL_MODEL_ATTRIBUTE (ID, ENTITY_ID, NAME, TYPE, TYPE_ENTITY_ID, CREATE_TIME, CREATE_BY, LAST_UPDATE_BY, LAST_UPDATE_TIME) values ('16975d48-db0e-4200-9d35-e796926e8dd1','6c48b80a-813a-4583-bbcb-f7b4df8b4ddc','ADDRESS1','VARCHAR',null,{ts '2015-10-04 22:12:50.726'},null,null,{ts '2015-10-04 22:12:50.735'});
insert into METL_MODEL_ATTRIBUTE (ID, ENTITY_ID, NAME, TYPE, TYPE_ENTITY_ID, CREATE_TIME, CREATE_BY, LAST_UPDATE_BY, LAST_UPDATE_TIME) values ('c6b15156-b011-4c79-8ac5-2b712d4fec43','6c48b80a-813a-4583-bbcb-f7b4df8b4ddc','ADDRESS2','VARCHAR',null,{ts '2015-10-04 22:12:50.726'},null,null,{ts '2015-10-04 22:12:50.735'});
insert into METL_MODEL_ATTRIBUTE (ID, ENTITY_ID, NAME, TYPE, TYPE_ENTITY_ID, CREATE_TIME, CREATE_BY, LAST_UPDATE_BY, LAST_UPDATE_TIME) values ('a133f2f0-2bd4-4c4a-adfd-202ae8ebc7fe','6c48b80a-813a-4583-bbcb-f7b4df8b4ddc','CITY','VARCHAR',null,{ts '2015-10-04 22:12:50.726'},null,null,{ts '2015-10-04 22:12:50.735'});
insert into METL_MODEL_ATTRIBUTE (ID, ENTITY_ID, NAME, TYPE, TYPE_ENTITY_ID, CREATE_TIME, CREATE_BY, LAST_UPDATE_BY, LAST_UPDATE_TIME) values ('2f787a29-8942-4f92-84e1-51f00c7ee727','6c48b80a-813a-4583-bbcb-f7b4df8b4ddc','STATE','VARCHAR',null,{ts '2015-10-04 22:12:50.726'},null,null,{ts '2015-10-04 22:12:50.735'});
insert into METL_MODEL_ATTRIBUTE (ID, ENTITY_ID, NAME, TYPE, TYPE_ENTITY_ID, CREATE_TIME, CREATE_BY, LAST_UPDATE_BY, LAST_UPDATE_TIME) values ('d4346793-83fb-4cbf-9b34-713bc76d955d','6c48b80a-813a-4583-bbcb-f7b4df8b4ddc','POSTAL_CODE','VARCHAR',null,{ts '2015-10-04 22:12:50.726'},null,null,{ts '2015-10-04 22:12:50.735'});
insert into METL_MODEL_ATTRIBUTE (ID, ENTITY_ID, NAME, TYPE, TYPE_ENTITY_ID, CREATE_TIME, CREATE_BY, LAST_UPDATE_BY, LAST_UPDATE_TIME) values ('30fef0ca-20ba-4528-8a33-206cf583baab','6c48b80a-813a-4583-bbcb-f7b4df8b4ddc','HOME_PHONE','VARCHAR',null,{ts '2015-10-04 22:12:50.726'},null,null,{ts '2015-10-04 22:12:50.736'});
insert into METL_MODEL_ATTRIBUTE (ID, ENTITY_ID, NAME, TYPE, TYPE_ENTITY_ID, CREATE_TIME, CREATE_BY, LAST_UPDATE_BY, LAST_UPDATE_TIME) values ('4cb7dbee-baf8-4b79-a6bc-01dc18952fd5','6c48b80a-813a-4583-bbcb-f7b4df8b4ddc','CELL_PHONE','VARCHAR',null,{ts '2015-10-04 22:12:50.726'},null,null,{ts '2015-10-04 22:12:50.736'});
insert into METL_MODEL_ATTRIBUTE (ID, ENTITY_ID, NAME, TYPE, TYPE_ENTITY_ID, CREATE_TIME, CREATE_BY, LAST_UPDATE_BY, LAST_UPDATE_TIME) values ('22c774f5-e4f4-4595-b693-18987e83d57b','6c48b80a-813a-4583-bbcb-f7b4df8b4ddc','WORK_PHONE','VARCHAR',null,{ts '2015-10-04 22:12:50.726'},null,null,{ts '2015-10-04 22:12:50.736'});
insert into METL_MODEL_ATTRIBUTE (ID, ENTITY_ID, NAME, TYPE, TYPE_ENTITY_ID, CREATE_TIME, CREATE_BY, LAST_UPDATE_BY, LAST_UPDATE_TIME) values ('26186aa6-1af7-4a99-9e87-e6df04fb71dd','4af8c184-1fda-4c10-af1f-12fb70994156','ID','INTEGER',null,{ts '2015-10-04 22:12:50.726'},null,null,{ts '2015-10-04 22:12:50.740'});
insert into METL_MODEL_ATTRIBUTE (ID, ENTITY_ID, NAME, TYPE, TYPE_ENTITY_ID, CREATE_TIME, CREATE_BY, LAST_UPDATE_BY, LAST_UPDATE_TIME) values ('2012e243-647f-487c-a970-4174f6b064b8','4af8c184-1fda-4c10-af1f-12fb70994156','FIRST_NAME','VARCHAR',null,{ts '2015-10-04 22:12:50.726'},null,null,{ts '2015-10-04 22:12:50.740'});
insert into METL_MODEL_ATTRIBUTE (ID, ENTITY_ID, NAME, TYPE, TYPE_ENTITY_ID, CREATE_TIME, CREATE_BY, LAST_UPDATE_BY, LAST_UPDATE_TIME) values ('5a61c037-4b36-4152-9e4d-adb0e6d7c0ec','4af8c184-1fda-4c10-af1f-12fb70994156','LAST_NAME','VARCHAR',null,{ts '2015-10-04 22:12:50.726'},null,null,{ts '2015-10-04 22:12:50.741'});
insert into METL_MODEL_ATTRIBUTE (ID, ENTITY_ID, NAME, TYPE, TYPE_ENTITY_ID, CREATE_TIME, CREATE_BY, LAST_UPDATE_BY, LAST_UPDATE_TIME) values ('742ae01b-564d-42f4-85ad-2c224bc4aec4','dc5e9df9-eba8-4f53-abd0-0e61e16fb515','ID','INTEGER',null,{ts '2015-10-04 22:12:50.725'},null,null,{ts '2015-10-04 22:12:50.742'});
insert into METL_MODEL_ATTRIBUTE (ID, ENTITY_ID, NAME, TYPE, TYPE_ENTITY_ID, CREATE_TIME, CREATE_BY, LAST_UPDATE_BY, LAST_UPDATE_TIME) values ('3d7ce26b-9cd5-4b6e-96c2-96e32000f60e','dc5e9df9-eba8-4f53-abd0-0e61e16fb515','PERSON_ID','INTEGER',null,{ts '2015-10-04 22:12:50.725'},null,null,{ts '2015-10-04 22:12:50.743'});
insert into METL_MODEL_ATTRIBUTE (ID, ENTITY_ID, NAME, TYPE, TYPE_ENTITY_ID, CREATE_TIME, CREATE_BY, LAST_UPDATE_BY, LAST_UPDATE_TIME) values ('5d2f4b2e-a03b-4c15-a04c-c29c84d9c0f0','dc5e9df9-eba8-4f53-abd0-0e61e16fb515','ADDRESS1','VARCHAR',null,{ts '2015-10-04 22:12:50.725'},null,null,{ts '2015-10-04 22:12:50.743'});
insert into METL_MODEL_ATTRIBUTE (ID, ENTITY_ID, NAME, TYPE, TYPE_ENTITY_ID, CREATE_TIME, CREATE_BY, LAST_UPDATE_BY, LAST_UPDATE_TIME) values ('cbcf5bee-21f4-4eeb-afc2-d0b1b8896f36','dc5e9df9-eba8-4f53-abd0-0e61e16fb515','ADDRESS2','VARCHAR',null,{ts '2015-10-04 22:12:50.725'},null,null,{ts '2015-10-04 22:12:50.743'});
insert into METL_MODEL_ATTRIBUTE (ID, ENTITY_ID, NAME, TYPE, TYPE_ENTITY_ID, CREATE_TIME, CREATE_BY, LAST_UPDATE_BY, LAST_UPDATE_TIME) values ('a375d0f6-6e6c-4801-a853-d0bb66aa913a','dc5e9df9-eba8-4f53-abd0-0e61e16fb515','CITY','VARCHAR',null,{ts '2015-10-04 22:12:50.725'},null,null,{ts '2015-10-04 22:12:50.743'});
insert into METL_MODEL_ATTRIBUTE (ID, ENTITY_ID, NAME, TYPE, TYPE_ENTITY_ID, CREATE_TIME, CREATE_BY, LAST_UPDATE_BY, LAST_UPDATE_TIME) values ('9c358d65-496f-410f-9c0c-0f6c8bf0ea6d','dc5e9df9-eba8-4f53-abd0-0e61e16fb515','STATE','VARCHAR',null,{ts '2015-10-04 22:12:50.725'},null,null,{ts '2015-10-04 22:12:50.743'});
insert into METL_MODEL_ATTRIBUTE (ID, ENTITY_ID, NAME, TYPE, TYPE_ENTITY_ID, CREATE_TIME, CREATE_BY, LAST_UPDATE_BY, LAST_UPDATE_TIME) values ('1ee4b406-7f36-422d-be81-b90b7538554a','dc5e9df9-eba8-4f53-abd0-0e61e16fb515','POSTAL_CODE','VARCHAR',null,{ts '2015-10-04 22:12:50.725'},null,null,{ts '2015-10-04 22:12:50.743'});
insert into METL_MODEL_ATTRIBUTE (ID, ENTITY_ID, NAME, TYPE, TYPE_ENTITY_ID, CREATE_TIME, CREATE_BY, LAST_UPDATE_BY, LAST_UPDATE_TIME) values ('fccb5d85-a7f4-4bd0-b68e-ae809d3f240b','bc32da03-8c5e-4b7e-85c9-ae4f425b6c15','FIRST_NAME','VARCHAR',null,{ts '2015-10-05 08:25:33.901'},null,null,{ts '2015-10-05 08:25:33.902'});
insert into METL_MODEL_ATTRIBUTE (ID, ENTITY_ID, NAME, TYPE, TYPE_ENTITY_ID, CREATE_TIME, CREATE_BY, LAST_UPDATE_BY, LAST_UPDATE_TIME) values ('8492743f-7e1f-494f-b2cd-bc172006a7c4','bc32da03-8c5e-4b7e-85c9-ae4f425b6c15','LAST_NAME','VARCHAR',null,{ts '2015-10-05 08:25:33.901'},null,null,{ts '2015-10-05 08:25:33.902'});
insert into METL_MODEL_ATTRIBUTE (ID, ENTITY_ID, NAME, TYPE, TYPE_ENTITY_ID, CREATE_TIME, CREATE_BY, LAST_UPDATE_BY, LAST_UPDATE_TIME) values ('f7014e97-65e6-471f-8b69-e7401a4c74cd','bc32da03-8c5e-4b7e-85c9-ae4f425b6c15','GENDER','CHAR',null,{ts '2015-10-05 08:25:33.901'},null,null,{ts '2015-10-05 08:25:33.902'});
insert into METL_MODEL_ATTRIBUTE (ID, ENTITY_ID, NAME, TYPE, TYPE_ENTITY_ID, CREATE_TIME, CREATE_BY, LAST_UPDATE_BY, LAST_UPDATE_TIME) values ('e97d3af3-e770-4742-8587-9bdca14a766e','bc32da03-8c5e-4b7e-85c9-ae4f425b6c15','ADDRESS1','VARCHAR',null,{ts '2015-10-05 08:25:33.901'},null,null,{ts '2015-10-05 08:25:33.902'});
insert into METL_MODEL_ATTRIBUTE (ID, ENTITY_ID, NAME, TYPE, TYPE_ENTITY_ID, CREATE_TIME, CREATE_BY, LAST_UPDATE_BY, LAST_UPDATE_TIME) values ('19fb814d-0734-48e4-8777-41a2ced2d59b','bc32da03-8c5e-4b7e-85c9-ae4f425b6c15','ADDRESS2','VARCHAR',null,{ts '2015-10-05 08:25:33.901'},null,null,{ts '2015-10-05 08:25:33.903'});
insert into METL_MODEL_ATTRIBUTE (ID, ENTITY_ID, NAME, TYPE, TYPE_ENTITY_ID, CREATE_TIME, CREATE_BY, LAST_UPDATE_BY, LAST_UPDATE_TIME) values ('b410194d-057f-4c51-9c8f-4f7acd80565e','bc32da03-8c5e-4b7e-85c9-ae4f425b6c15','CITY','VARCHAR',null,{ts '2015-10-05 08:25:33.901'},null,null,{ts '2015-10-05 08:25:33.903'});
insert into METL_MODEL_ATTRIBUTE (ID, ENTITY_ID, NAME, TYPE, TYPE_ENTITY_ID, CREATE_TIME, CREATE_BY, LAST_UPDATE_BY, LAST_UPDATE_TIME) values ('28bc9b7b-8ed6-4e3d-bb17-e62176fe017c','bc32da03-8c5e-4b7e-85c9-ae4f425b6c15','STATE','VARCHAR',null,{ts '2015-10-05 08:25:33.901'},null,null,{ts '2015-10-05 08:25:33.903'});
insert into METL_MODEL_ATTRIBUTE (ID, ENTITY_ID, NAME, TYPE, TYPE_ENTITY_ID, CREATE_TIME, CREATE_BY, LAST_UPDATE_BY, LAST_UPDATE_TIME) values ('0bd96d60-e7e1-4518-a471-df9dfa484154','bc32da03-8c5e-4b7e-85c9-ae4f425b6c15','POSTAL_CODE','VARCHAR',null,{ts '2015-10-05 08:25:33.901'},null,null,{ts '2015-10-05 08:25:33.903'});
insert into METL_MODEL_ATTRIBUTE (ID, ENTITY_ID, NAME, TYPE, TYPE_ENTITY_ID, CREATE_TIME, CREATE_BY, LAST_UPDATE_BY, LAST_UPDATE_TIME) values ('8409b9b5-f209-4049-a832-c08ae7f35443','bc32da03-8c5e-4b7e-85c9-ae4f425b6c15','HOME_PHONE','VARCHAR',null,{ts '2015-10-05 08:25:33.901'},null,null,{ts '2015-10-05 08:25:33.904'});
insert into METL_MODEL_ATTRIBUTE (ID, ENTITY_ID, NAME, TYPE, TYPE_ENTITY_ID, CREATE_TIME, CREATE_BY, LAST_UPDATE_BY, LAST_UPDATE_TIME) values ('40c56640-2371-46d8-bf14-e86a418a5d18','bc32da03-8c5e-4b7e-85c9-ae4f425b6c15','CELL_PHONE','VARCHAR',null,{ts '2015-10-05 08:25:33.901'},null,null,{ts '2015-10-05 08:25:33.904'});
insert into METL_MODEL_ATTRIBUTE (ID, ENTITY_ID, NAME, TYPE, TYPE_ENTITY_ID, CREATE_TIME, CREATE_BY, LAST_UPDATE_BY, LAST_UPDATE_TIME) values ('d60bf357-6e57-4830-99c4-57a978821a22','bc32da03-8c5e-4b7e-85c9-ae4f425b6c15','WORK_PHONE','VARCHAR',null,{ts '2015-10-05 08:25:33.901'},null,null,{ts '2015-10-05 08:25:33.904'});
insert into METL_RESOURCE (ID, ROW_ID, PROJECT_VERSION_ID, DELETED, NAME, TYPE, FOLDER_ID, CREATE_TIME, CREATE_BY, LAST_UPDATE_BY, LAST_UPDATE_TIME) values ('39d1c618-9963-4a10-9db2-8ae58e5ab0f9','5c79fa5d-f20d-48ca-9996-adb574697340','f55241fd-9564-4f6a-bd0d-95a50a729000',0,'Sample1 Database','Database',null,{ts '2015-09-28 14:30:19.296'},null,null,{ts '2015-10-04 14:39:17.940'});
insert into METL_RESOURCE (ID, ROW_ID, PROJECT_VERSION_ID, DELETED, NAME, TYPE, FOLDER_ID, CREATE_TIME, CREATE_BY, LAST_UPDATE_BY, LAST_UPDATE_TIME) values ('5a805a60-27ba-4d09-9159-8dfd4978ca28','f4ef0559-a512-4997-9639-a6665e4a9737','f55241fd-9564-4f6a-bd0d-95a50a729000',0,'Sample1 Local File Resource','Local File System',null,{ts '2015-10-04 14:39:21.917'},null,null,{ts '2015-10-04 14:39:26.931'});
insert into METL_RESOURCE_SETTING (RESOURCE_ID, NAME, VALUE, CREATE_TIME, CREATE_BY, LAST_UPDATE_BY, LAST_UPDATE_TIME) values ('39d1c618-9963-4a10-9db2-8ae58e5ab0f9','db.init.sql','',{ts '2015-09-28 14:31:04.596'},null,null,{ts '2015-09-28 14:41:20.219'});
insert into METL_RESOURCE_SETTING (RESOURCE_ID, NAME, VALUE, CREATE_TIME, CREATE_BY, LAST_UPDATE_BY, LAST_UPDATE_TIME) values ('39d1c618-9963-4a10-9db2-8ae58e5ab0f9','db.url','jdbc:h2:mem:system1',{ts '2015-09-28 14:30:47.736'},null,null,{ts '2015-09-28 14:30:55.499'});
insert into METL_RESOURCE_SETTING (RESOURCE_ID, NAME, VALUE, CREATE_TIME, CREATE_BY, LAST_UPDATE_BY, LAST_UPDATE_TIME) values ('5a805a60-27ba-4d09-9159-8dfd4978ca28','localfile.path','build/samples/files',{ts '2015-10-04 14:53:08.181'},null,null,{ts '2015-10-04 14:53:20.229'});
insert into METL_COMPONENT (ID, ROW_ID, PROJECT_VERSION_ID, DELETED, NAME, TYPE, FOLDER_ID, SHARED, INPUT_MODEL_ID, OUTPUT_MODEL_ID, RESOURCE_ID, CREATE_TIME, CREATE_BY, LAST_UPDATE_BY, LAST_UPDATE_TIME) values ('cccf96a3-e8d4-4d04-b2fc-5d1cf33541be','b86f24eb-8ff0-407d-9016-4eedf74961c3','f55241fd-9564-4f6a-bd0d-95a50a729000',0,'Male Writer','RDBMS Writer',null,0,'e323d201-1741-4675-badd-5fd7b24e3b11',null,'39d1c618-9963-4a10-9db2-8ae58e5ab0f9',{ts '2015-09-28 15:22:57.379'},null,null,{ts '2015-09-28 15:26:22.831'});
insert into METL_COMPONENT (ID, ROW_ID, PROJECT_VERSION_ID, DELETED, NAME, TYPE, FOLDER_ID, SHARED, INPUT_MODEL_ID, OUTPUT_MODEL_ID, RESOURCE_ID, CREATE_TIME, CREATE_BY, LAST_UPDATE_BY, LAST_UPDATE_TIME) values ('6e7247c9-7017-4762-96ed-692f685eac68','724df11d-99a5-49d0-a2b0-6f70eded239c','f55241fd-9564-4f6a-bd0d-95a50a729000',0,'Wait for Finish','Last Unit of Work',null,0,null,null,null,{ts '2015-09-28 15:25:43.591'},null,null,{ts '2015-09-28 15:26:22.833'});
insert into METL_COMPONENT (ID, ROW_ID, PROJECT_VERSION_ID, DELETED, NAME, TYPE, FOLDER_ID, SHARED, INPUT_MODEL_ID, OUTPUT_MODEL_ID, RESOURCE_ID, CREATE_TIME, CREATE_BY, LAST_UPDATE_BY, LAST_UPDATE_TIME) values ('8b1fa925-eb1b-4ba5-8b85-82aab6e9b7a5','f5a263bf-d6ed-4994-b93a-03abd4e76172','f55241fd-9564-4f6a-bd0d-95a50a729000',0,'Female Writer','RDBMS Writer',null,0,'e323d201-1741-4675-badd-5fd7b24e3b11',null,'39d1c618-9963-4a10-9db2-8ae58e5ab0f9',{ts '2015-09-28 15:23:35.409'},null,null,{ts '2015-09-28 15:26:22.835'});
insert into METL_COMPONENT (ID, ROW_ID, PROJECT_VERSION_ID, DELETED, NAME, TYPE, FOLDER_ID, SHARED, INPUT_MODEL_ID, OUTPUT_MODEL_ID, RESOURCE_ID, CREATE_TIME, CREATE_BY, LAST_UPDATE_BY, LAST_UPDATE_TIME) values ('48d92f15-542e-437c-8041-43db46c8923d','5cdffda9-8047-4cda-b90f-eb0983535667','f55241fd-9564-4f6a-bd0d-95a50a729000',0,'Write Finish Record','Sql Executor',null,0,null,null,'39d1c618-9963-4a10-9db2-8ae58e5ab0f9',{ts '2015-09-28 15:26:12.643'},null,null,{ts '2015-09-28 15:26:55.484'});
insert into METL_COMPONENT (ID, ROW_ID, PROJECT_VERSION_ID, DELETED, NAME, TYPE, FOLDER_ID, SHARED, INPUT_MODEL_ID, OUTPUT_MODEL_ID, RESOURCE_ID, CREATE_TIME, CREATE_BY, LAST_UPDATE_BY, LAST_UPDATE_TIME) values ('cadcab7c-357f-43d4-b13c-8834364220ad','edebe84e-fdda-47b1-bec0-9a2f8241a331','f55241fd-9564-4f6a-bd0d-95a50a729000',0,'Parse People B','Parse Delimited',null,0,null,'678f4d12-beb7-441d-9a35-5de63b7f9e06',null,{ts '2015-09-29 07:57:12.665'},null,null,{ts '2015-09-29 10:29:30.744'});
insert into METL_COMPONENT (ID, ROW_ID, PROJECT_VERSION_ID, DELETED, NAME, TYPE, FOLDER_ID, SHARED, INPUT_MODEL_ID, OUTPUT_MODEL_ID, RESOURCE_ID, CREATE_TIME, CREATE_BY, LAST_UPDATE_BY, LAST_UPDATE_TIME) values ('951d8e09-2c1d-4954-a807-750439182718','7871e292-bd40-4b97-88d3-fce187057d52','f55241fd-9564-4f6a-bd0d-95a50a729000',0,'Parse People A','Parse Delimited',null,0,null,'678f4d12-beb7-441d-9a35-5de63b7f9e06',null,{ts '2015-09-29 07:56:06.322'},null,null,{ts '2015-09-29 10:29:31.946'});
insert into METL_COMPONENT (ID, ROW_ID, PROJECT_VERSION_ID, DELETED, NAME, TYPE, FOLDER_ID, SHARED, INPUT_MODEL_ID, OUTPUT_MODEL_ID, RESOURCE_ID, CREATE_TIME, CREATE_BY, LAST_UPDATE_BY, LAST_UPDATE_TIME) values ('3b485345-9bfc-4a90-a269-2695bc5f65ee','9b268163-9fae-43b4-97c0-1a45e55daec2','f55241fd-9564-4f6a-bd0d-95a50a729000',0,'Before Sort','Message Logger',null,0,'678f4d12-beb7-441d-9a35-5de63b7f9e06','678f4d12-beb7-441d-9a35-5de63b7f9e06',null,{ts '2015-09-29 07:58:01.821'},null,null,{ts '2015-09-29 10:29:33.255'});
insert into METL_COMPONENT (ID, ROW_ID, PROJECT_VERSION_ID, DELETED, NAME, TYPE, FOLDER_ID, SHARED, INPUT_MODEL_ID, OUTPUT_MODEL_ID, RESOURCE_ID, CREATE_TIME, CREATE_BY, LAST_UPDATE_BY, LAST_UPDATE_TIME) values ('600f9346-0900-42b5-afab-a776468de39d','81a351c0-0d60-4b9e-84fb-6a30ff14407c','f55241fd-9564-4f6a-bd0d-95a50a729000',0,'After Sort','Message Logger',null,0,'678f4d12-beb7-441d-9a35-5de63b7f9e06',null,null,{ts '2015-09-29 10:07:26.805'},null,null,{ts '2015-09-29 10:29:38.391'});
insert into METL_COMPONENT (ID, ROW_ID, PROJECT_VERSION_ID, DELETED, NAME, TYPE, FOLDER_ID, SHARED, INPUT_MODEL_ID, OUTPUT_MODEL_ID, RESOURCE_ID, CREATE_TIME, CREATE_BY, LAST_UPDATE_BY, LAST_UPDATE_TIME) values ('b642d9ee-ab20-492b-9fef-e0656edd9f27','51844c1a-dc80-4a45-98e4-2fa62ac2a56c','f55241fd-9564-4f6a-bd0d-95a50a729000',0,'Wait 5 Seconds','Delay',null,0,null,null,null,{ts '2015-09-29 07:55:28.286'},null,null,{ts '2015-09-29 10:32:49.995'});
insert into METL_COMPONENT (ID, ROW_ID, PROJECT_VERSION_ID, DELETED, NAME, TYPE, FOLDER_ID, SHARED, INPUT_MODEL_ID, OUTPUT_MODEL_ID, RESOURCE_ID, CREATE_TIME, CREATE_BY, LAST_UPDATE_BY, LAST_UPDATE_TIME) values ('21818f39-ead6-4336-b8c2-fe0ff6f5c284','bd121a38-cfd1-4830-9286-b4d10fb0e31f','f55241fd-9564-4f6a-bd0d-95a50a729000',0,'Sort Super Heros By ID','Sorter',null,0,'678f4d12-beb7-441d-9a35-5de63b7f9e06','e323d201-1741-4675-badd-5fd7b24e3b11',null,{ts '2015-09-29 07:57:44.003'},null,null,{ts '2015-09-29 10:37:15.501'});
insert into METL_COMPONENT (ID, ROW_ID, PROJECT_VERSION_ID, DELETED, NAME, TYPE, FOLDER_ID, SHARED, INPUT_MODEL_ID, OUTPUT_MODEL_ID, RESOURCE_ID, CREATE_TIME, CREATE_BY, LAST_UPDATE_BY, LAST_UPDATE_TIME) values ('26cf2469-e8ad-4332-8bba-12730b0e537a','d05e2755-4cca-4804-8631-8e5d9d7ed062','f55241fd-9564-4f6a-bd0d-95a50a729000',0,'Super Hero List A','Text Reader',null,1,null,null,null,{ts '2015-09-29 07:29:18.957'},null,null,{ts '2015-09-29 11:05:37.896'});
insert into METL_COMPONENT (ID, ROW_ID, PROJECT_VERSION_ID, DELETED, NAME, TYPE, FOLDER_ID, SHARED, INPUT_MODEL_ID, OUTPUT_MODEL_ID, RESOURCE_ID, CREATE_TIME, CREATE_BY, LAST_UPDATE_BY, LAST_UPDATE_TIME) values ('b0ea84e9-3350-4bda-b40c-b61d00e31dce','73a95dbc-748a-42d6-be2e-77e6c0f017bf','f55241fd-9564-4f6a-bd0d-95a50a729000',0,'Super Hero List B','Text Reader',null,1,null,null,null,{ts '2015-09-29 07:51:44.841'},null,null,{ts '2015-09-29 11:05:44.317'});
insert into METL_COMPONENT (ID, ROW_ID, PROJECT_VERSION_ID, DELETED, NAME, TYPE, FOLDER_ID, SHARED, INPUT_MODEL_ID, OUTPUT_MODEL_ID, RESOURCE_ID, CREATE_TIME, CREATE_BY, LAST_UPDATE_BY, LAST_UPDATE_TIME) values ('f35632e5-06bf-43e3-b0e8-1708692552d3','c028a9db-3dac-45c1-a22d-a87d0e0dcc61','f55241fd-9564-4f6a-bd0d-95a50a729000',0,'Deduper','Deduper',null,0,'678f4d12-beb7-441d-9a35-5de63b7f9e06','678f4d12-beb7-441d-9a35-5de63b7f9e06',null,{ts '2015-09-29 11:07:21.079'},null,null,{ts '2015-09-29 11:09:03.256'});
insert into METL_COMPONENT (ID, ROW_ID, PROJECT_VERSION_ID, DELETED, NAME, TYPE, FOLDER_ID, SHARED, INPUT_MODEL_ID, OUTPUT_MODEL_ID, RESOURCE_ID, CREATE_TIME, CREATE_BY, LAST_UPDATE_BY, LAST_UPDATE_TIME) values ('d5acfdba-115a-4722-9d29-6ac4d9aa2f28','70eb64cd-2e48-4494-ace3-e34788ae70ca','f55241fd-9564-4f6a-bd0d-95a50a729000',0,'Log Results','Message Logger',null,0,'678f4d12-beb7-441d-9a35-5de63b7f9e06',null,null,{ts '2015-09-29 11:06:49.332'},null,null,{ts '2015-09-29 11:09:11.633'});
insert into METL_COMPONENT (ID, ROW_ID, PROJECT_VERSION_ID, DELETED, NAME, TYPE, FOLDER_ID, SHARED, INPUT_MODEL_ID, OUTPUT_MODEL_ID, RESOURCE_ID, CREATE_TIME, CREATE_BY, LAST_UPDATE_BY, LAST_UPDATE_TIME) values ('4a8e79e6-8e1a-46ad-bfcf-78b16e400871','7bb1bc29-25f4-4ada-a500-848c226fd088','f55241fd-9564-4f6a-bd0d-95a50a729000',0,'Parse Heros','Parse Delimited',null,0,null,'678f4d12-beb7-441d-9a35-5de63b7f9e06',null,{ts '2015-09-29 11:07:44.828'},null,null,{ts '2015-09-29 11:10:56.627'});
insert into METL_COMPONENT (ID, ROW_ID, PROJECT_VERSION_ID, DELETED, NAME, TYPE, FOLDER_ID, SHARED, INPUT_MODEL_ID, OUTPUT_MODEL_ID, RESOURCE_ID, CREATE_TIME, CREATE_BY, LAST_UPDATE_BY, LAST_UPDATE_TIME) values ('1fb72f5f-2cd2-44b1-aba2-6badf5a6dc6a','e1d3a5b1-9e88-4fcd-8458-9cda609dacb4','f55241fd-9564-4f6a-bd0d-95a50a729000',0,'Partition On Gender','Entity Router',null,0,'678f4d12-beb7-441d-9a35-5de63b7f9e06','e323d201-1741-4675-badd-5fd7b24e3b11',null,{ts '2015-09-28 15:17:27.844'},null,null,{ts '2015-09-29 15:48:45.918'});
insert into METL_COMPONENT (ID, ROW_ID, PROJECT_VERSION_ID, DELETED, NAME, TYPE, FOLDER_ID, SHARED, INPUT_MODEL_ID, OUTPUT_MODEL_ID, RESOURCE_ID, CREATE_TIME, CREATE_BY, LAST_UPDATE_BY, LAST_UPDATE_TIME) values ('d8c1649d-5596-4736-b6c3-34fcb6a4c4a6','634247e6-f11e-4aa4-959f-d7d0f6d0932b','f55241fd-9564-4f6a-bd0d-95a50a729000',0,'Female Mapper','Mapping',null,0,'678f4d12-beb7-441d-9a35-5de63b7f9e06','e323d201-1741-4675-badd-5fd7b24e3b11',null,{ts '2015-09-28 15:21:06.093'},null,null,{ts '2015-09-29 15:48:56.649'});
insert into METL_COMPONENT (ID, ROW_ID, PROJECT_VERSION_ID, DELETED, NAME, TYPE, FOLDER_ID, SHARED, INPUT_MODEL_ID, OUTPUT_MODEL_ID, RESOURCE_ID, CREATE_TIME, CREATE_BY, LAST_UPDATE_BY, LAST_UPDATE_TIME) values ('c83c1697-3e8e-4d6c-8c45-7ada6876fb1f','bcff6ee3-4aaf-4537-91cb-8b456026f30b','f55241fd-9564-4f6a-bd0d-95a50a729000',0,'Male Mapper','Mapping',null,0,'678f4d12-beb7-441d-9a35-5de63b7f9e06','e323d201-1741-4675-badd-5fd7b24e3b11',null,{ts '2015-09-28 15:21:03.111'},null,null,{ts '2015-09-29 15:49:03.414'});
insert into METL_COMPONENT (ID, ROW_ID, PROJECT_VERSION_ID, DELETED, NAME, TYPE, FOLDER_ID, SHARED, INPUT_MODEL_ID, OUTPUT_MODEL_ID, RESOURCE_ID, CREATE_TIME, CREATE_BY, LAST_UPDATE_BY, LAST_UPDATE_TIME) values ('a8e301cc-f2e8-48a6-b386-2ca4a6a315d4','dc8e7679-6978-4244-a7ac-aac5041fe83d','f55241fd-9564-4f6a-bd0d-95a50a729000',0,'Setup Person Database','Sql Executor',null,1,null,null,'39d1c618-9963-4a10-9db2-8ae58e5ab0f9',{ts '2015-09-28 14:40:54.702'},null,null,{ts '2015-10-04 14:39:53.688'});
insert into METL_COMPONENT (ID, ROW_ID, PROJECT_VERSION_ID, DELETED, NAME, TYPE, FOLDER_ID, SHARED, INPUT_MODEL_ID, OUTPUT_MODEL_ID, RESOURCE_ID, CREATE_TIME, CREATE_BY, LAST_UPDATE_BY, LAST_UPDATE_TIME) values ('64fbe5bd-fd5f-4906-936b-98501f5565d4','260878ba-3583-4dce-9ea7-c1c495f98e30','f55241fd-9564-4f6a-bd0d-95a50a729000',0,'Person Table Reader','RDBMS Reader',null,1,null,'678f4d12-beb7-441d-9a35-5de63b7f9e06','39d1c618-9963-4a10-9db2-8ae58e5ab0f9',{ts '2015-09-28 14:44:14.745'},null,null,{ts '2015-10-04 14:39:58.506'});
insert into METL_COMPONENT (ID, ROW_ID, PROJECT_VERSION_ID, DELETED, NAME, TYPE, FOLDER_ID, SHARED, INPUT_MODEL_ID, OUTPUT_MODEL_ID, RESOURCE_ID, CREATE_TIME, CREATE_BY, LAST_UPDATE_BY, LAST_UPDATE_TIME) values ('bbb7f1ea-d52a-4971-9d90-190366927b1e','9c235c44-536f-4fe3-9338-d14aae9bd474','f55241fd-9564-4f6a-bd0d-95a50a729000',0,'Delimited Formatter','Format Delimited',null,0,'678f4d12-beb7-441d-9a35-5de63b7f9e06',null,null,{ts '2015-10-04 14:40:24.262'},null,null,{ts '2015-10-04 14:55:33.408'});
insert into METL_COMPONENT (ID, ROW_ID, PROJECT_VERSION_ID, DELETED, NAME, TYPE, FOLDER_ID, SHARED, INPUT_MODEL_ID, OUTPUT_MODEL_ID, RESOURCE_ID, CREATE_TIME, CREATE_BY, LAST_UPDATE_BY, LAST_UPDATE_TIME) values ('62063500-6643-4deb-855a-6916ed4e5e06','bfce5ce5-cc91-49ab-bc15-1d2c3c30b323','f55241fd-9564-4f6a-bd0d-95a50a729000',0,'Delimited File Writer','Text File Writer',null,0,null,null,'5a805a60-27ba-4d09-9159-8dfd4978ca28',{ts '2015-10-04 14:40:38.049'},null,null,{ts '2015-10-04 14:55:33.409'});
insert into METL_COMPONENT (ID, ROW_ID, PROJECT_VERSION_ID, DELETED, NAME, TYPE, FOLDER_ID, SHARED, INPUT_MODEL_ID, OUTPUT_MODEL_ID, RESOURCE_ID, CREATE_TIME, CREATE_BY, LAST_UPDATE_BY, LAST_UPDATE_TIME) values ('c7e3e670-571e-426e-86fa-dd417c7a9276','56ba3f7d-5386-4764-9565-5a9adef0e980','f55241fd-9564-4f6a-bd0d-95a50a729000',0,'XML Formatter','Format XML',null,0,'678f4d12-beb7-441d-9a35-5de63b7f9e06',null,null,{ts '2015-10-04 14:54:52.598'},null,null,{ts '2015-10-04 14:56:16.694'});
insert into METL_COMPONENT (ID, ROW_ID, PROJECT_VERSION_ID, DELETED, NAME, TYPE, FOLDER_ID, SHARED, INPUT_MODEL_ID, OUTPUT_MODEL_ID, RESOURCE_ID, CREATE_TIME, CREATE_BY, LAST_UPDATE_BY, LAST_UPDATE_TIME) values ('bf00d16d-2add-4915-94b4-4a3b878c7175','7ac04851-b6e0-4507-aa9e-6db9477e1fd4','f55241fd-9564-4f6a-bd0d-95a50a729000',0,'XML File Writer','Text File Writer',null,0,null,null,'5a805a60-27ba-4d09-9159-8dfd4978ca28',{ts '2015-10-04 14:55:23.552'},null,null,{ts '2015-10-05 07:45:54.346'});
insert into METL_COMPONENT (ID, ROW_ID, PROJECT_VERSION_ID, DELETED, NAME, TYPE, FOLDER_ID, SHARED, INPUT_MODEL_ID, OUTPUT_MODEL_ID, RESOURCE_ID, CREATE_TIME, CREATE_BY, LAST_UPDATE_BY, LAST_UPDATE_TIME) values ('df151ec1-43f6-4cc5-a987-6166a84de1a2','54d25933-3f5b-4e88-9b6f-8472c8b2d972','f55241fd-9564-4f6a-bd0d-95a50a729000',0,'Person and Address Reader','RDBMS Reader',null,0,null,'f9b59934-07d8-45d5-ac44-ad04bd1f1633','39d1c618-9963-4a10-9db2-8ae58e5ab0f9',{ts '2015-10-05 08:20:32.417'},null,null,{ts '2015-10-05 08:35:42.557'});
insert into METL_COMPONENT (ID, ROW_ID, PROJECT_VERSION_ID, DELETED, NAME, TYPE, FOLDER_ID, SHARED, INPUT_MODEL_ID, OUTPUT_MODEL_ID, RESOURCE_ID, CREATE_TIME, CREATE_BY, LAST_UPDATE_BY, LAST_UPDATE_TIME) values ('6dd43495-8ad8-4b5c-aeff-a2cc083c27c3','05b07f98-5a9b-4d0c-9d9e-7492c9bee5f2','f55241fd-9564-4f6a-bd0d-95a50a729000',0,'Person and Address Mapper','Mapping',null,0,'f9b59934-07d8-45d5-ac44-ad04bd1f1633','8de36042-6f97-47a5-943c-7f6e6fe6e67b',null,{ts '2015-10-05 08:24:01.777'},null,null,{ts '2015-10-05 08:35:42.557'});
insert into METL_COMPONENT (ID, ROW_ID, PROJECT_VERSION_ID, DELETED, NAME, TYPE, FOLDER_ID, SHARED, INPUT_MODEL_ID, OUTPUT_MODEL_ID, RESOURCE_ID, CREATE_TIME, CREATE_BY, LAST_UPDATE_BY, LAST_UPDATE_TIME) values ('932ca7b6-949b-492f-b910-d40d40ced762','8677da28-d118-43ae-8941-0e1eb87fa522','f55241fd-9564-4f6a-bd0d-95a50a729000',0,'Home Phone Mapper','Mapping',null,0,'f9b59934-07d8-45d5-ac44-ad04bd1f1633','8de36042-6f97-47a5-943c-7f6e6fe6e67b',null,{ts '2015-10-05 08:23:58.593'},null,null,{ts '2015-10-05 08:35:42.558'});
insert into METL_COMPONENT (ID, ROW_ID, PROJECT_VERSION_ID, DELETED, NAME, TYPE, FOLDER_ID, SHARED, INPUT_MODEL_ID, OUTPUT_MODEL_ID, RESOURCE_ID, CREATE_TIME, CREATE_BY, LAST_UPDATE_BY, LAST_UPDATE_TIME) values ('f28dbb14-b8db-4afa-8fb5-703450fe5d75','5b04f920-3976-4341-9b98-ba28d66a2fcc','f55241fd-9564-4f6a-bd0d-95a50a729000',0,'Home Phone Reader','RDBMS Reader',null,0,null,'f9b59934-07d8-45d5-ac44-ad04bd1f1633','39d1c618-9963-4a10-9db2-8ae58e5ab0f9',{ts '2015-10-05 08:30:58.074'},null,null,{ts '2015-10-05 08:35:42.558'});
insert into METL_COMPONENT (ID, ROW_ID, PROJECT_VERSION_ID, DELETED, NAME, TYPE, FOLDER_ID, SHARED, INPUT_MODEL_ID, OUTPUT_MODEL_ID, RESOURCE_ID, CREATE_TIME, CREATE_BY, LAST_UPDATE_BY, LAST_UPDATE_TIME) values ('56680d4e-65d1-4676-8842-239df12125c7','f522e596-6371-4652-afd8-14d733eec269','f55241fd-9564-4f6a-bd0d-95a50a729000',0,'Joiner 1','Joiner',null,0,'8de36042-6f97-47a5-943c-7f6e6fe6e67b','8de36042-6f97-47a5-943c-7f6e6fe6e67b',null,{ts '2015-10-05 08:34:27.488'},null,null,{ts '2015-10-05 08:35:42.559'});
insert into METL_COMPONENT (ID, ROW_ID, PROJECT_VERSION_ID, DELETED, NAME, TYPE, FOLDER_ID, SHARED, INPUT_MODEL_ID, OUTPUT_MODEL_ID, RESOURCE_ID, CREATE_TIME, CREATE_BY, LAST_UPDATE_BY, LAST_UPDATE_TIME) values ('6438bb55-d010-406c-b4ea-1c278f91aa2d','f4d91add-ab03-4de4-9078-9cc28274c9bf','f55241fd-9564-4f6a-bd0d-95a50a729000',0,'Cell Phone Reader','RDBMS Reader',null,0,null,'f9b59934-07d8-45d5-ac44-ad04bd1f1633','39d1c618-9963-4a10-9db2-8ae58e5ab0f9',{ts '2015-10-05 08:31:13.297'},null,null,{ts '2015-10-05 08:35:42.559'});
insert into METL_COMPONENT (ID, ROW_ID, PROJECT_VERSION_ID, DELETED, NAME, TYPE, FOLDER_ID, SHARED, INPUT_MODEL_ID, OUTPUT_MODEL_ID, RESOURCE_ID, CREATE_TIME, CREATE_BY, LAST_UPDATE_BY, LAST_UPDATE_TIME) values ('bdd446f2-3edf-4017-8f3a-c7213d5e0638','d9deaa4b-e3db-4735-9a02-9b0cf57647a1','f55241fd-9564-4f6a-bd0d-95a50a729000',0,'Cell Phone Mapper','Mapping',null,0,'f9b59934-07d8-45d5-ac44-ad04bd1f1633','8de36042-6f97-47a5-943c-7f6e6fe6e67b',null,{ts '2015-10-05 08:32:27.701'},null,null,{ts '2015-10-05 08:35:42.560'});
insert into METL_COMPONENT (ID, ROW_ID, PROJECT_VERSION_ID, DELETED, NAME, TYPE, FOLDER_ID, SHARED, INPUT_MODEL_ID, OUTPUT_MODEL_ID, RESOURCE_ID, CREATE_TIME, CREATE_BY, LAST_UPDATE_BY, LAST_UPDATE_TIME) values ('05f4cf6b-a5bc-4adb-9deb-4ea2562c75a2','dca08e35-e907-4d94-9931-04a045112436','f55241fd-9564-4f6a-bd0d-95a50a729000',0,'Work Phone Mapper','Mapping',null,0,'f9b59934-07d8-45d5-ac44-ad04bd1f1633','8de36042-6f97-47a5-943c-7f6e6fe6e67b',null,{ts '2015-10-05 08:32:41.695'},null,null,{ts '2015-10-05 08:35:42.560'});
insert into METL_COMPONENT (ID, ROW_ID, PROJECT_VERSION_ID, DELETED, NAME, TYPE, FOLDER_ID, SHARED, INPUT_MODEL_ID, OUTPUT_MODEL_ID, RESOURCE_ID, CREATE_TIME, CREATE_BY, LAST_UPDATE_BY, LAST_UPDATE_TIME) values ('eb15c81e-1b22-4537-8aae-643b0614586f','bc089721-3f35-4fdf-94bd-6a431cc43828','f55241fd-9564-4f6a-bd0d-95a50a729000',0,'Denormalized Person Formatter','Format Delimited',null,0,'8de36042-6f97-47a5-943c-7f6e6fe6e67b',null,null,{ts '2015-10-05 08:35:04.805'},null,null,{ts '2015-10-05 08:37:09.843'});
insert into METL_COMPONENT (ID, ROW_ID, PROJECT_VERSION_ID, DELETED, NAME, TYPE, FOLDER_ID, SHARED, INPUT_MODEL_ID, OUTPUT_MODEL_ID, RESOURCE_ID, CREATE_TIME, CREATE_BY, LAST_UPDATE_BY, LAST_UPDATE_TIME) values ('c2950f4f-69ac-4186-9779-595f8ac7ca19','f1dfd374-ca28-472f-83fc-3403fa11cfa3','f55241fd-9564-4f6a-bd0d-95a50a729000',0,'Denormalized Person Writer','Text File Writer',null,0,null,null,'5a805a60-27ba-4d09-9159-8dfd4978ca28',{ts '2015-10-05 08:35:39.114'},null,null,{ts '2015-10-05 08:37:11.583'});
insert into METL_COMPONENT (ID, ROW_ID, PROJECT_VERSION_ID, DELETED, NAME, TYPE, FOLDER_ID, SHARED, INPUT_MODEL_ID, OUTPUT_MODEL_ID, RESOURCE_ID, CREATE_TIME, CREATE_BY, LAST_UPDATE_BY, LAST_UPDATE_TIME) values ('38cac51f-2717-4ad3-b228-4d40aa84e04e','826a717b-9031-4bd6-ab8c-159b0f979c83','f55241fd-9564-4f6a-bd0d-95a50a729000',0,'Work Phone Reader','RDBMS Reader',null,0,null,'f9b59934-07d8-45d5-ac44-ad04bd1f1633','39d1c618-9963-4a10-9db2-8ae58e5ab0f9',{ts '2015-10-05 08:31:24.884'},null,null,{ts '2015-10-05 08:52:38.593'});
insert into METL_COMPONENT (ID, ROW_ID, PROJECT_VERSION_ID, DELETED, NAME, TYPE, FOLDER_ID, SHARED, INPUT_MODEL_ID, OUTPUT_MODEL_ID, RESOURCE_ID, CREATE_TIME, CREATE_BY, LAST_UPDATE_BY, LAST_UPDATE_TIME) values ('cc458843-bd43-4f20-b9a1-fadec078387d','cd56488f-0618-4a47-8974-d0bc90058272','f55241fd-9564-4f6a-bd0d-95a50a729000',0,'Fixed Length Formatter','Format Fixed',null,0,'678f4d12-beb7-441d-9a35-5de63b7f9e06',null,null,{ts '2015-10-04 14:54:35.226'},null,null,{ts '2015-10-05 09:20:42.458'});
insert into METL_COMPONENT (ID, ROW_ID, PROJECT_VERSION_ID, DELETED, NAME, TYPE, FOLDER_ID, SHARED, INPUT_MODEL_ID, OUTPUT_MODEL_ID, RESOURCE_ID, CREATE_TIME, CREATE_BY, LAST_UPDATE_BY, LAST_UPDATE_TIME) values ('64d2b37c-a149-4bc7-9069-bf41d43e8489','f6f21288-d885-4bd8-9c35-0236dbec5895','f55241fd-9564-4f6a-bd0d-95a50a729000',0,'Fixed Length File Writer','Text File Writer',null,0,null,null,'5a805a60-27ba-4d09-9159-8dfd4978ca28',{ts '2015-10-04 14:55:15.132'},null,null,{ts '2015-10-05 09:20:44.057'});
insert into METL_COMPONENT (ID, ROW_ID, PROJECT_VERSION_ID, DELETED, NAME, TYPE, FOLDER_ID, SHARED, INPUT_MODEL_ID, OUTPUT_MODEL_ID, RESOURCE_ID, CREATE_TIME, CREATE_BY, LAST_UPDATE_BY, LAST_UPDATE_TIME) values ('394ad291-3292-4e9c-9f6d-e88544a46fd4','08124ebf-454e-41d6-b867-6cf82622cb53','f55241fd-9564-4f6a-bd0d-95a50a729000',0,'Person File Reader','Text File Reader',null,0,null,null,'5a805a60-27ba-4d09-9159-8dfd4978ca28',{ts '2015-10-05 10:39:44.788'},null,null,{ts '2015-10-06 11:19:35.701'});
insert into METL_COMPONENT (ID, ROW_ID, PROJECT_VERSION_ID, DELETED, NAME, TYPE, FOLDER_ID, SHARED, INPUT_MODEL_ID, OUTPUT_MODEL_ID, RESOURCE_ID, CREATE_TIME, CREATE_BY, LAST_UPDATE_BY, LAST_UPDATE_TIME) values ('e6f73c39-2ec2-4436-8527-dcc8228fc67b','0db5dfdd-5a4c-426d-b87a-a73fbd4c6be6','f55241fd-9564-4f6a-bd0d-95a50a729000',0,'Person File Parser','Parse Delimited',null,0,null,'678f4d12-beb7-441d-9a35-5de63b7f9e06',null,{ts '2015-10-05 10:39:56.433'},null,null,{ts '2015-10-06 11:19:35.702'});
insert into METL_COMPONENT (ID, ROW_ID, PROJECT_VERSION_ID, DELETED, NAME, TYPE, FOLDER_ID, SHARED, INPUT_MODEL_ID, OUTPUT_MODEL_ID, RESOURCE_ID, CREATE_TIME, CREATE_BY, LAST_UPDATE_BY, LAST_UPDATE_TIME) values ('c12aec97-37d7-4f91-857b-75c11b407426','cfb3225e-c953-4ea4-9fba-4d8dea7ce38e','f55241fd-9564-4f6a-bd0d-95a50a729000',0,'File Mapping to Database Mapping','Mapping',null,0,'678f4d12-beb7-441d-9a35-5de63b7f9e06','f9b59934-07d8-45d5-ac44-ad04bd1f1633',null,{ts '2015-10-05 10:48:36.596'},null,null,{ts '2015-10-06 11:19:35.714'});
insert into METL_COMPONENT (ID, ROW_ID, PROJECT_VERSION_ID, DELETED, NAME, TYPE, FOLDER_ID, SHARED, INPUT_MODEL_ID, OUTPUT_MODEL_ID, RESOURCE_ID, CREATE_TIME, CREATE_BY, LAST_UPDATE_BY, LAST_UPDATE_TIME) values ('f02b9595-184e-4763-bdb5-543f21fd973d','712f796c-0323-4387-8bad-10a3177a4b6a','f55241fd-9564-4f6a-bd0d-95a50a729000',0,'Person Table Writer','RDBMS Writer',null,0,'f9b59934-07d8-45d5-ac44-ad04bd1f1633',null,'39d1c618-9963-4a10-9db2-8ae58e5ab0f9',{ts '2015-10-05 10:40:18.972'},null,null,{ts '2015-10-06 11:19:35.715'});
insert into METL_COMPONENT (ID, ROW_ID, PROJECT_VERSION_ID, DELETED, NAME, TYPE, FOLDER_ID, SHARED, INPUT_MODEL_ID, OUTPUT_MODEL_ID, RESOURCE_ID, CREATE_TIME, CREATE_BY, LAST_UPDATE_BY, LAST_UPDATE_TIME) values ('9708e799-48e6-4763-ae56-0046e93aee33','f9733927-bd1b-4f30-9dba-6df618e30833','f55241fd-9564-4f6a-bd0d-95a50a729000',0,'Denormalized Person Reader','RDBMS Reader',null,0,null,'8de36042-6f97-47a5-943c-7f6e6fe6e67b','39d1c618-9963-4a10-9db2-8ae58e5ab0f9',{ts '2015-10-05 08:54:53.042'},null,null,{ts '2015-10-06 12:17:36.291'});
insert into METL_COMPONENT (ID, ROW_ID, PROJECT_VERSION_ID, DELETED, NAME, TYPE, FOLDER_ID, SHARED, INPUT_MODEL_ID, OUTPUT_MODEL_ID, RESOURCE_ID, CREATE_TIME, CREATE_BY, LAST_UPDATE_BY, LAST_UPDATE_TIME) values ('dde9586d-8c64-41bb-9bb6-9d22b69209fb','067df361-313f-4ba7-95ab-aa2cdc9f92fb','f55241fd-9564-4f6a-bd0d-95a50a729000',0,'Denormalized Person Formatter','Format Fixed',null,0,'8de36042-6f97-47a5-943c-7f6e6fe6e67b',null,null,{ts '2015-10-05 09:03:15.669'},null,null,{ts '2015-10-06 12:17:37.689'});
insert into METL_COMPONENT (ID, ROW_ID, PROJECT_VERSION_ID, DELETED, NAME, TYPE, FOLDER_ID, SHARED, INPUT_MODEL_ID, OUTPUT_MODEL_ID, RESOURCE_ID, CREATE_TIME, CREATE_BY, LAST_UPDATE_BY, LAST_UPDATE_TIME) values ('5a63247b-21c4-4dec-bb49-11ba95c8b2fa','e55e7d26-40f6-440e-878f-6a2b55967e18','f55241fd-9564-4f6a-bd0d-95a50a729000',0,'Denormalized Person Writer','Text File Writer',null,0,null,null,'5a805a60-27ba-4d09-9159-8dfd4978ca28',{ts '2015-10-05 09:03:48.867'},null,null,{ts '2015-10-06 12:17:40.185'});
insert into METL_COMPONENT_SETTING (ID, COMPONENT_ID, NAME, VALUE, CREATE_TIME, CREATE_BY, LAST_UPDATE_BY, LAST_UPDATE_TIME) values ('71440ead-9b7b-4f97-9637-09ddc07dd7bd','48d92f15-542e-437c-8041-43db46c8923d','sql','insert into runs (exec_time) values(current_timestamp);',{ts '2015-09-28 15:27:02.184'},null,null,{ts '2015-09-28 15:27:15.566'});
insert into METL_COMPONENT_SETTING (ID, COMPONENT_ID, NAME, VALUE, CREATE_TIME, CREATE_BY, LAST_UPDATE_BY, LAST_UPDATE_TIME) values ('3c090c3c-2ac9-4c82-bde6-6316deb56cab','cadcab7c-357f-43d4-b13c-8834364220ad','quote.character','',{ts '2015-09-29 08:07:16.050'},null,null,{ts '2015-09-29 10:29:30.746'});
insert into METL_COMPONENT_SETTING (ID, COMPONENT_ID, NAME, VALUE, CREATE_TIME, CREATE_BY, LAST_UPDATE_BY, LAST_UPDATE_TIME) values ('ff0be6a5-5a53-4266-931b-8bd4cff0c0b4','b642d9ee-ab20-492b-9fef-e0656edd9f27','delay.in.ms','5000',{ts '2015-09-29 07:55:47.145'},null,null,{ts '2015-09-29 10:32:53.385'});
insert into METL_COMPONENT_SETTING (ID, COMPONENT_ID, NAME, VALUE, CREATE_TIME, CREATE_BY, LAST_UPDATE_BY, LAST_UPDATE_TIME) values ('5efa4ae0-ba95-4b08-8385-a5b1d45a96f5','21818f39-ead6-4336-b8c2-fe0ff6f5c284','sort.attribute','PERSON.ID',{ts '2015-09-29 07:58:34.363'},null,null,{ts '2015-09-29 10:37:15.506'});
insert into METL_COMPONENT_SETTING (ID, COMPONENT_ID, NAME, VALUE, CREATE_TIME, CREATE_BY, LAST_UPDATE_BY, LAST_UPDATE_TIME) values ('779936cb-e22d-4e66-ba0e-d79bed89152c','21818f39-ead6-4336-b8c2-fe0ff6f5c284','rows.per.message','100',{ts '2015-09-29 07:58:44.825'},null,null,{ts '2015-09-29 10:37:15.507'});
insert into METL_COMPONENT_SETTING (ID, COMPONENT_ID, NAME, VALUE, CREATE_TIME, CREATE_BY, LAST_UPDATE_BY, LAST_UPDATE_TIME) values ('2c3ee94c-36c3-472e-a671-ca2133f2daba','26cf2469-e8ad-4332-8bba-12730b0e537a','text','4,Diane,Prince,F
3,Clark,Kent,M
1,Peter,Parker,M
2,Bruce,Wayne,M
5,Bruce,Banner,M
7,Matt,Murdock,M
6,Jessica,Jone,F',{ts '2015-09-29 07:54:10.873'},null,null,{ts '2015-09-29 15:47:47.820'});
insert into METL_COMPONENT_SETTING (ID, COMPONENT_ID, NAME, VALUE, CREATE_TIME, CREATE_BY, LAST_UPDATE_BY, LAST_UPDATE_TIME) values ('8fcb1334-2e53-48ad-b9f6-2e445155e1f4','b0ea84e9-3350-4bda-b40c-b61d00e31dce','text','4,Diane,Prince,F
3,Clark,Kent,M
1,Peter,Parker,M
2,Bruce,Wayne,M
',{ts '2015-09-29 07:51:59.599'},null,null,{ts '2015-09-29 11:05:44.318'});
insert into METL_COMPONENT_SETTING (ID, COMPONENT_ID, NAME, VALUE, CREATE_TIME, CREATE_BY, LAST_UPDATE_BY, LAST_UPDATE_TIME) values ('c307d07c-08f6-4ba7-9286-4ae955814a90','1fb72f5f-2cd2-44b1-aba2-6badf5a6dc6a','config','[{"matchExpression":"PERSON.GENDER==''F''","targetStepId":"cc7bd445-2222-42fa-b6c0-eb9a0ceb4926"},{"matchExpression":"PERSON.GENDER==''M''","targetStepId":"b48d64ff-7718-4bd0-bc7f-bcf3d0af7bec"}]',{ts '2015-09-28 15:17:49.334'},null,null,{ts '2015-09-28 15:29:28.085'});
insert into METL_COMPONENT_SETTING (ID, COMPONENT_ID, NAME, VALUE, CREATE_TIME, CREATE_BY, LAST_UPDATE_BY, LAST_UPDATE_TIME) values ('87b52517-308c-4c7c-95ea-d3c007be4a50','a8e301cc-f2e8-48a6-b386-2ca4a6a315d4','sql','drop table if exists person;
drop table if exists female;
drop table if exists male;
drop table if exists address;
drop table if exists phone;
drop table if exists denormalized_person;
create table person (id integer auto_increment, first_name varchar(100), last_name varchar(100), gender char(1), primary key (id));
create table male (id integer auto_increment, first_name varchar(100), last_name varchar(100), primary key(id));
create table female (id integer auto_increment, first_name varchar(100), last_name varchar(100), primary key(id));
create table address (id integer auto_increment, person_id integer, address1 varchar(100), address2 varchar(100), city varchar(100), state varchar(2), postal_code varchar(10), primary key(id));
create table phone (id integer auto_increment, person_id integer, phone_type varchar(10), phone_number varchar(20), primary key (id));
create table denormalized_person (
   first_name varchar(100),
   last_name varchar(100),
   gender char(1),
   address1 varchar(100),
   address2 varchar(100),
   city varchar(100),
   state varchar(2),
   postal_code varchar(10),
   home_phone varchar(20),
   cell_phone varchar(20),
   work_phone varchar(20)
);
create table if not exists runs (id integer auto_increment, exec_time timestamp, primary key (id));
insert into person values(1, ''Garfield'', ''Arbuckle'', ''M'');
insert into person values(2, ''Odie'', ''Arbuckle'', ''M'');
insert into person values(3, ''Jon'', ''Arbuckle'', ''M'');
insert into person values(4, ''Liz'', ''Wilson'', ''F'');
insert into person values(5, ''Arlene'', ''Cat'', ''F'');
--
--
insert into address values (1,1,''Garfield Addr Line 1'',null,''Garfield City'', ''OH'',''77777'');
insert into address values (2,2,''Garfield Addr Line 1'',null,''Garfield City'', ''OH'',''77777'');
--
insert into phone values (1,1,''Home'',''614-555-1212'');
insert into phone values (2,1,''Cell'',''614-777-7777'');
insert into phone values (3,1,''Work'',''614-666-6666'');
insert into phone values (4,2,''Cell'',''614-888-7777'');
',{ts '2015-09-28 14:43:03.841'},null,null,{ts '2015-10-05 09:05:35.345'});
insert into METL_COMPONENT_SETTING (ID, COMPONENT_ID, NAME, VALUE, CREATE_TIME, CREATE_BY, LAST_UPDATE_BY, LAST_UPDATE_TIME) values ('2b29bb60-02ac-47bf-aba5-68b0a136de6c','64fbe5bd-fd5f-4906-936b-98501f5565d4','sql','select * from person',{ts '2015-09-28 14:45:43.347'},null,null,{ts '2015-10-04 14:39:58.507'});
insert into METL_COMPONENT_SETTING (ID, COMPONENT_ID, NAME, VALUE, CREATE_TIME, CREATE_BY, LAST_UPDATE_BY, LAST_UPDATE_TIME) values ('e358773c-6910-4569-b8c3-46a66b438bf8','62063500-6643-4deb-855a-6916ed4e5e06','textfilewriter.relative.path','outbound/person.csv',{ts '2015-10-04 14:41:27.009'},null,null,{ts '2015-10-05 10:43:54.474'});
insert into METL_COMPONENT_SETTING (ID, COMPONENT_ID, NAME, VALUE, CREATE_TIME, CREATE_BY, LAST_UPDATE_BY, LAST_UPDATE_TIME) values ('e439788f-e1a4-4657-9b6e-8f214730fa07','c7e3e670-571e-426e-86fa-dd417c7a9276','xml.formatter.template','<Persons>
    <Person>
        <Id></Id>
        <FirstName></FirstName>
        <LastName></LastName>
        <Gender></Gender>
    </Person>
</Persons>',{ts '2015-10-04 14:56:39.288'},null,null,{ts '2015-10-04 14:57:13.540'});
insert into METL_COMPONENT_SETTING (ID, COMPONENT_ID, NAME, VALUE, CREATE_TIME, CREATE_BY, LAST_UPDATE_BY, LAST_UPDATE_TIME) values ('ad76e7b5-630b-406c-ac1c-232000966f20','bf00d16d-2add-4915-94b4-4a3b878c7175','textfilewriter.relative.path','outbound/person.xml',{ts '2015-10-04 14:58:40.108'},null,null,{ts '2015-10-05 10:44:07.179'});
insert into METL_COMPONENT_SETTING (ID, COMPONENT_ID, NAME, VALUE, CREATE_TIME, CREATE_BY, LAST_UPDATE_BY, LAST_UPDATE_TIME) values ('ad642812-5a54-42d4-880d-602b89859fca','df151ec1-43f6-4cc5-a987-6166a84de1a2','sql','select
   *
from
   person p
   left outer join address a
      on p.id = a.person_id',{ts '2015-10-05 08:22:23.743'},null,null,{ts '2015-10-05 09:23:33.508'});
insert into METL_COMPONENT_SETTING (ID, COMPONENT_ID, NAME, VALUE, CREATE_TIME, CREATE_BY, LAST_UPDATE_BY, LAST_UPDATE_TIME) values ('82ee26b2-7f41-4eb8-bba8-97e03da96b3d','f28dbb14-b8db-4afa-8fb5-703450fe5d75','sql','select
   p.first_name
   , p.last_name
   , ph.phone_number
from 
   person p
   inner join phone ph
      on p.id = ph.person_id
where
   phone_type=''Home''
',{ts '2015-10-05 08:38:27.991'},null,null,{ts '2015-10-05 09:23:08.608'});
insert into METL_COMPONENT_SETTING (ID, COMPONENT_ID, NAME, VALUE, CREATE_TIME, CREATE_BY, LAST_UPDATE_BY, LAST_UPDATE_TIME) values ('ab81f3a7-6a66-47ed-b719-fdc4e7c2c556','6438bb55-d010-406c-b4ea-1c278f91aa2d','sql','select
   p.first_name
   , p.last_name
   , ph.phone_number
from 
   person p
   inner join phone ph
      on p.id = ph.person_id
where
   phone_type=''Cell''
',{ts '2015-10-05 08:39:15.108'},null,null,{ts '2015-10-05 08:51:39.058'});
insert into METL_COMPONENT_SETTING (ID, COMPONENT_ID, NAME, VALUE, CREATE_TIME, CREATE_BY, LAST_UPDATE_BY, LAST_UPDATE_TIME) values ('c8f8674b-bb81-41ba-8c23-df9970657377','c2950f4f-69ac-4186-9779-595f8ac7ca19','textfilewriter.relative.path','outbound/DenormalizedPerson.csv',{ts '2015-10-05 08:35:59.231'},null,null,{ts '2015-10-05 10:44:35.082'});
insert into METL_COMPONENT_SETTING (ID, COMPONENT_ID, NAME, VALUE, CREATE_TIME, CREATE_BY, LAST_UPDATE_BY, LAST_UPDATE_TIME) values ('2bb9c750-10fc-4a03-ad83-f54b24436010','38cac51f-2717-4ad3-b228-4d40aa84e04e','sql','select
   p.first_name
   , p.last_name
   , ph.phone_number
from 
   person p
   inner join phone ph
      on p.id = ph.person_id
where
   phone_type=''Work''
',{ts '2015-10-05 08:39:25.238'},null,null,{ts '2015-10-05 08:52:41.258'});
insert into METL_COMPONENT_SETTING (ID, COMPONENT_ID, NAME, VALUE, CREATE_TIME, CREATE_BY, LAST_UPDATE_BY, LAST_UPDATE_TIME) values ('40726bb1-e0fd-4553-9e64-3568ff90adf8','64d2b37c-a149-4bc7-9069-bf41d43e8489','textfilewriter.relative.path','outbound/person.dat',{ts '2015-10-04 14:58:27.941'},null,null,{ts '2015-10-05 10:44:00.753'});
insert into METL_COMPONENT_SETTING (ID, COMPONENT_ID, NAME, VALUE, CREATE_TIME, CREATE_BY, LAST_UPDATE_BY, LAST_UPDATE_TIME) values ('afc04481-a14f-422b-bad9-12ec30aa244c','394ad291-3292-4e9c-9f6d-e88544a46fd4','textfilereader.relative.path','inbound/Person.csv',{ts '2015-10-05 10:45:32.782'},null,null,{ts '2015-10-06 11:19:35.702'});
insert into METL_COMPONENT_SETTING (ID, COMPONENT_ID, NAME, VALUE, CREATE_TIME, CREATE_BY, LAST_UPDATE_BY, LAST_UPDATE_TIME) values ('40ea1f48-12b8-46cb-b2f2-eafd29de3272','9708e799-48e6-4763-ae56-0046e93aee33','sql','select
   p.first_name /* denormalized_person.first_name */
   , p.last_name /* denormalized_person.last_name */
   , p.gender /* denormalized_person.gender */
   , a.address1 /* denormalized_person.address1 */
   , a.address2 /* denormalized_person.address2 */
   , a.city /* denormalized_person.city */
   , a.state /* denormalized_person.state */
   , a.postal_code /* denormalized_person.postal_code */
   , hp.phone_number /* denormalized_person.home_phone */
   , cp.phone_number /* denormalized_person.work_phone */
   , wp.phone_number /* denormalized_person.cell_phone */
from
   person p
   left outer join address a
      on p.id = a.person_id
   left outer join phone hp
      on p.id = hp.person_id
      and hp.phone_type = ''Home''
   left outer join phone cp
      on p.id = cp.person_id
      and cp.phone_type = ''Cell''
   left outer join phone wp
      on p.id = wp.person_id
      and wp.phone_type = ''Work''
',{ts '2015-10-05 08:59:12.286'},null,null,{ts '2015-10-06 12:17:36.292'});
insert into METL_COMPONENT_SETTING (ID, COMPONENT_ID, NAME, VALUE, CREATE_TIME, CREATE_BY, LAST_UPDATE_BY, LAST_UPDATE_TIME) values ('2bf47b43-1dac-4e3f-994a-0ccefa2c9284','5a63247b-21c4-4dec-bb49-11ba95c8b2fa','textfilewriter.relative.path','outbound/DenormalizedPerson.dat',{ts '2015-10-05 09:04:09.498'},null,null,{ts '2015-10-06 12:17:40.186'});
insert into METL_COMPONENT_ENTITY_SETTING (ID, COMPONENT_ID, ENTITY_ID, NAME, VALUE, CREATE_TIME, CREATE_BY, LAST_UPDATE_BY, LAST_UPDATE_TIME) values ('bb1e0e44-52a9-4c23-9504-b7d4edca93b1','c7e3e670-571e-426e-86fa-dd417c7a9276','a8c52b29-f90b-4680-a9cd-5c48c8be83e8','xml.formatter.xpath','/Persons/Person',{ts '2015-10-04 14:57:28.122'},null,null,{ts '2015-10-04 14:57:28.122'});
insert into METL_COMPONENT_ATTRIBUTE_SETTING (ID, COMPONENT_ID, ATTRIBUTE_ID, NAME, VALUE, CREATE_TIME, CREATE_BY, LAST_UPDATE_BY, LAST_UPDATE_TIME) values ('dea84630-8eb2-4000-a6d1-9d43e1572378','cadcab7c-357f-43d4-b13c-8834364220ad','d11339ec-3aab-4047-91b4-e7150ffce4b9','delimited.formatter.attribute.ordinal','1',{ts '2015-09-29 08:07:02.588'},null,null,{ts '2015-09-29 10:29:30.744'});
insert into METL_COMPONENT_ATTRIBUTE_SETTING (ID, COMPONENT_ID, ATTRIBUTE_ID, NAME, VALUE, CREATE_TIME, CREATE_BY, LAST_UPDATE_BY, LAST_UPDATE_TIME) values ('0acce924-c3ff-4f58-b514-5bb0ef5b8843','cadcab7c-357f-43d4-b13c-8834364220ad','5f3cecf4-15d2-4910-916b-47beae752d47','delimited.formatter.attribute.ordinal','2',{ts '2015-09-29 08:07:02.589'},null,null,{ts '2015-09-29 10:29:30.744'});
insert into METL_COMPONENT_ATTRIBUTE_SETTING (ID, COMPONENT_ID, ATTRIBUTE_ID, NAME, VALUE, CREATE_TIME, CREATE_BY, LAST_UPDATE_BY, LAST_UPDATE_TIME) values ('ed45f5f6-7619-438f-aeab-595cd9b97458','cadcab7c-357f-43d4-b13c-8834364220ad','242365fa-e6cb-49b9-b5c5-00a4807f2d8d','delimited.formatter.attribute.ordinal','3',{ts '2015-09-29 08:07:02.589'},null,null,{ts '2015-09-29 10:29:30.744'});
insert into METL_COMPONENT_ATTRIBUTE_SETTING (ID, COMPONENT_ID, ATTRIBUTE_ID, NAME, VALUE, CREATE_TIME, CREATE_BY, LAST_UPDATE_BY, LAST_UPDATE_TIME) values ('38dab1f9-b258-4042-9b58-c12ca15c3dc6','cadcab7c-357f-43d4-b13c-8834364220ad','94c3d263-68fc-4ddc-a4c4-2817f84fed9c','delimited.formatter.attribute.ordinal','4',{ts '2015-09-29 08:07:02.589'},null,null,{ts '2015-09-29 10:29:30.745'});
insert into METL_COMPONENT_ATTRIBUTE_SETTING (ID, COMPONENT_ID, ATTRIBUTE_ID, NAME, VALUE, CREATE_TIME, CREATE_BY, LAST_UPDATE_BY, LAST_UPDATE_TIME) values ('aabc08e2-ed47-4dc0-92bf-d51d0bdcbe06','cadcab7c-357f-43d4-b13c-8834364220ad','d11339ec-3aab-4047-91b4-e7150ffce4b9','delimited.formatter.attribute.format.function','',{ts '2015-09-29 08:07:02.589'},null,null,{ts '2015-09-29 10:29:30.745'});
insert into METL_COMPONENT_ATTRIBUTE_SETTING (ID, COMPONENT_ID, ATTRIBUTE_ID, NAME, VALUE, CREATE_TIME, CREATE_BY, LAST_UPDATE_BY, LAST_UPDATE_TIME) values ('eae6f2de-65e5-4db3-95b7-2a8b9070ea5a','cadcab7c-357f-43d4-b13c-8834364220ad','5f3cecf4-15d2-4910-916b-47beae752d47','delimited.formatter.attribute.format.function','',{ts '2015-09-29 08:07:02.590'},null,null,{ts '2015-09-29 10:29:30.745'});
insert into METL_COMPONENT_ATTRIBUTE_SETTING (ID, COMPONENT_ID, ATTRIBUTE_ID, NAME, VALUE, CREATE_TIME, CREATE_BY, LAST_UPDATE_BY, LAST_UPDATE_TIME) values ('9345ed96-b05f-4897-a94b-54e2f7efc47d','cadcab7c-357f-43d4-b13c-8834364220ad','242365fa-e6cb-49b9-b5c5-00a4807f2d8d','delimited.formatter.attribute.format.function','',{ts '2015-09-29 08:07:02.590'},null,null,{ts '2015-09-29 10:29:30.745'});
insert into METL_COMPONENT_ATTRIBUTE_SETTING (ID, COMPONENT_ID, ATTRIBUTE_ID, NAME, VALUE, CREATE_TIME, CREATE_BY, LAST_UPDATE_BY, LAST_UPDATE_TIME) values ('c905cda0-9ade-4677-8b37-ddf7ea4d575c','cadcab7c-357f-43d4-b13c-8834364220ad','94c3d263-68fc-4ddc-a4c4-2817f84fed9c','delimited.formatter.attribute.format.function','',{ts '2015-09-29 08:07:02.590'},null,null,{ts '2015-09-29 10:29:30.746'});
insert into METL_COMPONENT_ATTRIBUTE_SETTING (ID, COMPONENT_ID, ATTRIBUTE_ID, NAME, VALUE, CREATE_TIME, CREATE_BY, LAST_UPDATE_BY, LAST_UPDATE_TIME) values ('83ccd00e-3a6b-4a7f-af52-5c1b7c433b17','951d8e09-2c1d-4954-a807-750439182718','5b18eb1e-603a-4f22-9bd3-e079196b3b86','delimited.formatter.attribute.ordinal','5',{ts '2015-09-29 07:56:29.167'},null,null,{ts '2015-09-29 10:29:31.947'});
insert into METL_COMPONENT_ATTRIBUTE_SETTING (ID, COMPONENT_ID, ATTRIBUTE_ID, NAME, VALUE, CREATE_TIME, CREATE_BY, LAST_UPDATE_BY, LAST_UPDATE_TIME) values ('1a7a147c-e766-4f7b-b7f0-edfe222e7809','951d8e09-2c1d-4954-a807-750439182718','bc395e2d-af35-422c-a1b1-f5e69b524862','delimited.formatter.attribute.ordinal','6',{ts '2015-09-29 07:56:29.167'},null,null,{ts '2015-09-29 10:29:31.947'});
insert into METL_COMPONENT_ATTRIBUTE_SETTING (ID, COMPONENT_ID, ATTRIBUTE_ID, NAME, VALUE, CREATE_TIME, CREATE_BY, LAST_UPDATE_BY, LAST_UPDATE_TIME) values ('a3927920-7f54-4815-9896-97fc074808b3','951d8e09-2c1d-4954-a807-750439182718','3a98c162-b325-41c2-876d-348cf62d67af','delimited.formatter.attribute.ordinal','7',{ts '2015-09-29 07:56:29.168'},null,null,{ts '2015-09-29 10:29:31.947'});
insert into METL_COMPONENT_ATTRIBUTE_SETTING (ID, COMPONENT_ID, ATTRIBUTE_ID, NAME, VALUE, CREATE_TIME, CREATE_BY, LAST_UPDATE_BY, LAST_UPDATE_TIME) values ('065883e0-3562-4322-9b6e-c956cc6cfac2','951d8e09-2c1d-4954-a807-750439182718','e5756c1f-18de-41a9-a39a-b4652b7a654e','delimited.formatter.attribute.ordinal','8',{ts '2015-09-29 07:56:29.168'},null,null,{ts '2015-09-29 10:29:31.948'});
insert into METL_COMPONENT_ATTRIBUTE_SETTING (ID, COMPONENT_ID, ATTRIBUTE_ID, NAME, VALUE, CREATE_TIME, CREATE_BY, LAST_UPDATE_BY, LAST_UPDATE_TIME) values ('0d770156-6f53-491e-b108-3cbe5cd11693','951d8e09-2c1d-4954-a807-750439182718','3954107d-325b-4c45-90fd-8aae09d5a100','delimited.formatter.attribute.ordinal','9',{ts '2015-09-29 07:56:29.168'},null,null,{ts '2015-09-29 10:29:31.948'});
insert into METL_COMPONENT_ATTRIBUTE_SETTING (ID, COMPONENT_ID, ATTRIBUTE_ID, NAME, VALUE, CREATE_TIME, CREATE_BY, LAST_UPDATE_BY, LAST_UPDATE_TIME) values ('2afabfff-8481-4ca6-950d-f7039687f6e0','951d8e09-2c1d-4954-a807-750439182718','b32f78a0-27c4-4782-b4ae-3a8ddb45b63e','delimited.formatter.attribute.ordinal','10',{ts '2015-09-29 07:56:29.169'},null,null,{ts '2015-09-29 10:29:31.948'});
insert into METL_COMPONENT_ATTRIBUTE_SETTING (ID, COMPONENT_ID, ATTRIBUTE_ID, NAME, VALUE, CREATE_TIME, CREATE_BY, LAST_UPDATE_BY, LAST_UPDATE_TIME) values ('bbda5406-811b-4922-ae42-2917ccf3ab4e','951d8e09-2c1d-4954-a807-750439182718','5b18eb1e-603a-4f22-9bd3-e079196b3b86','delimited.formatter.attribute.format.function','',{ts '2015-09-29 07:56:29.170'},null,null,{ts '2015-09-29 10:29:31.949'});
insert into METL_COMPONENT_ATTRIBUTE_SETTING (ID, COMPONENT_ID, ATTRIBUTE_ID, NAME, VALUE, CREATE_TIME, CREATE_BY, LAST_UPDATE_BY, LAST_UPDATE_TIME) values ('1134fb02-2834-4c28-a9c1-9a30a9290b42','951d8e09-2c1d-4954-a807-750439182718','bc395e2d-af35-422c-a1b1-f5e69b524862','delimited.formatter.attribute.format.function','',{ts '2015-09-29 07:56:29.170'},null,null,{ts '2015-09-29 10:29:31.949'});
insert into METL_COMPONENT_ATTRIBUTE_SETTING (ID, COMPONENT_ID, ATTRIBUTE_ID, NAME, VALUE, CREATE_TIME, CREATE_BY, LAST_UPDATE_BY, LAST_UPDATE_TIME) values ('9f59e350-ce20-431c-a562-d1ce06014717','951d8e09-2c1d-4954-a807-750439182718','3a98c162-b325-41c2-876d-348cf62d67af','delimited.formatter.attribute.format.function','',{ts '2015-09-29 07:56:29.170'},null,null,{ts '2015-09-29 10:29:31.949'});
insert into METL_COMPONENT_ATTRIBUTE_SETTING (ID, COMPONENT_ID, ATTRIBUTE_ID, NAME, VALUE, CREATE_TIME, CREATE_BY, LAST_UPDATE_BY, LAST_UPDATE_TIME) values ('7c260173-9362-4d29-988d-88e2830f451d','951d8e09-2c1d-4954-a807-750439182718','e5756c1f-18de-41a9-a39a-b4652b7a654e','delimited.formatter.attribute.format.function','',{ts '2015-09-29 07:56:29.171'},null,null,{ts '2015-09-29 10:29:31.949'});
insert into METL_COMPONENT_ATTRIBUTE_SETTING (ID, COMPONENT_ID, ATTRIBUTE_ID, NAME, VALUE, CREATE_TIME, CREATE_BY, LAST_UPDATE_BY, LAST_UPDATE_TIME) values ('c9bcec6a-4884-41a2-9c3c-dd045198b6b1','951d8e09-2c1d-4954-a807-750439182718','3954107d-325b-4c45-90fd-8aae09d5a100','delimited.formatter.attribute.format.function','',{ts '2015-09-29 07:56:29.171'},null,null,{ts '2015-09-29 10:29:31.949'});
insert into METL_COMPONENT_ATTRIBUTE_SETTING (ID, COMPONENT_ID, ATTRIBUTE_ID, NAME, VALUE, CREATE_TIME, CREATE_BY, LAST_UPDATE_BY, LAST_UPDATE_TIME) values ('c3154e3a-8ddc-40a1-a862-d0231365f5fa','951d8e09-2c1d-4954-a807-750439182718','b32f78a0-27c4-4782-b4ae-3a8ddb45b63e','delimited.formatter.attribute.format.function','',{ts '2015-09-29 07:56:29.171'},null,null,{ts '2015-09-29 10:29:31.950'});
insert into METL_COMPONENT_ATTRIBUTE_SETTING (ID, COMPONENT_ID, ATTRIBUTE_ID, NAME, VALUE, CREATE_TIME, CREATE_BY, LAST_UPDATE_BY, LAST_UPDATE_TIME) values ('df9f6aef-e89f-422f-8a48-9ceff37517b7','951d8e09-2c1d-4954-a807-750439182718','d11339ec-3aab-4047-91b4-e7150ffce4b9','delimited.formatter.attribute.ordinal','1',{ts '2015-09-29 08:06:54.130'},null,null,{ts '2015-09-29 10:29:31.950'});
insert into METL_COMPONENT_ATTRIBUTE_SETTING (ID, COMPONENT_ID, ATTRIBUTE_ID, NAME, VALUE, CREATE_TIME, CREATE_BY, LAST_UPDATE_BY, LAST_UPDATE_TIME) values ('10fc1c71-f1f8-4f16-ba30-e5bcd3c908b6','951d8e09-2c1d-4954-a807-750439182718','5f3cecf4-15d2-4910-916b-47beae752d47','delimited.formatter.attribute.ordinal','2',{ts '2015-09-29 08:06:54.131'},null,null,{ts '2015-09-29 10:29:31.950'});
insert into METL_COMPONENT_ATTRIBUTE_SETTING (ID, COMPONENT_ID, ATTRIBUTE_ID, NAME, VALUE, CREATE_TIME, CREATE_BY, LAST_UPDATE_BY, LAST_UPDATE_TIME) values ('b8bd1cda-0313-43c6-ab73-4ae19fc03ecf','951d8e09-2c1d-4954-a807-750439182718','242365fa-e6cb-49b9-b5c5-00a4807f2d8d','delimited.formatter.attribute.ordinal','3',{ts '2015-09-29 08:06:54.131'},null,null,{ts '2015-09-29 10:29:31.950'});
insert into METL_COMPONENT_ATTRIBUTE_SETTING (ID, COMPONENT_ID, ATTRIBUTE_ID, NAME, VALUE, CREATE_TIME, CREATE_BY, LAST_UPDATE_BY, LAST_UPDATE_TIME) values ('504a4c73-837b-4880-991d-4d2e99bf820e','951d8e09-2c1d-4954-a807-750439182718','94c3d263-68fc-4ddc-a4c4-2817f84fed9c','delimited.formatter.attribute.ordinal','4',{ts '2015-09-29 08:06:54.132'},null,null,{ts '2015-09-29 10:29:31.950'});
insert into METL_COMPONENT_ATTRIBUTE_SETTING (ID, COMPONENT_ID, ATTRIBUTE_ID, NAME, VALUE, CREATE_TIME, CREATE_BY, LAST_UPDATE_BY, LAST_UPDATE_TIME) values ('4e3cccd0-a491-4caa-98ba-3eeb4d033be5','951d8e09-2c1d-4954-a807-750439182718','d11339ec-3aab-4047-91b4-e7150ffce4b9','delimited.formatter.attribute.format.function','',{ts '2015-09-29 08:06:54.132'},null,null,{ts '2015-09-29 10:29:31.951'});
insert into METL_COMPONENT_ATTRIBUTE_SETTING (ID, COMPONENT_ID, ATTRIBUTE_ID, NAME, VALUE, CREATE_TIME, CREATE_BY, LAST_UPDATE_BY, LAST_UPDATE_TIME) values ('8a9904eb-8069-4836-9995-6d510ca2a55c','951d8e09-2c1d-4954-a807-750439182718','5f3cecf4-15d2-4910-916b-47beae752d47','delimited.formatter.attribute.format.function','',{ts '2015-09-29 08:06:54.133'},null,null,{ts '2015-09-29 10:29:31.951'});
insert into METL_COMPONENT_ATTRIBUTE_SETTING (ID, COMPONENT_ID, ATTRIBUTE_ID, NAME, VALUE, CREATE_TIME, CREATE_BY, LAST_UPDATE_BY, LAST_UPDATE_TIME) values ('edc48122-96f7-4894-90ac-709794799501','951d8e09-2c1d-4954-a807-750439182718','242365fa-e6cb-49b9-b5c5-00a4807f2d8d','delimited.formatter.attribute.format.function','',{ts '2015-09-29 08:06:54.133'},null,null,{ts '2015-09-29 10:29:31.951'});
insert into METL_COMPONENT_ATTRIBUTE_SETTING (ID, COMPONENT_ID, ATTRIBUTE_ID, NAME, VALUE, CREATE_TIME, CREATE_BY, LAST_UPDATE_BY, LAST_UPDATE_TIME) values ('47cdc4e7-3b00-4f28-ad5f-15b0636bdd26','951d8e09-2c1d-4954-a807-750439182718','94c3d263-68fc-4ddc-a4c4-2817f84fed9c','delimited.formatter.attribute.format.function','',{ts '2015-09-29 08:06:54.134'},null,null,{ts '2015-09-29 10:29:31.951'});
insert into METL_COMPONENT_ATTRIBUTE_SETTING (ID, COMPONENT_ID, ATTRIBUTE_ID, NAME, VALUE, CREATE_TIME, CREATE_BY, LAST_UPDATE_BY, LAST_UPDATE_TIME) values ('712c3ad3-0ede-46e3-940f-ac87249460a5','4a8e79e6-8e1a-46ad-bfcf-78b16e400871','d11339ec-3aab-4047-91b4-e7150ffce4b9','delimited.formatter.attribute.ordinal','1',{ts '2015-09-29 11:08:52.144'},null,null,{ts '2015-09-29 11:10:56.629'});
insert into METL_COMPONENT_ATTRIBUTE_SETTING (ID, COMPONENT_ID, ATTRIBUTE_ID, NAME, VALUE, CREATE_TIME, CREATE_BY, LAST_UPDATE_BY, LAST_UPDATE_TIME) values ('3c21d91c-c352-451a-b55d-351b96e0ae37','4a8e79e6-8e1a-46ad-bfcf-78b16e400871','5f3cecf4-15d2-4910-916b-47beae752d47','delimited.formatter.attribute.ordinal','2',{ts '2015-09-29 11:08:52.145'},null,null,{ts '2015-09-29 11:10:56.629'});
insert into METL_COMPONENT_ATTRIBUTE_SETTING (ID, COMPONENT_ID, ATTRIBUTE_ID, NAME, VALUE, CREATE_TIME, CREATE_BY, LAST_UPDATE_BY, LAST_UPDATE_TIME) values ('656a1296-ce71-45b7-891e-f495b7d6db17','4a8e79e6-8e1a-46ad-bfcf-78b16e400871','242365fa-e6cb-49b9-b5c5-00a4807f2d8d','delimited.formatter.attribute.ordinal','3',{ts '2015-09-29 11:08:52.145'},null,null,{ts '2015-09-29 11:10:56.629'});
insert into METL_COMPONENT_ATTRIBUTE_SETTING (ID, COMPONENT_ID, ATTRIBUTE_ID, NAME, VALUE, CREATE_TIME, CREATE_BY, LAST_UPDATE_BY, LAST_UPDATE_TIME) values ('ddb3bec9-1c4b-49bd-87b4-f7d4f7a15c88','4a8e79e6-8e1a-46ad-bfcf-78b16e400871','94c3d263-68fc-4ddc-a4c4-2817f84fed9c','delimited.formatter.attribute.ordinal','4',{ts '2015-09-29 11:08:52.145'},null,null,{ts '2015-09-29 11:10:56.629'});
insert into METL_COMPONENT_ATTRIBUTE_SETTING (ID, COMPONENT_ID, ATTRIBUTE_ID, NAME, VALUE, CREATE_TIME, CREATE_BY, LAST_UPDATE_BY, LAST_UPDATE_TIME) values ('29da085d-20c1-4e8d-98eb-a17e78039432','4a8e79e6-8e1a-46ad-bfcf-78b16e400871','d11339ec-3aab-4047-91b4-e7150ffce4b9','delimited.formatter.attribute.format.function','',{ts '2015-09-29 11:08:52.146'},null,null,{ts '2015-09-29 11:10:56.629'});
insert into METL_COMPONENT_ATTRIBUTE_SETTING (ID, COMPONENT_ID, ATTRIBUTE_ID, NAME, VALUE, CREATE_TIME, CREATE_BY, LAST_UPDATE_BY, LAST_UPDATE_TIME) values ('b184c8a1-4c61-4279-926f-6665d3ddd4ea','4a8e79e6-8e1a-46ad-bfcf-78b16e400871','5f3cecf4-15d2-4910-916b-47beae752d47','delimited.formatter.attribute.format.function','',{ts '2015-09-29 11:08:52.146'},null,null,{ts '2015-09-29 11:10:56.630'});
insert into METL_COMPONENT_ATTRIBUTE_SETTING (ID, COMPONENT_ID, ATTRIBUTE_ID, NAME, VALUE, CREATE_TIME, CREATE_BY, LAST_UPDATE_BY, LAST_UPDATE_TIME) values ('4c0523c5-b8b0-47a0-901e-16a1e4a26fd4','4a8e79e6-8e1a-46ad-bfcf-78b16e400871','242365fa-e6cb-49b9-b5c5-00a4807f2d8d','delimited.formatter.attribute.format.function','',{ts '2015-09-29 11:08:52.147'},null,null,{ts '2015-09-29 11:10:56.630'});
insert into METL_COMPONENT_ATTRIBUTE_SETTING (ID, COMPONENT_ID, ATTRIBUTE_ID, NAME, VALUE, CREATE_TIME, CREATE_BY, LAST_UPDATE_BY, LAST_UPDATE_TIME) values ('7cc45e26-b8f7-49a0-a87c-c99762c2cd18','4a8e79e6-8e1a-46ad-bfcf-78b16e400871','94c3d263-68fc-4ddc-a4c4-2817f84fed9c','delimited.formatter.attribute.format.function','',{ts '2015-09-29 11:08:52.147'},null,null,{ts '2015-09-29 11:10:56.630'});
insert into METL_COMPONENT_ATTRIBUTE_SETTING (ID, COMPONENT_ID, ATTRIBUTE_ID, NAME, VALUE, CREATE_TIME, CREATE_BY, LAST_UPDATE_BY, LAST_UPDATE_TIME) values ('b4cf86a7-e38d-410e-9801-1d5024e7ba99','d8c1649d-5596-4736-b6c3-34fcb6a4c4a6','5f3cecf4-15d2-4910-916b-47beae752d47','mapping.processor.attribute.maps.to','bc395e2d-af35-422c-a1b1-f5e69b524862',{ts '2015-09-29 15:49:54.785'},null,null,{ts '2015-09-29 15:49:54.786'});
insert into METL_COMPONENT_ATTRIBUTE_SETTING (ID, COMPONENT_ID, ATTRIBUTE_ID, NAME, VALUE, CREATE_TIME, CREATE_BY, LAST_UPDATE_BY, LAST_UPDATE_TIME) values ('779d16fe-42e2-40a0-9cd6-71b108f6ca93','d8c1649d-5596-4736-b6c3-34fcb6a4c4a6','d11339ec-3aab-4047-91b4-e7150ffce4b9','mapping.processor.attribute.maps.to','5b18eb1e-603a-4f22-9bd3-e079196b3b86',{ts '2015-09-29 15:49:57.058'},null,null,{ts '2015-09-29 15:49:57.058'});
insert into METL_COMPONENT_ATTRIBUTE_SETTING (ID, COMPONENT_ID, ATTRIBUTE_ID, NAME, VALUE, CREATE_TIME, CREATE_BY, LAST_UPDATE_BY, LAST_UPDATE_TIME) values ('8d330875-2ac3-45d6-8bfe-96d4ca13b92a','d8c1649d-5596-4736-b6c3-34fcb6a4c4a6','242365fa-e6cb-49b9-b5c5-00a4807f2d8d','mapping.processor.attribute.maps.to','3a98c162-b325-41c2-876d-348cf62d67af',{ts '2015-09-29 15:49:58.722'},null,null,{ts '2015-09-29 15:49:58.722'});
insert into METL_COMPONENT_ATTRIBUTE_SETTING (ID, COMPONENT_ID, ATTRIBUTE_ID, NAME, VALUE, CREATE_TIME, CREATE_BY, LAST_UPDATE_BY, LAST_UPDATE_TIME) values ('a5351d58-5cca-4af8-9f9a-eb3023ffe902','c83c1697-3e8e-4d6c-8c45-7ada6876fb1f','5f3cecf4-15d2-4910-916b-47beae752d47','mapping.processor.attribute.maps.to','e5756c1f-18de-41a9-a39a-b4652b7a654e',{ts '2015-09-29 15:49:22.960'},null,null,{ts '2015-09-29 15:49:22.960'});
insert into METL_COMPONENT_ATTRIBUTE_SETTING (ID, COMPONENT_ID, ATTRIBUTE_ID, NAME, VALUE, CREATE_TIME, CREATE_BY, LAST_UPDATE_BY, LAST_UPDATE_TIME) values ('7dc70568-7290-4b89-9b62-07c6b58c0199','c83c1697-3e8e-4d6c-8c45-7ada6876fb1f','d11339ec-3aab-4047-91b4-e7150ffce4b9','mapping.processor.attribute.maps.to','b32f78a0-27c4-4782-b4ae-3a8ddb45b63e',{ts '2015-09-29 15:49:28.659'},null,null,{ts '2015-09-29 15:49:28.659'});
insert into METL_COMPONENT_ATTRIBUTE_SETTING (ID, COMPONENT_ID, ATTRIBUTE_ID, NAME, VALUE, CREATE_TIME, CREATE_BY, LAST_UPDATE_BY, LAST_UPDATE_TIME) values ('92d4254f-9be6-43a6-b414-4b0e7a96aef4','c83c1697-3e8e-4d6c-8c45-7ada6876fb1f','242365fa-e6cb-49b9-b5c5-00a4807f2d8d','mapping.processor.attribute.maps.to','3954107d-325b-4c45-90fd-8aae09d5a100',{ts '2015-09-29 15:49:30.800'},null,null,{ts '2015-09-29 15:49:30.800'});
insert into METL_COMPONENT_ATTRIBUTE_SETTING (ID, COMPONENT_ID, ATTRIBUTE_ID, NAME, VALUE, CREATE_TIME, CREATE_BY, LAST_UPDATE_BY, LAST_UPDATE_TIME) values ('ee8c9b10-30c8-4479-ac7a-a873a05e5574','c7e3e670-571e-426e-86fa-dd417c7a9276','d11339ec-3aab-4047-91b4-e7150ffce4b9','xml.formatter.xpath','/Persons/Person/Id',{ts '2015-10-04 14:57:31.994'},null,null,{ts '2015-10-04 14:57:35.374'});
insert into METL_COMPONENT_ATTRIBUTE_SETTING (ID, COMPONENT_ID, ATTRIBUTE_ID, NAME, VALUE, CREATE_TIME, CREATE_BY, LAST_UPDATE_BY, LAST_UPDATE_TIME) values ('aefb72e3-bf2a-419e-9c1d-ba517dabb29d','c7e3e670-571e-426e-86fa-dd417c7a9276','5f3cecf4-15d2-4910-916b-47beae752d47','xml.formatter.xpath','/Persons/Person/FirstName',{ts '2015-10-04 14:57:38.487'},null,null,{ts '2015-10-04 14:57:38.487'});
insert into METL_COMPONENT_ATTRIBUTE_SETTING (ID, COMPONENT_ID, ATTRIBUTE_ID, NAME, VALUE, CREATE_TIME, CREATE_BY, LAST_UPDATE_BY, LAST_UPDATE_TIME) values ('0a58be27-2855-4162-8e37-dfc578a64608','c7e3e670-571e-426e-86fa-dd417c7a9276','242365fa-e6cb-49b9-b5c5-00a4807f2d8d','xml.formatter.xpath','/Persons/Person/LastName',{ts '2015-10-04 14:57:41.998'},null,null,{ts '2015-10-04 14:57:41.998'});
insert into METL_COMPONENT_ATTRIBUTE_SETTING (ID, COMPONENT_ID, ATTRIBUTE_ID, NAME, VALUE, CREATE_TIME, CREATE_BY, LAST_UPDATE_BY, LAST_UPDATE_TIME) values ('b828727c-f68e-41c6-b091-9286644058ab','c7e3e670-571e-426e-86fa-dd417c7a9276','94c3d263-68fc-4ddc-a4c4-2817f84fed9c','xml.formatter.xpath','/Persons/Person/Gender',{ts '2015-10-04 14:57:45.758'},null,null,{ts '2015-10-04 14:57:45.758'});
insert into METL_COMPONENT_ATTRIBUTE_SETTING (ID, COMPONENT_ID, ATTRIBUTE_ID, NAME, VALUE, CREATE_TIME, CREATE_BY, LAST_UPDATE_BY, LAST_UPDATE_TIME) values ('485116e3-a90e-4d24-8067-a9ca3156ac49','6dd43495-8ad8-4b5c-aeff-a2cc083c27c3','3afbf5f6-5623-48bd-b00f-073a5161db2c','mapping.processor.attribute.maps.to','fccb5d85-a7f4-4bd0-b68e-ae809d3f240b',{ts '2015-10-05 08:25:57.843'},null,null,{ts '2015-10-05 08:35:42.557'});
insert into METL_COMPONENT_ATTRIBUTE_SETTING (ID, COMPONENT_ID, ATTRIBUTE_ID, NAME, VALUE, CREATE_TIME, CREATE_BY, LAST_UPDATE_BY, LAST_UPDATE_TIME) values ('77d9b240-8725-47d2-aaf1-151d0a798327','6dd43495-8ad8-4b5c-aeff-a2cc083c27c3','c5532f09-e105-4c7a-bb7a-ecbc8e9f0d2c','mapping.processor.attribute.maps.to','f7014e97-65e6-471f-8b69-e7401a4c74cd',{ts '2015-10-05 08:26:00.305'},null,null,{ts '2015-10-05 08:35:42.557'});
insert into METL_COMPONENT_ATTRIBUTE_SETTING (ID, COMPONENT_ID, ATTRIBUTE_ID, NAME, VALUE, CREATE_TIME, CREATE_BY, LAST_UPDATE_BY, LAST_UPDATE_TIME) values ('1d2b3260-7ada-463d-b30e-9a31a2c530f1','6dd43495-8ad8-4b5c-aeff-a2cc083c27c3','673f280b-ddc8-467f-ab65-f9b2417680dd','mapping.processor.attribute.maps.to','8492743f-7e1f-494f-b2cd-bc172006a7c4',{ts '2015-10-05 08:26:05.960'},null,null,{ts '2015-10-05 08:35:42.557'});
insert into METL_COMPONENT_ATTRIBUTE_SETTING (ID, COMPONENT_ID, ATTRIBUTE_ID, NAME, VALUE, CREATE_TIME, CREATE_BY, LAST_UPDATE_BY, LAST_UPDATE_TIME) values ('9d7c270b-1d5e-4907-8c71-29aa5eb4dcd2','6dd43495-8ad8-4b5c-aeff-a2cc083c27c3','5d2f4b2e-a03b-4c15-a04c-c29c84d9c0f0','mapping.processor.attribute.maps.to','e97d3af3-e770-4742-8587-9bdca14a766e',{ts '2015-10-05 08:30:20.873'},null,null,{ts '2015-10-05 08:35:42.558'});
insert into METL_COMPONENT_ATTRIBUTE_SETTING (ID, COMPONENT_ID, ATTRIBUTE_ID, NAME, VALUE, CREATE_TIME, CREATE_BY, LAST_UPDATE_BY, LAST_UPDATE_TIME) values ('62c1fc43-ce87-475c-b9c2-57928027f2a5','6dd43495-8ad8-4b5c-aeff-a2cc083c27c3','cbcf5bee-21f4-4eeb-afc2-d0b1b8896f36','mapping.processor.attribute.maps.to','19fb814d-0734-48e4-8777-41a2ced2d59b',{ts '2015-10-05 08:30:26.815'},null,null,{ts '2015-10-05 08:35:42.558'});
insert into METL_COMPONENT_ATTRIBUTE_SETTING (ID, COMPONENT_ID, ATTRIBUTE_ID, NAME, VALUE, CREATE_TIME, CREATE_BY, LAST_UPDATE_BY, LAST_UPDATE_TIME) values ('58a46d7b-5505-4b05-885a-26705119af07','6dd43495-8ad8-4b5c-aeff-a2cc083c27c3','a375d0f6-6e6c-4801-a853-d0bb66aa913a','mapping.processor.attribute.maps.to','b410194d-057f-4c51-9c8f-4f7acd80565e',{ts '2015-10-05 08:30:30.618'},null,null,{ts '2015-10-05 08:35:42.558'});
insert into METL_COMPONENT_ATTRIBUTE_SETTING (ID, COMPONENT_ID, ATTRIBUTE_ID, NAME, VALUE, CREATE_TIME, CREATE_BY, LAST_UPDATE_BY, LAST_UPDATE_TIME) values ('d82de21f-18d0-4af0-b1f9-86d0fcac51b1','6dd43495-8ad8-4b5c-aeff-a2cc083c27c3','1ee4b406-7f36-422d-be81-b90b7538554a','mapping.processor.attribute.maps.to','0bd96d60-e7e1-4518-a471-df9dfa484154',{ts '2015-10-05 08:30:36.347'},null,null,{ts '2015-10-05 08:35:42.558'});
insert into METL_COMPONENT_ATTRIBUTE_SETTING (ID, COMPONENT_ID, ATTRIBUTE_ID, NAME, VALUE, CREATE_TIME, CREATE_BY, LAST_UPDATE_BY, LAST_UPDATE_TIME) values ('6b41e95f-4126-48c9-b1c0-711b78ddc520','6dd43495-8ad8-4b5c-aeff-a2cc083c27c3','9c358d65-496f-410f-9c0c-0f6c8bf0ea6d','mapping.processor.attribute.maps.to','28bc9b7b-8ed6-4e3d-bb17-e62176fe017c',{ts '2015-10-05 08:30:39.711'},null,null,{ts '2015-10-05 08:35:42.558'});
insert into METL_COMPONENT_ATTRIBUTE_SETTING (ID, COMPONENT_ID, ATTRIBUTE_ID, NAME, VALUE, CREATE_TIME, CREATE_BY, LAST_UPDATE_BY, LAST_UPDATE_TIME) values ('7e8bc842-3e97-4967-b4dc-f3d57994c212','932ca7b6-949b-492f-b910-d40d40ced762','3afbf5f6-5623-48bd-b00f-073a5161db2c','mapping.processor.attribute.maps.to','fccb5d85-a7f4-4bd0-b68e-ae809d3f240b',{ts '2015-10-05 08:52:03.726'},null,null,{ts '2015-10-05 08:52:03.726'});
insert into METL_COMPONENT_ATTRIBUTE_SETTING (ID, COMPONENT_ID, ATTRIBUTE_ID, NAME, VALUE, CREATE_TIME, CREATE_BY, LAST_UPDATE_BY, LAST_UPDATE_TIME) values ('c8b84e99-0c5c-4711-8062-283d40cc46e5','932ca7b6-949b-492f-b910-d40d40ced762','673f280b-ddc8-467f-ab65-f9b2417680dd','mapping.processor.attribute.maps.to','8492743f-7e1f-494f-b2cd-bc172006a7c4',{ts '2015-10-05 08:52:06.122'},null,null,{ts '2015-10-05 08:52:06.122'});
insert into METL_COMPONENT_ATTRIBUTE_SETTING (ID, COMPONENT_ID, ATTRIBUTE_ID, NAME, VALUE, CREATE_TIME, CREATE_BY, LAST_UPDATE_BY, LAST_UPDATE_TIME) values ('5fd1a26a-b3b4-4b3c-bd87-3b53cbb10361','932ca7b6-949b-492f-b910-d40d40ced762','9e1ff189-28b6-4119-9f98-50919bcddf97','mapping.processor.attribute.maps.to','8409b9b5-f209-4049-a832-c08ae7f35443',{ts '2015-10-05 08:52:18.517'},null,null,{ts '2015-10-05 08:52:18.517'});
insert into METL_COMPONENT_ATTRIBUTE_SETTING (ID, COMPONENT_ID, ATTRIBUTE_ID, NAME, VALUE, CREATE_TIME, CREATE_BY, LAST_UPDATE_BY, LAST_UPDATE_TIME) values ('6921a253-3b31-441c-ba3b-affb8317e0e6','56680d4e-65d1-4676-8842-239df12125c7','fccb5d85-a7f4-4bd0-b68e-ae809d3f240b','join.attribute','true',{ts '2015-10-05 08:34:53.852'},null,null,{ts '2015-10-05 08:35:42.559'});
insert into METL_COMPONENT_ATTRIBUTE_SETTING (ID, COMPONENT_ID, ATTRIBUTE_ID, NAME, VALUE, CREATE_TIME, CREATE_BY, LAST_UPDATE_BY, LAST_UPDATE_TIME) values ('c84a7e8c-636b-4989-8825-c5ab7b52eff3','56680d4e-65d1-4676-8842-239df12125c7','8492743f-7e1f-494f-b2cd-bc172006a7c4','join.attribute','true',{ts '2015-10-05 08:34:54.694'},null,null,{ts '2015-10-05 08:35:42.559'});
insert into METL_COMPONENT_ATTRIBUTE_SETTING (ID, COMPONENT_ID, ATTRIBUTE_ID, NAME, VALUE, CREATE_TIME, CREATE_BY, LAST_UPDATE_BY, LAST_UPDATE_TIME) values ('b3e2ccaf-ab82-4b16-b899-f2858ca33201','bdd446f2-3edf-4017-8f3a-c7213d5e0638','3afbf5f6-5623-48bd-b00f-073a5161db2c','mapping.processor.attribute.maps.to','fccb5d85-a7f4-4bd0-b68e-ae809d3f240b',{ts '2015-10-05 08:52:27.275'},null,null,{ts '2015-10-05 08:52:27.275'});
insert into METL_COMPONENT_ATTRIBUTE_SETTING (ID, COMPONENT_ID, ATTRIBUTE_ID, NAME, VALUE, CREATE_TIME, CREATE_BY, LAST_UPDATE_BY, LAST_UPDATE_TIME) values ('e9a78b27-9fc3-4f16-8d59-272d5ccee658','bdd446f2-3edf-4017-8f3a-c7213d5e0638','673f280b-ddc8-467f-ab65-f9b2417680dd','mapping.processor.attribute.maps.to','8492743f-7e1f-494f-b2cd-bc172006a7c4',{ts '2015-10-05 08:52:29.794'},null,null,{ts '2015-10-05 08:52:29.794'});
insert into METL_COMPONENT_ATTRIBUTE_SETTING (ID, COMPONENT_ID, ATTRIBUTE_ID, NAME, VALUE, CREATE_TIME, CREATE_BY, LAST_UPDATE_BY, LAST_UPDATE_TIME) values ('6e659d26-af3b-4b6b-9875-caa221447390','bdd446f2-3edf-4017-8f3a-c7213d5e0638','9e1ff189-28b6-4119-9f98-50919bcddf97','mapping.processor.attribute.maps.to','40c56640-2371-46d8-bf14-e86a418a5d18',{ts '2015-10-05 08:52:34.859'},null,null,{ts '2015-10-05 08:52:34.859'});
insert into METL_COMPONENT_ATTRIBUTE_SETTING (ID, COMPONENT_ID, ATTRIBUTE_ID, NAME, VALUE, CREATE_TIME, CREATE_BY, LAST_UPDATE_BY, LAST_UPDATE_TIME) values ('8808459d-e189-49d1-93aa-bcbc74489d9a','05f4cf6b-a5bc-4adb-9deb-4ea2562c75a2','3afbf5f6-5623-48bd-b00f-073a5161db2c','mapping.processor.attribute.maps.to','fccb5d85-a7f4-4bd0-b68e-ae809d3f240b',{ts '2015-10-05 08:52:48.106'},null,null,{ts '2015-10-05 08:52:48.106'});
insert into METL_COMPONENT_ATTRIBUTE_SETTING (ID, COMPONENT_ID, ATTRIBUTE_ID, NAME, VALUE, CREATE_TIME, CREATE_BY, LAST_UPDATE_BY, LAST_UPDATE_TIME) values ('48cb99a9-7a2b-4134-a33b-283d693fd917','05f4cf6b-a5bc-4adb-9deb-4ea2562c75a2','673f280b-ddc8-467f-ab65-f9b2417680dd','mapping.processor.attribute.maps.to','8492743f-7e1f-494f-b2cd-bc172006a7c4',{ts '2015-10-05 08:52:50.432'},null,null,{ts '2015-10-05 08:52:50.432'});
insert into METL_COMPONENT_ATTRIBUTE_SETTING (ID, COMPONENT_ID, ATTRIBUTE_ID, NAME, VALUE, CREATE_TIME, CREATE_BY, LAST_UPDATE_BY, LAST_UPDATE_TIME) values ('ca8c936c-8fdc-4219-a963-8b294160c571','05f4cf6b-a5bc-4adb-9deb-4ea2562c75a2','9e1ff189-28b6-4119-9f98-50919bcddf97','mapping.processor.attribute.maps.to','d60bf357-6e57-4830-99c4-57a978821a22',{ts '2015-10-05 08:52:57.586'},null,null,{ts '2015-10-05 08:52:57.586'});
insert into METL_COMPONENT_ATTRIBUTE_SETTING (ID, COMPONENT_ID, ATTRIBUTE_ID, NAME, VALUE, CREATE_TIME, CREATE_BY, LAST_UPDATE_BY, LAST_UPDATE_TIME) values ('9257fe9e-f798-4f88-ba16-bc05e5dda903','eb15c81e-1b22-4537-8aae-643b0614586f','fccb5d85-a7f4-4bd0-b68e-ae809d3f240b','delimited.formatter.attribute.ordinal','1',{ts '2015-10-05 08:53:29.131'},null,null,{ts '2015-10-05 08:53:29.131'});
insert into METL_COMPONENT_ATTRIBUTE_SETTING (ID, COMPONENT_ID, ATTRIBUTE_ID, NAME, VALUE, CREATE_TIME, CREATE_BY, LAST_UPDATE_BY, LAST_UPDATE_TIME) values ('e43590eb-1bce-408a-8b74-0b8c31e80d7d','eb15c81e-1b22-4537-8aae-643b0614586f','8492743f-7e1f-494f-b2cd-bc172006a7c4','delimited.formatter.attribute.ordinal','2',{ts '2015-10-05 08:53:29.132'},null,null,{ts '2015-10-05 08:53:29.132'});
insert into METL_COMPONENT_ATTRIBUTE_SETTING (ID, COMPONENT_ID, ATTRIBUTE_ID, NAME, VALUE, CREATE_TIME, CREATE_BY, LAST_UPDATE_BY, LAST_UPDATE_TIME) values ('36e3dd52-0c46-4449-a84a-9bfd757471ab','eb15c81e-1b22-4537-8aae-643b0614586f','f7014e97-65e6-471f-8b69-e7401a4c74cd','delimited.formatter.attribute.ordinal','3',{ts '2015-10-05 08:53:29.134'},null,null,{ts '2015-10-05 08:53:29.134'});
insert into METL_COMPONENT_ATTRIBUTE_SETTING (ID, COMPONENT_ID, ATTRIBUTE_ID, NAME, VALUE, CREATE_TIME, CREATE_BY, LAST_UPDATE_BY, LAST_UPDATE_TIME) values ('c5de9427-4eb3-4ae8-9491-8c665b59cb48','eb15c81e-1b22-4537-8aae-643b0614586f','e97d3af3-e770-4742-8587-9bdca14a766e','delimited.formatter.attribute.ordinal','4',{ts '2015-10-05 08:53:29.134'},null,null,{ts '2015-10-05 08:53:29.134'});
insert into METL_COMPONENT_ATTRIBUTE_SETTING (ID, COMPONENT_ID, ATTRIBUTE_ID, NAME, VALUE, CREATE_TIME, CREATE_BY, LAST_UPDATE_BY, LAST_UPDATE_TIME) values ('18b70969-315e-4006-924b-5717486fb7e4','eb15c81e-1b22-4537-8aae-643b0614586f','19fb814d-0734-48e4-8777-41a2ced2d59b','delimited.formatter.attribute.ordinal','5',{ts '2015-10-05 08:53:29.134'},null,null,{ts '2015-10-05 08:53:29.134'});
insert into METL_COMPONENT_ATTRIBUTE_SETTING (ID, COMPONENT_ID, ATTRIBUTE_ID, NAME, VALUE, CREATE_TIME, CREATE_BY, LAST_UPDATE_BY, LAST_UPDATE_TIME) values ('793052ed-136c-479e-97cf-558625d449e9','eb15c81e-1b22-4537-8aae-643b0614586f','b410194d-057f-4c51-9c8f-4f7acd80565e','delimited.formatter.attribute.ordinal','6',{ts '2015-10-05 08:53:29.134'},null,null,{ts '2015-10-05 08:53:29.134'});
insert into METL_COMPONENT_ATTRIBUTE_SETTING (ID, COMPONENT_ID, ATTRIBUTE_ID, NAME, VALUE, CREATE_TIME, CREATE_BY, LAST_UPDATE_BY, LAST_UPDATE_TIME) values ('c9f134ee-98f0-4261-ab90-dfd63a9e5e2d','eb15c81e-1b22-4537-8aae-643b0614586f','28bc9b7b-8ed6-4e3d-bb17-e62176fe017c','delimited.formatter.attribute.ordinal','7',{ts '2015-10-05 08:53:29.135'},null,null,{ts '2015-10-05 08:53:29.135'});
insert into METL_COMPONENT_ATTRIBUTE_SETTING (ID, COMPONENT_ID, ATTRIBUTE_ID, NAME, VALUE, CREATE_TIME, CREATE_BY, LAST_UPDATE_BY, LAST_UPDATE_TIME) values ('f43c7c72-704f-4d26-9304-ffe202188fc9','eb15c81e-1b22-4537-8aae-643b0614586f','0bd96d60-e7e1-4518-a471-df9dfa484154','delimited.formatter.attribute.ordinal','8',{ts '2015-10-05 08:53:29.135'},null,null,{ts '2015-10-05 08:53:29.135'});
insert into METL_COMPONENT_ATTRIBUTE_SETTING (ID, COMPONENT_ID, ATTRIBUTE_ID, NAME, VALUE, CREATE_TIME, CREATE_BY, LAST_UPDATE_BY, LAST_UPDATE_TIME) values ('890fca7e-fd81-4433-a367-b74c06f4f013','eb15c81e-1b22-4537-8aae-643b0614586f','8409b9b5-f209-4049-a832-c08ae7f35443','delimited.formatter.attribute.ordinal','9',{ts '2015-10-05 08:53:29.135'},null,null,{ts '2015-10-05 08:53:29.135'});
insert into METL_COMPONENT_ATTRIBUTE_SETTING (ID, COMPONENT_ID, ATTRIBUTE_ID, NAME, VALUE, CREATE_TIME, CREATE_BY, LAST_UPDATE_BY, LAST_UPDATE_TIME) values ('e54b950e-0ab1-4359-b55a-cae489deccb1','eb15c81e-1b22-4537-8aae-643b0614586f','40c56640-2371-46d8-bf14-e86a418a5d18','delimited.formatter.attribute.ordinal','10',{ts '2015-10-05 08:53:29.135'},null,null,{ts '2015-10-05 08:53:29.135'});
insert into METL_COMPONENT_ATTRIBUTE_SETTING (ID, COMPONENT_ID, ATTRIBUTE_ID, NAME, VALUE, CREATE_TIME, CREATE_BY, LAST_UPDATE_BY, LAST_UPDATE_TIME) values ('fbdf169d-112c-4150-9da9-1e91e2ceeb4d','eb15c81e-1b22-4537-8aae-643b0614586f','d60bf357-6e57-4830-99c4-57a978821a22','delimited.formatter.attribute.ordinal','11',{ts '2015-10-05 08:53:29.135'},null,null,{ts '2015-10-05 08:53:29.135'});
insert into METL_COMPONENT_ATTRIBUTE_SETTING (ID, COMPONENT_ID, ATTRIBUTE_ID, NAME, VALUE, CREATE_TIME, CREATE_BY, LAST_UPDATE_BY, LAST_UPDATE_TIME) values ('88188471-c77c-45ce-bf96-45e7015dfb07','eb15c81e-1b22-4537-8aae-643b0614586f','fccb5d85-a7f4-4bd0-b68e-ae809d3f240b','delimited.formatter.attribute.format.function','',{ts '2015-10-05 08:53:29.136'},null,null,{ts '2015-10-05 08:53:29.136'});
insert into METL_COMPONENT_ATTRIBUTE_SETTING (ID, COMPONENT_ID, ATTRIBUTE_ID, NAME, VALUE, CREATE_TIME, CREATE_BY, LAST_UPDATE_BY, LAST_UPDATE_TIME) values ('51723960-10d8-4114-80db-9b0e47f66c4c','eb15c81e-1b22-4537-8aae-643b0614586f','8492743f-7e1f-494f-b2cd-bc172006a7c4','delimited.formatter.attribute.format.function','',{ts '2015-10-05 08:53:29.136'},null,null,{ts '2015-10-05 08:53:29.136'});
insert into METL_COMPONENT_ATTRIBUTE_SETTING (ID, COMPONENT_ID, ATTRIBUTE_ID, NAME, VALUE, CREATE_TIME, CREATE_BY, LAST_UPDATE_BY, LAST_UPDATE_TIME) values ('f74094cc-0dea-4d09-9f6a-e5be88185f05','eb15c81e-1b22-4537-8aae-643b0614586f','f7014e97-65e6-471f-8b69-e7401a4c74cd','delimited.formatter.attribute.format.function','',{ts '2015-10-05 08:53:29.136'},null,null,{ts '2015-10-05 08:53:29.136'});
insert into METL_COMPONENT_ATTRIBUTE_SETTING (ID, COMPONENT_ID, ATTRIBUTE_ID, NAME, VALUE, CREATE_TIME, CREATE_BY, LAST_UPDATE_BY, LAST_UPDATE_TIME) values ('2a24322a-9996-403c-a6be-7378eac3da66','eb15c81e-1b22-4537-8aae-643b0614586f','e97d3af3-e770-4742-8587-9bdca14a766e','delimited.formatter.attribute.format.function','',{ts '2015-10-05 08:53:29.136'},null,null,{ts '2015-10-05 08:53:29.136'});
insert into METL_COMPONENT_ATTRIBUTE_SETTING (ID, COMPONENT_ID, ATTRIBUTE_ID, NAME, VALUE, CREATE_TIME, CREATE_BY, LAST_UPDATE_BY, LAST_UPDATE_TIME) values ('2e551fe2-93c8-43b7-8269-3c234c56ed8d','eb15c81e-1b22-4537-8aae-643b0614586f','19fb814d-0734-48e4-8777-41a2ced2d59b','delimited.formatter.attribute.format.function','',{ts '2015-10-05 08:53:29.136'},null,null,{ts '2015-10-05 08:53:29.136'});
insert into METL_COMPONENT_ATTRIBUTE_SETTING (ID, COMPONENT_ID, ATTRIBUTE_ID, NAME, VALUE, CREATE_TIME, CREATE_BY, LAST_UPDATE_BY, LAST_UPDATE_TIME) values ('49454246-fa0e-4800-ab47-3ba472e72b34','eb15c81e-1b22-4537-8aae-643b0614586f','b410194d-057f-4c51-9c8f-4f7acd80565e','delimited.formatter.attribute.format.function','',{ts '2015-10-05 08:53:29.137'},null,null,{ts '2015-10-05 08:53:29.137'});
insert into METL_COMPONENT_ATTRIBUTE_SETTING (ID, COMPONENT_ID, ATTRIBUTE_ID, NAME, VALUE, CREATE_TIME, CREATE_BY, LAST_UPDATE_BY, LAST_UPDATE_TIME) values ('df24e592-194c-49fb-a4ac-694b196227c4','eb15c81e-1b22-4537-8aae-643b0614586f','28bc9b7b-8ed6-4e3d-bb17-e62176fe017c','delimited.formatter.attribute.format.function','',{ts '2015-10-05 08:53:29.137'},null,null,{ts '2015-10-05 08:53:29.137'});
insert into METL_COMPONENT_ATTRIBUTE_SETTING (ID, COMPONENT_ID, ATTRIBUTE_ID, NAME, VALUE, CREATE_TIME, CREATE_BY, LAST_UPDATE_BY, LAST_UPDATE_TIME) values ('2981100c-f9cf-4035-b887-d9c851b42bc2','eb15c81e-1b22-4537-8aae-643b0614586f','0bd96d60-e7e1-4518-a471-df9dfa484154','delimited.formatter.attribute.format.function','',{ts '2015-10-05 08:53:29.137'},null,null,{ts '2015-10-05 08:53:29.137'});
insert into METL_COMPONENT_ATTRIBUTE_SETTING (ID, COMPONENT_ID, ATTRIBUTE_ID, NAME, VALUE, CREATE_TIME, CREATE_BY, LAST_UPDATE_BY, LAST_UPDATE_TIME) values ('ee29d756-daea-4156-95d3-c66dfc6dc911','eb15c81e-1b22-4537-8aae-643b0614586f','8409b9b5-f209-4049-a832-c08ae7f35443','delimited.formatter.attribute.format.function','',{ts '2015-10-05 08:53:29.137'},null,null,{ts '2015-10-05 08:53:29.137'});
insert into METL_COMPONENT_ATTRIBUTE_SETTING (ID, COMPONENT_ID, ATTRIBUTE_ID, NAME, VALUE, CREATE_TIME, CREATE_BY, LAST_UPDATE_BY, LAST_UPDATE_TIME) values ('aa9019c8-9dc7-44fe-a283-d9aa24422636','eb15c81e-1b22-4537-8aae-643b0614586f','40c56640-2371-46d8-bf14-e86a418a5d18','delimited.formatter.attribute.format.function','',{ts '2015-10-05 08:53:29.137'},null,null,{ts '2015-10-05 08:53:29.137'});
insert into METL_COMPONENT_ATTRIBUTE_SETTING (ID, COMPONENT_ID, ATTRIBUTE_ID, NAME, VALUE, CREATE_TIME, CREATE_BY, LAST_UPDATE_BY, LAST_UPDATE_TIME) values ('cff304e5-db1b-45b6-93e0-c432c0f53eba','eb15c81e-1b22-4537-8aae-643b0614586f','d60bf357-6e57-4830-99c4-57a978821a22','delimited.formatter.attribute.format.function','',{ts '2015-10-05 08:53:29.137'},null,null,{ts '2015-10-05 08:53:29.137'});
insert into METL_COMPONENT_ATTRIBUTE_SETTING (ID, COMPONENT_ID, ATTRIBUTE_ID, NAME, VALUE, CREATE_TIME, CREATE_BY, LAST_UPDATE_BY, LAST_UPDATE_TIME) values ('cd6e20d0-931a-422e-9142-43e68e782034','cc458843-bd43-4f20-b9a1-fadec078387d','d11339ec-3aab-4047-91b4-e7150ffce4b9','fixed.length.formatter.attribute.ordinal','1',{ts '2015-10-04 14:56:19.448'},null,null,{ts '2015-10-05 09:20:42.460'});
insert into METL_COMPONENT_ATTRIBUTE_SETTING (ID, COMPONENT_ID, ATTRIBUTE_ID, NAME, VALUE, CREATE_TIME, CREATE_BY, LAST_UPDATE_BY, LAST_UPDATE_TIME) values ('31449c5a-8b44-4dde-9fc5-cffdb533f158','cc458843-bd43-4f20-b9a1-fadec078387d','5f3cecf4-15d2-4910-916b-47beae752d47','fixed.length.formatter.attribute.ordinal','2',{ts '2015-10-04 14:56:19.449'},null,null,{ts '2015-10-05 09:20:42.461'});
insert into METL_COMPONENT_ATTRIBUTE_SETTING (ID, COMPONENT_ID, ATTRIBUTE_ID, NAME, VALUE, CREATE_TIME, CREATE_BY, LAST_UPDATE_BY, LAST_UPDATE_TIME) values ('0e931c9d-1d10-425a-b920-b27bb8eacfdb','cc458843-bd43-4f20-b9a1-fadec078387d','242365fa-e6cb-49b9-b5c5-00a4807f2d8d','fixed.length.formatter.attribute.ordinal','3',{ts '2015-10-04 14:56:19.449'},null,null,{ts '2015-10-05 09:20:42.461'});
insert into METL_COMPONENT_ATTRIBUTE_SETTING (ID, COMPONENT_ID, ATTRIBUTE_ID, NAME, VALUE, CREATE_TIME, CREATE_BY, LAST_UPDATE_BY, LAST_UPDATE_TIME) values ('cf59b173-da23-4e32-b8ee-fe881493c765','cc458843-bd43-4f20-b9a1-fadec078387d','94c3d263-68fc-4ddc-a4c4-2817f84fed9c','fixed.length.formatter.attribute.ordinal','4',{ts '2015-10-04 14:56:19.450'},null,null,{ts '2015-10-05 09:20:42.462'});
insert into METL_COMPONENT_ATTRIBUTE_SETTING (ID, COMPONENT_ID, ATTRIBUTE_ID, NAME, VALUE, CREATE_TIME, CREATE_BY, LAST_UPDATE_BY, LAST_UPDATE_TIME) values ('ad6f7a5a-4190-4ebc-8a70-5261cb17c28b','cc458843-bd43-4f20-b9a1-fadec078387d','d11339ec-3aab-4047-91b4-e7150ffce4b9','fixed.length.formatter.attribute.format.function','',{ts '2015-10-04 14:56:19.451'},null,null,{ts '2015-10-05 09:20:42.463'});
insert into METL_COMPONENT_ATTRIBUTE_SETTING (ID, COMPONENT_ID, ATTRIBUTE_ID, NAME, VALUE, CREATE_TIME, CREATE_BY, LAST_UPDATE_BY, LAST_UPDATE_TIME) values ('e04fbf98-d484-4ee6-8751-2c61c2e0fab7','cc458843-bd43-4f20-b9a1-fadec078387d','5f3cecf4-15d2-4910-916b-47beae752d47','fixed.length.formatter.attribute.format.function','',{ts '2015-10-04 14:56:19.452'},null,null,{ts '2015-10-05 09:20:42.463'});
insert into METL_COMPONENT_ATTRIBUTE_SETTING (ID, COMPONENT_ID, ATTRIBUTE_ID, NAME, VALUE, CREATE_TIME, CREATE_BY, LAST_UPDATE_BY, LAST_UPDATE_TIME) values ('05e4f800-f4e9-45a1-a472-d33e48c7706a','cc458843-bd43-4f20-b9a1-fadec078387d','242365fa-e6cb-49b9-b5c5-00a4807f2d8d','fixed.length.formatter.attribute.format.function','',{ts '2015-10-04 14:56:19.452'},null,null,{ts '2015-10-05 09:20:42.463'});
insert into METL_COMPONENT_ATTRIBUTE_SETTING (ID, COMPONENT_ID, ATTRIBUTE_ID, NAME, VALUE, CREATE_TIME, CREATE_BY, LAST_UPDATE_BY, LAST_UPDATE_TIME) values ('50a56e45-24f2-42b8-84ed-69fb9e534d54','cc458843-bd43-4f20-b9a1-fadec078387d','94c3d263-68fc-4ddc-a4c4-2817f84fed9c','fixed.length.formatter.attribute.format.function','',{ts '2015-10-04 14:56:19.452'},null,null,{ts '2015-10-05 09:20:42.464'});
insert into METL_COMPONENT_ATTRIBUTE_SETTING (ID, COMPONENT_ID, ATTRIBUTE_ID, NAME, VALUE, CREATE_TIME, CREATE_BY, LAST_UPDATE_BY, LAST_UPDATE_TIME) values ('b1880d89-1e07-4ac4-9240-ab3f5be7d047','cc458843-bd43-4f20-b9a1-fadec078387d','d11339ec-3aab-4047-91b4-e7150ffce4b9','fixed.length.formatter.attribute.length','2',{ts '2015-10-04 14:56:19.450'},null,null,{ts '2015-10-05 09:20:42.465'});
insert into METL_COMPONENT_ATTRIBUTE_SETTING (ID, COMPONENT_ID, ATTRIBUTE_ID, NAME, VALUE, CREATE_TIME, CREATE_BY, LAST_UPDATE_BY, LAST_UPDATE_TIME) values ('a411457f-e76c-4fc4-a369-bdb32e21226c','cc458843-bd43-4f20-b9a1-fadec078387d','5f3cecf4-15d2-4910-916b-47beae752d47','fixed.length.formatter.attribute.length','50',{ts '2015-10-04 14:56:19.450'},null,null,{ts '2015-10-05 09:20:42.465'});
insert into METL_COMPONENT_ATTRIBUTE_SETTING (ID, COMPONENT_ID, ATTRIBUTE_ID, NAME, VALUE, CREATE_TIME, CREATE_BY, LAST_UPDATE_BY, LAST_UPDATE_TIME) values ('3930a9ab-0112-44f8-84d4-a27b131e38da','cc458843-bd43-4f20-b9a1-fadec078387d','242365fa-e6cb-49b9-b5c5-00a4807f2d8d','fixed.length.formatter.attribute.length','50',{ts '2015-10-04 14:56:19.450'},null,null,{ts '2015-10-05 09:20:42.466'});
insert into METL_COMPONENT_ATTRIBUTE_SETTING (ID, COMPONENT_ID, ATTRIBUTE_ID, NAME, VALUE, CREATE_TIME, CREATE_BY, LAST_UPDATE_BY, LAST_UPDATE_TIME) values ('98d8f06e-061b-4df1-83e5-31b6499dc18d','cc458843-bd43-4f20-b9a1-fadec078387d','94c3d263-68fc-4ddc-a4c4-2817f84fed9c','fixed.length.formatter.attribute.length','2',{ts '2015-10-04 14:56:19.451'},null,null,{ts '2015-10-05 09:20:42.466'});
insert into METL_COMPONENT_ATTRIBUTE_SETTING (ID, COMPONENT_ID, ATTRIBUTE_ID, NAME, VALUE, CREATE_TIME, CREATE_BY, LAST_UPDATE_BY, LAST_UPDATE_TIME) values ('1feb7d72-106e-49ef-bc47-1dafdb00a82b','e6f73c39-2ec2-4436-8527-dcc8228fc67b','a5b884e2-d97e-43f9-b7f5-cb6c784506b7','delimited.formatter.attribute.ordinal','1',{ts '2015-10-05 10:47:35.269'},null,null,{ts '2015-10-06 11:19:35.702'});
insert into METL_COMPONENT_ATTRIBUTE_SETTING (ID, COMPONENT_ID, ATTRIBUTE_ID, NAME, VALUE, CREATE_TIME, CREATE_BY, LAST_UPDATE_BY, LAST_UPDATE_TIME) values ('c63b6267-41b2-4063-ab2b-33bddb18278c','e6f73c39-2ec2-4436-8527-dcc8228fc67b','3afbf5f6-5623-48bd-b00f-073a5161db2c','delimited.formatter.attribute.ordinal','2',{ts '2015-10-05 10:47:35.271'},null,null,{ts '2015-10-06 11:19:35.702'});
insert into METL_COMPONENT_ATTRIBUTE_SETTING (ID, COMPONENT_ID, ATTRIBUTE_ID, NAME, VALUE, CREATE_TIME, CREATE_BY, LAST_UPDATE_BY, LAST_UPDATE_TIME) values ('8d73cb58-1ce9-4e3f-b2da-ee1190f1b81c','e6f73c39-2ec2-4436-8527-dcc8228fc67b','673f280b-ddc8-467f-ab65-f9b2417680dd','delimited.formatter.attribute.ordinal','3',{ts '2015-10-05 10:47:35.272'},null,null,{ts '2015-10-06 11:19:35.703'});
insert into METL_COMPONENT_ATTRIBUTE_SETTING (ID, COMPONENT_ID, ATTRIBUTE_ID, NAME, VALUE, CREATE_TIME, CREATE_BY, LAST_UPDATE_BY, LAST_UPDATE_TIME) values ('f5e3c44e-556e-41c9-aa20-a2b81426236e','e6f73c39-2ec2-4436-8527-dcc8228fc67b','c5532f09-e105-4c7a-bb7a-ecbc8e9f0d2c','delimited.formatter.attribute.ordinal','4',{ts '2015-10-05 10:47:35.272'},null,null,{ts '2015-10-06 11:19:35.703'});
insert into METL_COMPONENT_ATTRIBUTE_SETTING (ID, COMPONENT_ID, ATTRIBUTE_ID, NAME, VALUE, CREATE_TIME, CREATE_BY, LAST_UPDATE_BY, LAST_UPDATE_TIME) values ('597711a5-fcbb-4d0d-a654-62bdd432aaed','e6f73c39-2ec2-4436-8527-dcc8228fc67b','9038b75a-fbae-4e67-b00e-6c983d718f93','delimited.formatter.attribute.ordinal','5',{ts '2015-10-05 10:47:35.273'},null,null,{ts '2015-10-06 11:19:35.703'});
insert into METL_COMPONENT_ATTRIBUTE_SETTING (ID, COMPONENT_ID, ATTRIBUTE_ID, NAME, VALUE, CREATE_TIME, CREATE_BY, LAST_UPDATE_BY, LAST_UPDATE_TIME) values ('698b884d-ed80-4ec1-8649-2a650fead209','e6f73c39-2ec2-4436-8527-dcc8228fc67b','635b6c7a-584a-49af-a25b-e31b0dff2917','delimited.formatter.attribute.ordinal','6',{ts '2015-10-05 10:47:35.273'},null,null,{ts '2015-10-06 11:19:35.703'});
insert into METL_COMPONENT_ATTRIBUTE_SETTING (ID, COMPONENT_ID, ATTRIBUTE_ID, NAME, VALUE, CREATE_TIME, CREATE_BY, LAST_UPDATE_BY, LAST_UPDATE_TIME) values ('517a7c1b-e517-440f-b1d5-1b6ceb63a7a6','e6f73c39-2ec2-4436-8527-dcc8228fc67b','3565ebd1-69a1-46d8-87be-fdc4beafdc9a','delimited.formatter.attribute.ordinal','7',{ts '2015-10-05 10:47:35.273'},null,null,{ts '2015-10-06 11:19:35.703'});
insert into METL_COMPONENT_ATTRIBUTE_SETTING (ID, COMPONENT_ID, ATTRIBUTE_ID, NAME, VALUE, CREATE_TIME, CREATE_BY, LAST_UPDATE_BY, LAST_UPDATE_TIME) values ('d223e63c-6005-4612-a2d9-73c43ac9a7c2','e6f73c39-2ec2-4436-8527-dcc8228fc67b','8c825b18-54bf-47d1-b1ee-f29760da6dde','delimited.formatter.attribute.ordinal','8',{ts '2015-10-05 10:47:35.274'},null,null,{ts '2015-10-06 11:19:35.704'});
insert into METL_COMPONENT_ATTRIBUTE_SETTING (ID, COMPONENT_ID, ATTRIBUTE_ID, NAME, VALUE, CREATE_TIME, CREATE_BY, LAST_UPDATE_BY, LAST_UPDATE_TIME) values ('97da78db-96a0-4342-811e-4991b635fef5','e6f73c39-2ec2-4436-8527-dcc8228fc67b','878ab011-a39e-4a8a-a6b6-492291eba318','delimited.formatter.attribute.ordinal','9',{ts '2015-10-05 10:47:35.274'},null,null,{ts '2015-10-06 11:19:35.704'});
insert into METL_COMPONENT_ATTRIBUTE_SETTING (ID, COMPONENT_ID, ATTRIBUTE_ID, NAME, VALUE, CREATE_TIME, CREATE_BY, LAST_UPDATE_BY, LAST_UPDATE_TIME) values ('4602c71d-370c-475c-984f-08e7fc950a11','e6f73c39-2ec2-4436-8527-dcc8228fc67b','d9eb7258-0266-43b8-97dc-a317a3fb5ada','delimited.formatter.attribute.ordinal','10',{ts '2015-10-05 10:47:35.274'},null,null,{ts '2015-10-06 11:19:35.705'});
insert into METL_COMPONENT_ATTRIBUTE_SETTING (ID, COMPONENT_ID, ATTRIBUTE_ID, NAME, VALUE, CREATE_TIME, CREATE_BY, LAST_UPDATE_BY, LAST_UPDATE_TIME) values ('582e42d4-d522-4520-bf14-b66af50e20ee','e6f73c39-2ec2-4436-8527-dcc8228fc67b','9e1ff189-28b6-4119-9f98-50919bcddf97','delimited.formatter.attribute.ordinal','11',{ts '2015-10-05 10:47:35.275'},null,null,{ts '2015-10-06 11:19:35.705'});
insert into METL_COMPONENT_ATTRIBUTE_SETTING (ID, COMPONENT_ID, ATTRIBUTE_ID, NAME, VALUE, CREATE_TIME, CREATE_BY, LAST_UPDATE_BY, LAST_UPDATE_TIME) values ('8b039d32-aea4-4ab6-9db7-3358e8da8fd3','e6f73c39-2ec2-4436-8527-dcc8228fc67b','ee4b5695-c4c7-4cb1-b3ac-ff4f96e7dea0','delimited.formatter.attribute.ordinal','12',{ts '2015-10-05 10:47:35.275'},null,null,{ts '2015-10-06 11:19:35.705'});
insert into METL_COMPONENT_ATTRIBUTE_SETTING (ID, COMPONENT_ID, ATTRIBUTE_ID, NAME, VALUE, CREATE_TIME, CREATE_BY, LAST_UPDATE_BY, LAST_UPDATE_TIME) values ('b7ced740-0b10-49ff-aa4f-929bd1cb4c7c','e6f73c39-2ec2-4436-8527-dcc8228fc67b','872a0a25-b9df-47b6-a56b-6b62d1abaf48','delimited.formatter.attribute.ordinal','13',{ts '2015-10-05 10:47:35.276'},null,null,{ts '2015-10-06 11:19:35.705'});
insert into METL_COMPONENT_ATTRIBUTE_SETTING (ID, COMPONENT_ID, ATTRIBUTE_ID, NAME, VALUE, CREATE_TIME, CREATE_BY, LAST_UPDATE_BY, LAST_UPDATE_TIME) values ('f96d2f5e-b84c-4215-9e56-27412f19171d','e6f73c39-2ec2-4436-8527-dcc8228fc67b','3fc7e489-4498-4985-8848-b8b5517d2cd9','delimited.formatter.attribute.ordinal','14',{ts '2015-10-05 10:47:35.276'},null,null,{ts '2015-10-06 11:19:35.705'});
insert into METL_COMPONENT_ATTRIBUTE_SETTING (ID, COMPONENT_ID, ATTRIBUTE_ID, NAME, VALUE, CREATE_TIME, CREATE_BY, LAST_UPDATE_BY, LAST_UPDATE_TIME) values ('218f031f-9437-4a4a-8c81-384c6e6dbed7','e6f73c39-2ec2-4436-8527-dcc8228fc67b','16975d48-db0e-4200-9d35-e796926e8dd1','delimited.formatter.attribute.ordinal','15',{ts '2015-10-05 10:47:35.276'},null,null,{ts '2015-10-06 11:19:35.706'});
insert into METL_COMPONENT_ATTRIBUTE_SETTING (ID, COMPONENT_ID, ATTRIBUTE_ID, NAME, VALUE, CREATE_TIME, CREATE_BY, LAST_UPDATE_BY, LAST_UPDATE_TIME) values ('c08aca79-309d-4581-b953-4d6bc827307c','e6f73c39-2ec2-4436-8527-dcc8228fc67b','c6b15156-b011-4c79-8ac5-2b712d4fec43','delimited.formatter.attribute.ordinal','16',{ts '2015-10-05 10:47:35.276'},null,null,{ts '2015-10-06 11:19:35.706'});
insert into METL_COMPONENT_ATTRIBUTE_SETTING (ID, COMPONENT_ID, ATTRIBUTE_ID, NAME, VALUE, CREATE_TIME, CREATE_BY, LAST_UPDATE_BY, LAST_UPDATE_TIME) values ('b458c8ed-db18-4902-85e2-e26938e45d9c','e6f73c39-2ec2-4436-8527-dcc8228fc67b','a133f2f0-2bd4-4c4a-adfd-202ae8ebc7fe','delimited.formatter.attribute.ordinal','17',{ts '2015-10-05 10:47:35.277'},null,null,{ts '2015-10-06 11:19:35.706'});
insert into METL_COMPONENT_ATTRIBUTE_SETTING (ID, COMPONENT_ID, ATTRIBUTE_ID, NAME, VALUE, CREATE_TIME, CREATE_BY, LAST_UPDATE_BY, LAST_UPDATE_TIME) values ('b7734ed4-162d-409d-b408-590b6cb958ef','e6f73c39-2ec2-4436-8527-dcc8228fc67b','2f787a29-8942-4f92-84e1-51f00c7ee727','delimited.formatter.attribute.ordinal','18',{ts '2015-10-05 10:47:35.277'},null,null,{ts '2015-10-06 11:19:35.706'});
insert into METL_COMPONENT_ATTRIBUTE_SETTING (ID, COMPONENT_ID, ATTRIBUTE_ID, NAME, VALUE, CREATE_TIME, CREATE_BY, LAST_UPDATE_BY, LAST_UPDATE_TIME) values ('79c1aaa0-5e7b-417c-8886-780f2a944644','e6f73c39-2ec2-4436-8527-dcc8228fc67b','d4346793-83fb-4cbf-9b34-713bc76d955d','delimited.formatter.attribute.ordinal','19',{ts '2015-10-05 10:47:35.277'},null,null,{ts '2015-10-06 11:19:35.706'});
insert into METL_COMPONENT_ATTRIBUTE_SETTING (ID, COMPONENT_ID, ATTRIBUTE_ID, NAME, VALUE, CREATE_TIME, CREATE_BY, LAST_UPDATE_BY, LAST_UPDATE_TIME) values ('c6ddfc5f-edde-4e24-8666-18ba01c904d4','e6f73c39-2ec2-4436-8527-dcc8228fc67b','30fef0ca-20ba-4528-8a33-206cf583baab','delimited.formatter.attribute.ordinal','20',{ts '2015-10-05 10:47:35.278'},null,null,{ts '2015-10-06 11:19:35.706'});
insert into METL_COMPONENT_ATTRIBUTE_SETTING (ID, COMPONENT_ID, ATTRIBUTE_ID, NAME, VALUE, CREATE_TIME, CREATE_BY, LAST_UPDATE_BY, LAST_UPDATE_TIME) values ('db449dee-4859-4b4a-a242-6c562830ca08','e6f73c39-2ec2-4436-8527-dcc8228fc67b','4cb7dbee-baf8-4b79-a6bc-01dc18952fd5','delimited.formatter.attribute.ordinal','21',{ts '2015-10-05 10:47:35.278'},null,null,{ts '2015-10-06 11:19:35.706'});
insert into METL_COMPONENT_ATTRIBUTE_SETTING (ID, COMPONENT_ID, ATTRIBUTE_ID, NAME, VALUE, CREATE_TIME, CREATE_BY, LAST_UPDATE_BY, LAST_UPDATE_TIME) values ('300ab9e9-5c96-4471-98b4-2042e65e25ba','e6f73c39-2ec2-4436-8527-dcc8228fc67b','22c774f5-e4f4-4595-b693-18987e83d57b','delimited.formatter.attribute.ordinal','22',{ts '2015-10-05 10:47:35.278'},null,null,{ts '2015-10-06 11:19:35.707'});
insert into METL_COMPONENT_ATTRIBUTE_SETTING (ID, COMPONENT_ID, ATTRIBUTE_ID, NAME, VALUE, CREATE_TIME, CREATE_BY, LAST_UPDATE_BY, LAST_UPDATE_TIME) values ('d8474420-e218-4677-bba5-b4e37e1495e6','e6f73c39-2ec2-4436-8527-dcc8228fc67b','26186aa6-1af7-4a99-9e87-e6df04fb71dd','delimited.formatter.attribute.ordinal','23',{ts '2015-10-05 10:47:35.278'},null,null,{ts '2015-10-06 11:19:35.707'});
insert into METL_COMPONENT_ATTRIBUTE_SETTING (ID, COMPONENT_ID, ATTRIBUTE_ID, NAME, VALUE, CREATE_TIME, CREATE_BY, LAST_UPDATE_BY, LAST_UPDATE_TIME) values ('cb4a409f-e650-400a-b09c-7b6595577b9b','e6f73c39-2ec2-4436-8527-dcc8228fc67b','2012e243-647f-487c-a970-4174f6b064b8','delimited.formatter.attribute.ordinal','24',{ts '2015-10-05 10:47:35.279'},null,null,{ts '2015-10-06 11:19:35.707'});
insert into METL_COMPONENT_ATTRIBUTE_SETTING (ID, COMPONENT_ID, ATTRIBUTE_ID, NAME, VALUE, CREATE_TIME, CREATE_BY, LAST_UPDATE_BY, LAST_UPDATE_TIME) values ('0bd57ffa-8676-43b4-a91c-b0a58eaccf76','e6f73c39-2ec2-4436-8527-dcc8228fc67b','5a61c037-4b36-4152-9e4d-adb0e6d7c0ec','delimited.formatter.attribute.ordinal','25',{ts '2015-10-05 10:47:35.279'},null,null,{ts '2015-10-06 11:19:35.707'});
insert into METL_COMPONENT_ATTRIBUTE_SETTING (ID, COMPONENT_ID, ATTRIBUTE_ID, NAME, VALUE, CREATE_TIME, CREATE_BY, LAST_UPDATE_BY, LAST_UPDATE_TIME) values ('a21f4059-d229-47c2-8f20-61bd9cf55848','e6f73c39-2ec2-4436-8527-dcc8228fc67b','742ae01b-564d-42f4-85ad-2c224bc4aec4','delimited.formatter.attribute.ordinal','26',{ts '2015-10-05 10:47:35.279'},null,null,{ts '2015-10-06 11:19:35.707'});
insert into METL_COMPONENT_ATTRIBUTE_SETTING (ID, COMPONENT_ID, ATTRIBUTE_ID, NAME, VALUE, CREATE_TIME, CREATE_BY, LAST_UPDATE_BY, LAST_UPDATE_TIME) values ('d61dfc76-bdf8-4f0a-912d-cea537626fa2','e6f73c39-2ec2-4436-8527-dcc8228fc67b','3d7ce26b-9cd5-4b6e-96c2-96e32000f60e','delimited.formatter.attribute.ordinal','27',{ts '2015-10-05 10:47:35.279'},null,null,{ts '2015-10-06 11:19:35.707'});
insert into METL_COMPONENT_ATTRIBUTE_SETTING (ID, COMPONENT_ID, ATTRIBUTE_ID, NAME, VALUE, CREATE_TIME, CREATE_BY, LAST_UPDATE_BY, LAST_UPDATE_TIME) values ('68b3e353-9865-4371-a831-cf071fcc56cc','e6f73c39-2ec2-4436-8527-dcc8228fc67b','5d2f4b2e-a03b-4c15-a04c-c29c84d9c0f0','delimited.formatter.attribute.ordinal','28',{ts '2015-10-05 10:47:35.280'},null,null,{ts '2015-10-06 11:19:35.707'});
insert into METL_COMPONENT_ATTRIBUTE_SETTING (ID, COMPONENT_ID, ATTRIBUTE_ID, NAME, VALUE, CREATE_TIME, CREATE_BY, LAST_UPDATE_BY, LAST_UPDATE_TIME) values ('be8215c9-647e-4d8b-b1c6-add26ae44d91','e6f73c39-2ec2-4436-8527-dcc8228fc67b','cbcf5bee-21f4-4eeb-afc2-d0b1b8896f36','delimited.formatter.attribute.ordinal','29',{ts '2015-10-05 10:47:35.280'},null,null,{ts '2015-10-06 11:19:35.708'});
insert into METL_COMPONENT_ATTRIBUTE_SETTING (ID, COMPONENT_ID, ATTRIBUTE_ID, NAME, VALUE, CREATE_TIME, CREATE_BY, LAST_UPDATE_BY, LAST_UPDATE_TIME) values ('aa92e28a-831e-4d18-bc7e-e0df13435979','e6f73c39-2ec2-4436-8527-dcc8228fc67b','a375d0f6-6e6c-4801-a853-d0bb66aa913a','delimited.formatter.attribute.ordinal','30',{ts '2015-10-05 10:47:35.280'},null,null,{ts '2015-10-06 11:19:35.708'});
insert into METL_COMPONENT_ATTRIBUTE_SETTING (ID, COMPONENT_ID, ATTRIBUTE_ID, NAME, VALUE, CREATE_TIME, CREATE_BY, LAST_UPDATE_BY, LAST_UPDATE_TIME) values ('7053488f-f143-463a-a039-58eac00fc53c','e6f73c39-2ec2-4436-8527-dcc8228fc67b','9c358d65-496f-410f-9c0c-0f6c8bf0ea6d','delimited.formatter.attribute.ordinal','31',{ts '2015-10-05 10:47:35.280'},null,null,{ts '2015-10-06 11:19:35.708'});
insert into METL_COMPONENT_ATTRIBUTE_SETTING (ID, COMPONENT_ID, ATTRIBUTE_ID, NAME, VALUE, CREATE_TIME, CREATE_BY, LAST_UPDATE_BY, LAST_UPDATE_TIME) values ('85770a8b-896c-49e8-bf22-0722614a8a88','e6f73c39-2ec2-4436-8527-dcc8228fc67b','1ee4b406-7f36-422d-be81-b90b7538554a','delimited.formatter.attribute.ordinal','32',{ts '2015-10-05 10:47:35.281'},null,null,{ts '2015-10-06 11:19:35.708'});
insert into METL_COMPONENT_ATTRIBUTE_SETTING (ID, COMPONENT_ID, ATTRIBUTE_ID, NAME, VALUE, CREATE_TIME, CREATE_BY, LAST_UPDATE_BY, LAST_UPDATE_TIME) values ('9bbb4e15-3d92-493a-82b5-f6ef8b64c246','e6f73c39-2ec2-4436-8527-dcc8228fc67b','a5b884e2-d97e-43f9-b7f5-cb6c784506b7','delimited.formatter.attribute.format.function','',{ts '2015-10-05 10:47:35.281'},null,null,{ts '2015-10-06 11:19:35.708'});
insert into METL_COMPONENT_ATTRIBUTE_SETTING (ID, COMPONENT_ID, ATTRIBUTE_ID, NAME, VALUE, CREATE_TIME, CREATE_BY, LAST_UPDATE_BY, LAST_UPDATE_TIME) values ('378ec04d-9b52-4431-907f-14c68c7e4a1e','e6f73c39-2ec2-4436-8527-dcc8228fc67b','3afbf5f6-5623-48bd-b00f-073a5161db2c','delimited.formatter.attribute.format.function','',{ts '2015-10-05 10:47:35.281'},null,null,{ts '2015-10-06 11:19:35.708'});
insert into METL_COMPONENT_ATTRIBUTE_SETTING (ID, COMPONENT_ID, ATTRIBUTE_ID, NAME, VALUE, CREATE_TIME, CREATE_BY, LAST_UPDATE_BY, LAST_UPDATE_TIME) values ('45e3ce10-941a-4196-9cb0-bb7fa41d014f','e6f73c39-2ec2-4436-8527-dcc8228fc67b','673f280b-ddc8-467f-ab65-f9b2417680dd','delimited.formatter.attribute.format.function','',{ts '2015-10-05 10:47:35.282'},null,null,{ts '2015-10-06 11:19:35.709'});
insert into METL_COMPONENT_ATTRIBUTE_SETTING (ID, COMPONENT_ID, ATTRIBUTE_ID, NAME, VALUE, CREATE_TIME, CREATE_BY, LAST_UPDATE_BY, LAST_UPDATE_TIME) values ('2693825f-4b72-4102-87f0-7ad2d71dd469','e6f73c39-2ec2-4436-8527-dcc8228fc67b','c5532f09-e105-4c7a-bb7a-ecbc8e9f0d2c','delimited.formatter.attribute.format.function','',{ts '2015-10-05 10:47:35.282'},null,null,{ts '2015-10-06 11:19:35.709'});
insert into METL_COMPONENT_ATTRIBUTE_SETTING (ID, COMPONENT_ID, ATTRIBUTE_ID, NAME, VALUE, CREATE_TIME, CREATE_BY, LAST_UPDATE_BY, LAST_UPDATE_TIME) values ('202b0308-7f1b-4e07-a1d1-65a12412a790','e6f73c39-2ec2-4436-8527-dcc8228fc67b','9038b75a-fbae-4e67-b00e-6c983d718f93','delimited.formatter.attribute.format.function','',{ts '2015-10-05 10:47:35.282'},null,null,{ts '2015-10-06 11:19:35.709'});
insert into METL_COMPONENT_ATTRIBUTE_SETTING (ID, COMPONENT_ID, ATTRIBUTE_ID, NAME, VALUE, CREATE_TIME, CREATE_BY, LAST_UPDATE_BY, LAST_UPDATE_TIME) values ('3cb3962d-5395-4a21-a637-2e4b15f60886','e6f73c39-2ec2-4436-8527-dcc8228fc67b','635b6c7a-584a-49af-a25b-e31b0dff2917','delimited.formatter.attribute.format.function','',{ts '2015-10-05 10:47:35.282'},null,null,{ts '2015-10-06 11:19:35.709'});
insert into METL_COMPONENT_ATTRIBUTE_SETTING (ID, COMPONENT_ID, ATTRIBUTE_ID, NAME, VALUE, CREATE_TIME, CREATE_BY, LAST_UPDATE_BY, LAST_UPDATE_TIME) values ('af59b75a-39d7-4e67-acf9-874e27405e81','e6f73c39-2ec2-4436-8527-dcc8228fc67b','3565ebd1-69a1-46d8-87be-fdc4beafdc9a','delimited.formatter.attribute.format.function','',{ts '2015-10-05 10:47:35.282'},null,null,{ts '2015-10-06 11:19:35.709'});
insert into METL_COMPONENT_ATTRIBUTE_SETTING (ID, COMPONENT_ID, ATTRIBUTE_ID, NAME, VALUE, CREATE_TIME, CREATE_BY, LAST_UPDATE_BY, LAST_UPDATE_TIME) values ('ff02b118-01f0-493d-bdfa-5f77894b5c29','e6f73c39-2ec2-4436-8527-dcc8228fc67b','8c825b18-54bf-47d1-b1ee-f29760da6dde','delimited.formatter.attribute.format.function','',{ts '2015-10-05 10:47:35.283'},null,null,{ts '2015-10-06 11:19:35.709'});
insert into METL_COMPONENT_ATTRIBUTE_SETTING (ID, COMPONENT_ID, ATTRIBUTE_ID, NAME, VALUE, CREATE_TIME, CREATE_BY, LAST_UPDATE_BY, LAST_UPDATE_TIME) values ('02593d1b-ab93-4843-8989-5a12b788c08d','e6f73c39-2ec2-4436-8527-dcc8228fc67b','878ab011-a39e-4a8a-a6b6-492291eba318','delimited.formatter.attribute.format.function','',{ts '2015-10-05 10:47:35.283'},null,null,{ts '2015-10-06 11:19:35.709'});
insert into METL_COMPONENT_ATTRIBUTE_SETTING (ID, COMPONENT_ID, ATTRIBUTE_ID, NAME, VALUE, CREATE_TIME, CREATE_BY, LAST_UPDATE_BY, LAST_UPDATE_TIME) values ('1b69ffd3-d9cf-4c60-98e6-be924e779714','e6f73c39-2ec2-4436-8527-dcc8228fc67b','d9eb7258-0266-43b8-97dc-a317a3fb5ada','delimited.formatter.attribute.format.function','',{ts '2015-10-05 10:47:35.283'},null,null,{ts '2015-10-06 11:19:35.709'});
insert into METL_COMPONENT_ATTRIBUTE_SETTING (ID, COMPONENT_ID, ATTRIBUTE_ID, NAME, VALUE, CREATE_TIME, CREATE_BY, LAST_UPDATE_BY, LAST_UPDATE_TIME) values ('507c81e6-a10a-4e32-8c95-588c16979409','e6f73c39-2ec2-4436-8527-dcc8228fc67b','9e1ff189-28b6-4119-9f98-50919bcddf97','delimited.formatter.attribute.format.function','',{ts '2015-10-05 10:47:35.284'},null,null,{ts '2015-10-06 11:19:35.709'});
insert into METL_COMPONENT_ATTRIBUTE_SETTING (ID, COMPONENT_ID, ATTRIBUTE_ID, NAME, VALUE, CREATE_TIME, CREATE_BY, LAST_UPDATE_BY, LAST_UPDATE_TIME) values ('7d2abbc0-cb27-4091-be10-6d93a2e2ee79','e6f73c39-2ec2-4436-8527-dcc8228fc67b','ee4b5695-c4c7-4cb1-b3ac-ff4f96e7dea0','delimited.formatter.attribute.format.function','',{ts '2015-10-05 10:47:35.284'},null,null,{ts '2015-10-06 11:19:35.710'});
insert into METL_COMPONENT_ATTRIBUTE_SETTING (ID, COMPONENT_ID, ATTRIBUTE_ID, NAME, VALUE, CREATE_TIME, CREATE_BY, LAST_UPDATE_BY, LAST_UPDATE_TIME) values ('aecb7d97-2f57-4411-9153-75126e45aa73','e6f73c39-2ec2-4436-8527-dcc8228fc67b','872a0a25-b9df-47b6-a56b-6b62d1abaf48','delimited.formatter.attribute.format.function','',{ts '2015-10-05 10:47:35.284'},null,null,{ts '2015-10-06 11:19:35.710'});
insert into METL_COMPONENT_ATTRIBUTE_SETTING (ID, COMPONENT_ID, ATTRIBUTE_ID, NAME, VALUE, CREATE_TIME, CREATE_BY, LAST_UPDATE_BY, LAST_UPDATE_TIME) values ('5d28f053-55af-4f3d-bb74-d39332007a8d','e6f73c39-2ec2-4436-8527-dcc8228fc67b','3fc7e489-4498-4985-8848-b8b5517d2cd9','delimited.formatter.attribute.format.function','',{ts '2015-10-05 10:47:35.285'},null,null,{ts '2015-10-06 11:19:35.710'});
insert into METL_COMPONENT_ATTRIBUTE_SETTING (ID, COMPONENT_ID, ATTRIBUTE_ID, NAME, VALUE, CREATE_TIME, CREATE_BY, LAST_UPDATE_BY, LAST_UPDATE_TIME) values ('70fe4b00-0570-41a8-9aac-489ee7e241b8','e6f73c39-2ec2-4436-8527-dcc8228fc67b','16975d48-db0e-4200-9d35-e796926e8dd1','delimited.formatter.attribute.format.function','',{ts '2015-10-05 10:47:35.285'},null,null,{ts '2015-10-06 11:19:35.710'});
insert into METL_COMPONENT_ATTRIBUTE_SETTING (ID, COMPONENT_ID, ATTRIBUTE_ID, NAME, VALUE, CREATE_TIME, CREATE_BY, LAST_UPDATE_BY, LAST_UPDATE_TIME) values ('78bb57e3-85dc-4552-8214-e6981d4579a0','e6f73c39-2ec2-4436-8527-dcc8228fc67b','c6b15156-b011-4c79-8ac5-2b712d4fec43','delimited.formatter.attribute.format.function','',{ts '2015-10-05 10:47:35.285'},null,null,{ts '2015-10-06 11:19:35.710'});
insert into METL_COMPONENT_ATTRIBUTE_SETTING (ID, COMPONENT_ID, ATTRIBUTE_ID, NAME, VALUE, CREATE_TIME, CREATE_BY, LAST_UPDATE_BY, LAST_UPDATE_TIME) values ('9ef75554-80bc-4442-9b7d-b966215dc168','e6f73c39-2ec2-4436-8527-dcc8228fc67b','a133f2f0-2bd4-4c4a-adfd-202ae8ebc7fe','delimited.formatter.attribute.format.function','',{ts '2015-10-05 10:47:35.285'},null,null,{ts '2015-10-06 11:19:35.710'});
insert into METL_COMPONENT_ATTRIBUTE_SETTING (ID, COMPONENT_ID, ATTRIBUTE_ID, NAME, VALUE, CREATE_TIME, CREATE_BY, LAST_UPDATE_BY, LAST_UPDATE_TIME) values ('64cf66e0-57c8-48c3-b4a3-f2972810506c','e6f73c39-2ec2-4436-8527-dcc8228fc67b','2f787a29-8942-4f92-84e1-51f00c7ee727','delimited.formatter.attribute.format.function','',{ts '2015-10-05 10:47:35.285'},null,null,{ts '2015-10-06 11:19:35.710'});
insert into METL_COMPONENT_ATTRIBUTE_SETTING (ID, COMPONENT_ID, ATTRIBUTE_ID, NAME, VALUE, CREATE_TIME, CREATE_BY, LAST_UPDATE_BY, LAST_UPDATE_TIME) values ('10fa8272-e7bb-4e58-b12c-20573de8274e','e6f73c39-2ec2-4436-8527-dcc8228fc67b','d4346793-83fb-4cbf-9b34-713bc76d955d','delimited.formatter.attribute.format.function','',{ts '2015-10-05 10:47:35.286'},null,null,{ts '2015-10-06 11:19:35.711'});
insert into METL_COMPONENT_ATTRIBUTE_SETTING (ID, COMPONENT_ID, ATTRIBUTE_ID, NAME, VALUE, CREATE_TIME, CREATE_BY, LAST_UPDATE_BY, LAST_UPDATE_TIME) values ('086e0d54-eaa3-44ba-8497-e34fa971839f','e6f73c39-2ec2-4436-8527-dcc8228fc67b','30fef0ca-20ba-4528-8a33-206cf583baab','delimited.formatter.attribute.format.function','',{ts '2015-10-05 10:47:35.286'},null,null,{ts '2015-10-06 11:19:35.711'});
insert into METL_COMPONENT_ATTRIBUTE_SETTING (ID, COMPONENT_ID, ATTRIBUTE_ID, NAME, VALUE, CREATE_TIME, CREATE_BY, LAST_UPDATE_BY, LAST_UPDATE_TIME) values ('b86392cb-da42-4e08-90f0-81e4fd021683','e6f73c39-2ec2-4436-8527-dcc8228fc67b','4cb7dbee-baf8-4b79-a6bc-01dc18952fd5','delimited.formatter.attribute.format.function','',{ts '2015-10-05 10:47:35.286'},null,null,{ts '2015-10-06 11:19:35.711'});
insert into METL_COMPONENT_ATTRIBUTE_SETTING (ID, COMPONENT_ID, ATTRIBUTE_ID, NAME, VALUE, CREATE_TIME, CREATE_BY, LAST_UPDATE_BY, LAST_UPDATE_TIME) values ('1c27efaa-f8ca-433b-ac81-bda887f1cad6','e6f73c39-2ec2-4436-8527-dcc8228fc67b','22c774f5-e4f4-4595-b693-18987e83d57b','delimited.formatter.attribute.format.function','',{ts '2015-10-05 10:47:35.287'},null,null,{ts '2015-10-06 11:19:35.711'});
insert into METL_COMPONENT_ATTRIBUTE_SETTING (ID, COMPONENT_ID, ATTRIBUTE_ID, NAME, VALUE, CREATE_TIME, CREATE_BY, LAST_UPDATE_BY, LAST_UPDATE_TIME) values ('863aa94b-d052-415f-bfa9-b22406c3e1d9','e6f73c39-2ec2-4436-8527-dcc8228fc67b','26186aa6-1af7-4a99-9e87-e6df04fb71dd','delimited.formatter.attribute.format.function','',{ts '2015-10-05 10:47:35.287'},null,null,{ts '2015-10-06 11:19:35.711'});
insert into METL_COMPONENT_ATTRIBUTE_SETTING (ID, COMPONENT_ID, ATTRIBUTE_ID, NAME, VALUE, CREATE_TIME, CREATE_BY, LAST_UPDATE_BY, LAST_UPDATE_TIME) values ('53d23dae-c7a1-4748-a8f1-852400179980','e6f73c39-2ec2-4436-8527-dcc8228fc67b','2012e243-647f-487c-a970-4174f6b064b8','delimited.formatter.attribute.format.function','',{ts '2015-10-05 10:47:35.287'},null,null,{ts '2015-10-06 11:19:35.711'});
insert into METL_COMPONENT_ATTRIBUTE_SETTING (ID, COMPONENT_ID, ATTRIBUTE_ID, NAME, VALUE, CREATE_TIME, CREATE_BY, LAST_UPDATE_BY, LAST_UPDATE_TIME) values ('8571b170-2d45-46fc-8ec5-625f5bfb93e4','e6f73c39-2ec2-4436-8527-dcc8228fc67b','5a61c037-4b36-4152-9e4d-adb0e6d7c0ec','delimited.formatter.attribute.format.function','',{ts '2015-10-05 10:47:35.287'},null,null,{ts '2015-10-06 11:19:35.711'});
insert into METL_COMPONENT_ATTRIBUTE_SETTING (ID, COMPONENT_ID, ATTRIBUTE_ID, NAME, VALUE, CREATE_TIME, CREATE_BY, LAST_UPDATE_BY, LAST_UPDATE_TIME) values ('f0c65078-31ac-4b70-9010-7e9d76ae58c8','e6f73c39-2ec2-4436-8527-dcc8228fc67b','742ae01b-564d-42f4-85ad-2c224bc4aec4','delimited.formatter.attribute.format.function','',{ts '2015-10-05 10:47:35.288'},null,null,{ts '2015-10-06 11:19:35.712'});
insert into METL_COMPONENT_ATTRIBUTE_SETTING (ID, COMPONENT_ID, ATTRIBUTE_ID, NAME, VALUE, CREATE_TIME, CREATE_BY, LAST_UPDATE_BY, LAST_UPDATE_TIME) values ('dce1d65f-cdc4-493d-a5b6-b16b3491b3be','e6f73c39-2ec2-4436-8527-dcc8228fc67b','3d7ce26b-9cd5-4b6e-96c2-96e32000f60e','delimited.formatter.attribute.format.function','',{ts '2015-10-05 10:47:35.288'},null,null,{ts '2015-10-06 11:19:35.712'});
insert into METL_COMPONENT_ATTRIBUTE_SETTING (ID, COMPONENT_ID, ATTRIBUTE_ID, NAME, VALUE, CREATE_TIME, CREATE_BY, LAST_UPDATE_BY, LAST_UPDATE_TIME) values ('a30f5cf0-370a-4f07-a1c7-6634090afa3f','e6f73c39-2ec2-4436-8527-dcc8228fc67b','5d2f4b2e-a03b-4c15-a04c-c29c84d9c0f0','delimited.formatter.attribute.format.function','',{ts '2015-10-05 10:47:35.288'},null,null,{ts '2015-10-06 11:19:35.712'});
insert into METL_COMPONENT_ATTRIBUTE_SETTING (ID, COMPONENT_ID, ATTRIBUTE_ID, NAME, VALUE, CREATE_TIME, CREATE_BY, LAST_UPDATE_BY, LAST_UPDATE_TIME) values ('13fb123e-9ff0-4a4e-8ca9-6b5df07a42b3','e6f73c39-2ec2-4436-8527-dcc8228fc67b','cbcf5bee-21f4-4eeb-afc2-d0b1b8896f36','delimited.formatter.attribute.format.function','',{ts '2015-10-05 10:47:35.288'},null,null,{ts '2015-10-06 11:19:35.712'});
insert into METL_COMPONENT_ATTRIBUTE_SETTING (ID, COMPONENT_ID, ATTRIBUTE_ID, NAME, VALUE, CREATE_TIME, CREATE_BY, LAST_UPDATE_BY, LAST_UPDATE_TIME) values ('991574de-3f3e-453a-a409-ccafc3f90ced','e6f73c39-2ec2-4436-8527-dcc8228fc67b','a375d0f6-6e6c-4801-a853-d0bb66aa913a','delimited.formatter.attribute.format.function','',{ts '2015-10-05 10:47:35.289'},null,null,{ts '2015-10-06 11:19:35.712'});
insert into METL_COMPONENT_ATTRIBUTE_SETTING (ID, COMPONENT_ID, ATTRIBUTE_ID, NAME, VALUE, CREATE_TIME, CREATE_BY, LAST_UPDATE_BY, LAST_UPDATE_TIME) values ('4e01790c-6953-4713-b592-853dde54980d','e6f73c39-2ec2-4436-8527-dcc8228fc67b','9c358d65-496f-410f-9c0c-0f6c8bf0ea6d','delimited.formatter.attribute.format.function','',{ts '2015-10-05 10:47:35.289'},null,null,{ts '2015-10-06 11:19:35.712'});
insert into METL_COMPONENT_ATTRIBUTE_SETTING (ID, COMPONENT_ID, ATTRIBUTE_ID, NAME, VALUE, CREATE_TIME, CREATE_BY, LAST_UPDATE_BY, LAST_UPDATE_TIME) values ('e4df5c73-7491-46a1-8082-e03a3b6f6e0b','e6f73c39-2ec2-4436-8527-dcc8228fc67b','1ee4b406-7f36-422d-be81-b90b7538554a','delimited.formatter.attribute.format.function','',{ts '2015-10-05 10:47:35.289'},null,null,{ts '2015-10-06 11:19:35.712'});
insert into METL_COMPONENT_ATTRIBUTE_SETTING (ID, COMPONENT_ID, ATTRIBUTE_ID, NAME, VALUE, CREATE_TIME, CREATE_BY, LAST_UPDATE_BY, LAST_UPDATE_TIME) values ('a45d203c-3a47-4232-ad3c-9e31f61ef303','e6f73c39-2ec2-4436-8527-dcc8228fc67b','d11339ec-3aab-4047-91b4-e7150ffce4b9','delimited.formatter.attribute.ordinal','1',{ts '2015-10-05 10:47:55.622'},null,null,{ts '2015-10-06 11:19:35.713'});
insert into METL_COMPONENT_ATTRIBUTE_SETTING (ID, COMPONENT_ID, ATTRIBUTE_ID, NAME, VALUE, CREATE_TIME, CREATE_BY, LAST_UPDATE_BY, LAST_UPDATE_TIME) values ('554fa471-c495-4afc-9c7d-8ff825040de2','e6f73c39-2ec2-4436-8527-dcc8228fc67b','5f3cecf4-15d2-4910-916b-47beae752d47','delimited.formatter.attribute.ordinal','2',{ts '2015-10-05 10:47:55.623'},null,null,{ts '2015-10-06 11:19:35.713'});
insert into METL_COMPONENT_ATTRIBUTE_SETTING (ID, COMPONENT_ID, ATTRIBUTE_ID, NAME, VALUE, CREATE_TIME, CREATE_BY, LAST_UPDATE_BY, LAST_UPDATE_TIME) values ('847bc72d-c50f-4351-a4db-e44d69db8a41','e6f73c39-2ec2-4436-8527-dcc8228fc67b','242365fa-e6cb-49b9-b5c5-00a4807f2d8d','delimited.formatter.attribute.ordinal','3',{ts '2015-10-05 10:47:55.623'},null,null,{ts '2015-10-06 11:19:35.713'});
insert into METL_COMPONENT_ATTRIBUTE_SETTING (ID, COMPONENT_ID, ATTRIBUTE_ID, NAME, VALUE, CREATE_TIME, CREATE_BY, LAST_UPDATE_BY, LAST_UPDATE_TIME) values ('e47109fb-6ef3-4da9-81f1-7a46a0a06b48','e6f73c39-2ec2-4436-8527-dcc8228fc67b','94c3d263-68fc-4ddc-a4c4-2817f84fed9c','delimited.formatter.attribute.ordinal','4',{ts '2015-10-05 10:47:55.623'},null,null,{ts '2015-10-06 11:19:35.713'});
insert into METL_COMPONENT_ATTRIBUTE_SETTING (ID, COMPONENT_ID, ATTRIBUTE_ID, NAME, VALUE, CREATE_TIME, CREATE_BY, LAST_UPDATE_BY, LAST_UPDATE_TIME) values ('4ece6eb6-83b5-460c-986d-531567c69763','e6f73c39-2ec2-4436-8527-dcc8228fc67b','d11339ec-3aab-4047-91b4-e7150ffce4b9','delimited.formatter.attribute.format.function','',{ts '2015-10-05 10:47:55.623'},null,null,{ts '2015-10-06 11:19:35.713'});
insert into METL_COMPONENT_ATTRIBUTE_SETTING (ID, COMPONENT_ID, ATTRIBUTE_ID, NAME, VALUE, CREATE_TIME, CREATE_BY, LAST_UPDATE_BY, LAST_UPDATE_TIME) values ('4fe2941a-400c-4851-b6c4-e5f21f962518','e6f73c39-2ec2-4436-8527-dcc8228fc67b','5f3cecf4-15d2-4910-916b-47beae752d47','delimited.formatter.attribute.format.function','',{ts '2015-10-05 10:47:55.624'},null,null,{ts '2015-10-06 11:19:35.713'});
insert into METL_COMPONENT_ATTRIBUTE_SETTING (ID, COMPONENT_ID, ATTRIBUTE_ID, NAME, VALUE, CREATE_TIME, CREATE_BY, LAST_UPDATE_BY, LAST_UPDATE_TIME) values ('b986ed22-2053-4c81-a264-e43bf1f72b2c','e6f73c39-2ec2-4436-8527-dcc8228fc67b','242365fa-e6cb-49b9-b5c5-00a4807f2d8d','delimited.formatter.attribute.format.function','',{ts '2015-10-05 10:47:55.624'},null,null,{ts '2015-10-06 11:19:35.714'});
insert into METL_COMPONENT_ATTRIBUTE_SETTING (ID, COMPONENT_ID, ATTRIBUTE_ID, NAME, VALUE, CREATE_TIME, CREATE_BY, LAST_UPDATE_BY, LAST_UPDATE_TIME) values ('9a33896a-f039-4556-a03b-2845f8df8ead','e6f73c39-2ec2-4436-8527-dcc8228fc67b','94c3d263-68fc-4ddc-a4c4-2817f84fed9c','delimited.formatter.attribute.format.function','',{ts '2015-10-05 10:47:55.625'},null,null,{ts '2015-10-06 11:19:35.714'});
insert into METL_COMPONENT_ATTRIBUTE_SETTING (ID, COMPONENT_ID, ATTRIBUTE_ID, NAME, VALUE, CREATE_TIME, CREATE_BY, LAST_UPDATE_BY, LAST_UPDATE_TIME) values ('cba95f01-985e-42ef-aa7f-2c07779587cf','c12aec97-37d7-4f91-857b-75c11b407426','5f3cecf4-15d2-4910-916b-47beae752d47','mapping.processor.attribute.maps.to','3afbf5f6-5623-48bd-b00f-073a5161db2c',{ts '2015-10-05 10:49:11.469'},null,null,{ts '2015-10-06 11:19:35.715'});
insert into METL_COMPONENT_ATTRIBUTE_SETTING (ID, COMPONENT_ID, ATTRIBUTE_ID, NAME, VALUE, CREATE_TIME, CREATE_BY, LAST_UPDATE_BY, LAST_UPDATE_TIME) values ('d0a23254-1e2e-436c-984f-ff31f612fc04','c12aec97-37d7-4f91-857b-75c11b407426','94c3d263-68fc-4ddc-a4c4-2817f84fed9c','mapping.processor.attribute.maps.to','c5532f09-e105-4c7a-bb7a-ecbc8e9f0d2c',{ts '2015-10-05 10:49:13.582'},null,null,{ts '2015-10-06 11:19:35.715'});
insert into METL_COMPONENT_ATTRIBUTE_SETTING (ID, COMPONENT_ID, ATTRIBUTE_ID, NAME, VALUE, CREATE_TIME, CREATE_BY, LAST_UPDATE_BY, LAST_UPDATE_TIME) values ('360d1bf0-b8ca-4e23-85cf-2c8f59b3e19a','c12aec97-37d7-4f91-857b-75c11b407426','d11339ec-3aab-4047-91b4-e7150ffce4b9','mapping.processor.attribute.maps.to','a5b884e2-d97e-43f9-b7f5-cb6c784506b7',{ts '2015-10-05 10:49:16.163'},null,null,{ts '2015-10-06 11:19:35.715'});
insert into METL_COMPONENT_ATTRIBUTE_SETTING (ID, COMPONENT_ID, ATTRIBUTE_ID, NAME, VALUE, CREATE_TIME, CREATE_BY, LAST_UPDATE_BY, LAST_UPDATE_TIME) values ('1b03474f-30af-4e4c-8846-11c03d969df2','c12aec97-37d7-4f91-857b-75c11b407426','242365fa-e6cb-49b9-b5c5-00a4807f2d8d','mapping.processor.attribute.maps.to','673f280b-ddc8-467f-ab65-f9b2417680dd',{ts '2015-10-05 10:49:18.615'},null,null,{ts '2015-10-06 11:19:35.715'});
insert into METL_COMPONENT_ATTRIBUTE_SETTING (ID, COMPONENT_ID, ATTRIBUTE_ID, NAME, VALUE, CREATE_TIME, CREATE_BY, LAST_UPDATE_BY, LAST_UPDATE_TIME) values ('a0859a69-8521-4297-8d8f-7a8011994852','dde9586d-8c64-41bb-9bb6-9d22b69209fb','fccb5d85-a7f4-4bd0-b68e-ae809d3f240b','fixed.length.formatter.attribute.ordinal','1',{ts '2015-10-05 09:04:11.723'},null,null,{ts '2015-10-06 12:17:37.690'});
insert into METL_COMPONENT_ATTRIBUTE_SETTING (ID, COMPONENT_ID, ATTRIBUTE_ID, NAME, VALUE, CREATE_TIME, CREATE_BY, LAST_UPDATE_BY, LAST_UPDATE_TIME) values ('609e1e9b-14c1-4cdd-bea2-3339cf0c7ed9','dde9586d-8c64-41bb-9bb6-9d22b69209fb','8492743f-7e1f-494f-b2cd-bc172006a7c4','fixed.length.formatter.attribute.ordinal','2',{ts '2015-10-05 09:04:11.723'},null,null,{ts '2015-10-06 12:17:37.692'});
insert into METL_COMPONENT_ATTRIBUTE_SETTING (ID, COMPONENT_ID, ATTRIBUTE_ID, NAME, VALUE, CREATE_TIME, CREATE_BY, LAST_UPDATE_BY, LAST_UPDATE_TIME) values ('85f49bed-e054-4a57-bbe9-a6e4c66ec2ae','dde9586d-8c64-41bb-9bb6-9d22b69209fb','f7014e97-65e6-471f-8b69-e7401a4c74cd','fixed.length.formatter.attribute.ordinal','3',{ts '2015-10-05 09:04:11.723'},null,null,{ts '2015-10-06 12:17:37.693'});
insert into METL_COMPONENT_ATTRIBUTE_SETTING (ID, COMPONENT_ID, ATTRIBUTE_ID, NAME, VALUE, CREATE_TIME, CREATE_BY, LAST_UPDATE_BY, LAST_UPDATE_TIME) values ('f3c12703-00fb-4855-993c-b030f279b44f','dde9586d-8c64-41bb-9bb6-9d22b69209fb','e97d3af3-e770-4742-8587-9bdca14a766e','fixed.length.formatter.attribute.ordinal','4',{ts '2015-10-05 09:04:11.723'},null,null,{ts '2015-10-06 12:17:37.693'});
insert into METL_COMPONENT_ATTRIBUTE_SETTING (ID, COMPONENT_ID, ATTRIBUTE_ID, NAME, VALUE, CREATE_TIME, CREATE_BY, LAST_UPDATE_BY, LAST_UPDATE_TIME) values ('ac45b685-ef4e-4634-81d6-1497041aac84','dde9586d-8c64-41bb-9bb6-9d22b69209fb','19fb814d-0734-48e4-8777-41a2ced2d59b','fixed.length.formatter.attribute.ordinal','5',{ts '2015-10-05 09:04:11.724'},null,null,{ts '2015-10-06 12:17:37.694'});
insert into METL_COMPONENT_ATTRIBUTE_SETTING (ID, COMPONENT_ID, ATTRIBUTE_ID, NAME, VALUE, CREATE_TIME, CREATE_BY, LAST_UPDATE_BY, LAST_UPDATE_TIME) values ('bf2add14-7ffa-4757-a104-d487f116aaf4','dde9586d-8c64-41bb-9bb6-9d22b69209fb','b410194d-057f-4c51-9c8f-4f7acd80565e','fixed.length.formatter.attribute.ordinal','6',{ts '2015-10-05 09:04:11.724'},null,null,{ts '2015-10-06 12:17:37.694'});
insert into METL_COMPONENT_ATTRIBUTE_SETTING (ID, COMPONENT_ID, ATTRIBUTE_ID, NAME, VALUE, CREATE_TIME, CREATE_BY, LAST_UPDATE_BY, LAST_UPDATE_TIME) values ('f35beda6-d590-4b08-8faf-917a1405788f','dde9586d-8c64-41bb-9bb6-9d22b69209fb','28bc9b7b-8ed6-4e3d-bb17-e62176fe017c','fixed.length.formatter.attribute.ordinal','7',{ts '2015-10-05 09:04:11.724'},null,null,{ts '2015-10-06 12:17:37.695'});
insert into METL_COMPONENT_ATTRIBUTE_SETTING (ID, COMPONENT_ID, ATTRIBUTE_ID, NAME, VALUE, CREATE_TIME, CREATE_BY, LAST_UPDATE_BY, LAST_UPDATE_TIME) values ('3597676b-5f0b-4965-9138-b3cfe1830808','dde9586d-8c64-41bb-9bb6-9d22b69209fb','0bd96d60-e7e1-4518-a471-df9dfa484154','fixed.length.formatter.attribute.ordinal','8',{ts '2015-10-05 09:04:11.724'},null,null,{ts '2015-10-06 12:17:37.695'});
insert into METL_COMPONENT_ATTRIBUTE_SETTING (ID, COMPONENT_ID, ATTRIBUTE_ID, NAME, VALUE, CREATE_TIME, CREATE_BY, LAST_UPDATE_BY, LAST_UPDATE_TIME) values ('95b825f8-8768-4f5b-960d-2c73de7a3b87','dde9586d-8c64-41bb-9bb6-9d22b69209fb','8409b9b5-f209-4049-a832-c08ae7f35443','fixed.length.formatter.attribute.ordinal','9',{ts '2015-10-05 09:04:11.724'},null,null,{ts '2015-10-06 12:17:37.696'});
insert into METL_COMPONENT_ATTRIBUTE_SETTING (ID, COMPONENT_ID, ATTRIBUTE_ID, NAME, VALUE, CREATE_TIME, CREATE_BY, LAST_UPDATE_BY, LAST_UPDATE_TIME) values ('40d38516-2c68-40e4-8d91-107c7b2da853','dde9586d-8c64-41bb-9bb6-9d22b69209fb','40c56640-2371-46d8-bf14-e86a418a5d18','fixed.length.formatter.attribute.ordinal','10',{ts '2015-10-05 09:04:11.724'},null,null,{ts '2015-10-06 12:17:37.696'});
insert into METL_COMPONENT_ATTRIBUTE_SETTING (ID, COMPONENT_ID, ATTRIBUTE_ID, NAME, VALUE, CREATE_TIME, CREATE_BY, LAST_UPDATE_BY, LAST_UPDATE_TIME) values ('bed9cf85-b415-417e-98e3-098d2bce978a','dde9586d-8c64-41bb-9bb6-9d22b69209fb','d60bf357-6e57-4830-99c4-57a978821a22','fixed.length.formatter.attribute.ordinal','11',{ts '2015-10-05 09:04:11.724'},null,null,{ts '2015-10-06 12:17:37.696'});
insert into METL_COMPONENT_ATTRIBUTE_SETTING (ID, COMPONENT_ID, ATTRIBUTE_ID, NAME, VALUE, CREATE_TIME, CREATE_BY, LAST_UPDATE_BY, LAST_UPDATE_TIME) values ('ef0841f2-d1f1-43bb-82a4-9564813f51c6','dde9586d-8c64-41bb-9bb6-9d22b69209fb','f7014e97-65e6-471f-8b69-e7401a4c74cd','fixed.length.formatter.attribute.length','1',{ts '2015-10-05 09:04:11.725'},null,null,{ts '2015-10-06 12:17:37.697'});
insert into METL_COMPONENT_ATTRIBUTE_SETTING (ID, COMPONENT_ID, ATTRIBUTE_ID, NAME, VALUE, CREATE_TIME, CREATE_BY, LAST_UPDATE_BY, LAST_UPDATE_TIME) values ('a9a68261-d19d-4438-beed-e363b5d6d619','dde9586d-8c64-41bb-9bb6-9d22b69209fb','fccb5d85-a7f4-4bd0-b68e-ae809d3f240b','fixed.length.formatter.attribute.format.function','',{ts '2015-10-05 09:04:11.726'},null,null,{ts '2015-10-06 12:17:37.697'});
insert into METL_COMPONENT_ATTRIBUTE_SETTING (ID, COMPONENT_ID, ATTRIBUTE_ID, NAME, VALUE, CREATE_TIME, CREATE_BY, LAST_UPDATE_BY, LAST_UPDATE_TIME) values ('6838b893-0219-458c-913e-62b47c370ff8','dde9586d-8c64-41bb-9bb6-9d22b69209fb','8492743f-7e1f-494f-b2cd-bc172006a7c4','fixed.length.formatter.attribute.format.function','',{ts '2015-10-05 09:04:11.726'},null,null,{ts '2015-10-06 12:17:37.697'});
insert into METL_COMPONENT_ATTRIBUTE_SETTING (ID, COMPONENT_ID, ATTRIBUTE_ID, NAME, VALUE, CREATE_TIME, CREATE_BY, LAST_UPDATE_BY, LAST_UPDATE_TIME) values ('1cc0cdec-8347-48f3-9d5f-d388b4d83462','dde9586d-8c64-41bb-9bb6-9d22b69209fb','f7014e97-65e6-471f-8b69-e7401a4c74cd','fixed.length.formatter.attribute.format.function','',{ts '2015-10-05 09:04:11.726'},null,null,{ts '2015-10-06 12:17:37.697'});
insert into METL_COMPONENT_ATTRIBUTE_SETTING (ID, COMPONENT_ID, ATTRIBUTE_ID, NAME, VALUE, CREATE_TIME, CREATE_BY, LAST_UPDATE_BY, LAST_UPDATE_TIME) values ('5e8bf123-9ed7-41c3-977b-aa13585be8a1','dde9586d-8c64-41bb-9bb6-9d22b69209fb','e97d3af3-e770-4742-8587-9bdca14a766e','fixed.length.formatter.attribute.format.function','',{ts '2015-10-05 09:04:11.727'},null,null,{ts '2015-10-06 12:17:37.698'});
insert into METL_COMPONENT_ATTRIBUTE_SETTING (ID, COMPONENT_ID, ATTRIBUTE_ID, NAME, VALUE, CREATE_TIME, CREATE_BY, LAST_UPDATE_BY, LAST_UPDATE_TIME) values ('2be17cdc-91bf-46c9-b202-4a3953a94fe4','dde9586d-8c64-41bb-9bb6-9d22b69209fb','19fb814d-0734-48e4-8777-41a2ced2d59b','fixed.length.formatter.attribute.format.function','',{ts '2015-10-05 09:04:11.727'},null,null,{ts '2015-10-06 12:17:37.698'});
insert into METL_COMPONENT_ATTRIBUTE_SETTING (ID, COMPONENT_ID, ATTRIBUTE_ID, NAME, VALUE, CREATE_TIME, CREATE_BY, LAST_UPDATE_BY, LAST_UPDATE_TIME) values ('c066c9e2-0507-4e52-b993-2cbd96573d4f','dde9586d-8c64-41bb-9bb6-9d22b69209fb','b410194d-057f-4c51-9c8f-4f7acd80565e','fixed.length.formatter.attribute.format.function','',{ts '2015-10-05 09:04:11.727'},null,null,{ts '2015-10-06 12:17:37.699'});
insert into METL_COMPONENT_ATTRIBUTE_SETTING (ID, COMPONENT_ID, ATTRIBUTE_ID, NAME, VALUE, CREATE_TIME, CREATE_BY, LAST_UPDATE_BY, LAST_UPDATE_TIME) values ('e62074f3-4308-48a3-a366-65a7b0b804aa','dde9586d-8c64-41bb-9bb6-9d22b69209fb','28bc9b7b-8ed6-4e3d-bb17-e62176fe017c','fixed.length.formatter.attribute.format.function','',{ts '2015-10-05 09:04:11.727'},null,null,{ts '2015-10-06 12:17:37.699'});
insert into METL_COMPONENT_ATTRIBUTE_SETTING (ID, COMPONENT_ID, ATTRIBUTE_ID, NAME, VALUE, CREATE_TIME, CREATE_BY, LAST_UPDATE_BY, LAST_UPDATE_TIME) values ('e5e83c44-ea9f-492c-b3fa-62ee067f09f3','dde9586d-8c64-41bb-9bb6-9d22b69209fb','0bd96d60-e7e1-4518-a471-df9dfa484154','fixed.length.formatter.attribute.format.function','',{ts '2015-10-05 09:04:11.727'},null,null,{ts '2015-10-06 12:17:37.699'});
insert into METL_COMPONENT_ATTRIBUTE_SETTING (ID, COMPONENT_ID, ATTRIBUTE_ID, NAME, VALUE, CREATE_TIME, CREATE_BY, LAST_UPDATE_BY, LAST_UPDATE_TIME) values ('52433474-0ac9-4802-8d90-6b583a5a950d','dde9586d-8c64-41bb-9bb6-9d22b69209fb','40c56640-2371-46d8-bf14-e86a418a5d18','fixed.length.formatter.attribute.format.function','',{ts '2015-10-05 09:04:11.728'},null,null,{ts '2015-10-06 12:17:37.699'});
insert into METL_COMPONENT_ATTRIBUTE_SETTING (ID, COMPONENT_ID, ATTRIBUTE_ID, NAME, VALUE, CREATE_TIME, CREATE_BY, LAST_UPDATE_BY, LAST_UPDATE_TIME) values ('0042b936-3ca0-438c-a4ce-e63244d8bfe7','dde9586d-8c64-41bb-9bb6-9d22b69209fb','d60bf357-6e57-4830-99c4-57a978821a22','fixed.length.formatter.attribute.format.function','',{ts '2015-10-05 09:04:11.728'},null,null,{ts '2015-10-06 12:17:37.700'});
insert into METL_COMPONENT_ATTRIBUTE_SETTING (ID, COMPONENT_ID, ATTRIBUTE_ID, NAME, VALUE, CREATE_TIME, CREATE_BY, LAST_UPDATE_BY, LAST_UPDATE_TIME) values ('8789c15a-928b-4533-99c8-b1f0f30a9b9c','dde9586d-8c64-41bb-9bb6-9d22b69209fb','fccb5d85-a7f4-4bd0-b68e-ae809d3f240b','fixed.length.formatter.attribute.length','50',{ts '2015-10-05 09:04:11.725'},null,null,{ts '2015-10-06 12:17:37.700'});
insert into METL_COMPONENT_ATTRIBUTE_SETTING (ID, COMPONENT_ID, ATTRIBUTE_ID, NAME, VALUE, CREATE_TIME, CREATE_BY, LAST_UPDATE_BY, LAST_UPDATE_TIME) values ('346eca01-de95-45bd-a355-8447a5babf30','dde9586d-8c64-41bb-9bb6-9d22b69209fb','8492743f-7e1f-494f-b2cd-bc172006a7c4','fixed.length.formatter.attribute.length','50',{ts '2015-10-05 09:04:11.725'},null,null,{ts '2015-10-06 12:17:37.700'});
insert into METL_COMPONENT_ATTRIBUTE_SETTING (ID, COMPONENT_ID, ATTRIBUTE_ID, NAME, VALUE, CREATE_TIME, CREATE_BY, LAST_UPDATE_BY, LAST_UPDATE_TIME) values ('31f1d8da-62e1-431d-b030-bb8abdf56b91','dde9586d-8c64-41bb-9bb6-9d22b69209fb','e97d3af3-e770-4742-8587-9bdca14a766e','fixed.length.formatter.attribute.length','50',{ts '2015-10-05 09:04:11.725'},null,null,{ts '2015-10-06 12:17:37.701'});
insert into METL_COMPONENT_ATTRIBUTE_SETTING (ID, COMPONENT_ID, ATTRIBUTE_ID, NAME, VALUE, CREATE_TIME, CREATE_BY, LAST_UPDATE_BY, LAST_UPDATE_TIME) values ('56ec8abf-1e6d-48b6-9b71-8ee9d8014410','dde9586d-8c64-41bb-9bb6-9d22b69209fb','19fb814d-0734-48e4-8777-41a2ced2d59b','fixed.length.formatter.attribute.length','50',{ts '2015-10-05 09:04:11.725'},null,null,{ts '2015-10-06 12:17:37.701'});
insert into METL_COMPONENT_ATTRIBUTE_SETTING (ID, COMPONENT_ID, ATTRIBUTE_ID, NAME, VALUE, CREATE_TIME, CREATE_BY, LAST_UPDATE_BY, LAST_UPDATE_TIME) values ('dab99883-8349-4898-b4a1-7c5a23f5cc0a','dde9586d-8c64-41bb-9bb6-9d22b69209fb','b410194d-057f-4c51-9c8f-4f7acd80565e','fixed.length.formatter.attribute.length','50',{ts '2015-10-05 09:04:11.725'},null,null,{ts '2015-10-06 12:17:37.701'});
insert into METL_COMPONENT_ATTRIBUTE_SETTING (ID, COMPONENT_ID, ATTRIBUTE_ID, NAME, VALUE, CREATE_TIME, CREATE_BY, LAST_UPDATE_BY, LAST_UPDATE_TIME) values ('7265edcd-c143-4130-a07d-c94ffb7763c0','dde9586d-8c64-41bb-9bb6-9d22b69209fb','28bc9b7b-8ed6-4e3d-bb17-e62176fe017c','fixed.length.formatter.attribute.length','2',{ts '2015-10-05 09:04:11.725'},null,null,{ts '2015-10-06 12:17:37.701'});
insert into METL_COMPONENT_ATTRIBUTE_SETTING (ID, COMPONENT_ID, ATTRIBUTE_ID, NAME, VALUE, CREATE_TIME, CREATE_BY, LAST_UPDATE_BY, LAST_UPDATE_TIME) values ('818538a9-f1d1-4487-a2dc-9a3c72fbe4f7','dde9586d-8c64-41bb-9bb6-9d22b69209fb','0bd96d60-e7e1-4518-a471-df9dfa484154','fixed.length.formatter.attribute.length','10',{ts '2015-10-05 09:04:11.726'},null,null,{ts '2015-10-06 12:17:37.702'});
insert into METL_COMPONENT_ATTRIBUTE_SETTING (ID, COMPONENT_ID, ATTRIBUTE_ID, NAME, VALUE, CREATE_TIME, CREATE_BY, LAST_UPDATE_BY, LAST_UPDATE_TIME) values ('3f65c430-70a7-49fd-81ed-0dd5a17ab126','dde9586d-8c64-41bb-9bb6-9d22b69209fb','8409b9b5-f209-4049-a832-c08ae7f35443','fixed.length.formatter.attribute.length','10',{ts '2015-10-05 09:04:11.726'},null,null,{ts '2015-10-06 12:17:37.702'});
insert into METL_COMPONENT_ATTRIBUTE_SETTING (ID, COMPONENT_ID, ATTRIBUTE_ID, NAME, VALUE, CREATE_TIME, CREATE_BY, LAST_UPDATE_BY, LAST_UPDATE_TIME) values ('07020492-40f5-4600-b017-2bf4284c1f4c','dde9586d-8c64-41bb-9bb6-9d22b69209fb','8409b9b5-f209-4049-a832-c08ae7f35443','fixed.length.formatter.attribute.format.function',null,{ts '2015-10-05 09:04:11.728'},null,null,{ts '2015-10-06 12:17:37.702'});
insert into METL_COMPONENT_ATTRIBUTE_SETTING (ID, COMPONENT_ID, ATTRIBUTE_ID, NAME, VALUE, CREATE_TIME, CREATE_BY, LAST_UPDATE_BY, LAST_UPDATE_TIME) values ('224d7e22-5b13-437e-99fc-83a225468d48','dde9586d-8c64-41bb-9bb6-9d22b69209fb','40c56640-2371-46d8-bf14-e86a418a5d18','fixed.length.formatter.attribute.length','10',{ts '2015-10-05 09:04:11.726'},null,null,{ts '2015-10-06 12:17:37.702'});
insert into METL_COMPONENT_ATTRIBUTE_SETTING (ID, COMPONENT_ID, ATTRIBUTE_ID, NAME, VALUE, CREATE_TIME, CREATE_BY, LAST_UPDATE_BY, LAST_UPDATE_TIME) values ('2f4d5b53-4975-41f1-b4d9-5d5a2a30e80c','dde9586d-8c64-41bb-9bb6-9d22b69209fb','d60bf357-6e57-4830-99c4-57a978821a22','fixed.length.formatter.attribute.length','10',{ts '2015-10-05 09:04:11.726'},null,null,{ts '2015-10-06 12:17:37.703'});
insert into METL_FLOW (ID, ROW_ID, PROJECT_VERSION_ID, DELETED, NAME, FOLDER_ID, CREATE_TIME, CREATE_BY, LAST_UPDATE_BY, LAST_UPDATE_TIME) values ('2bfd1a28-5825-4fd8-b6c1-af05900dc09e','a1ea815b-3c11-44e5-8ab7-eedaa090e1fd','f55241fd-9564-4f6a-bd0d-95a50a729000',0,'Partition By Gender',null,{ts '2015-09-28 14:34:48.262'},null,null,{ts '2015-09-29 08:02:30.271'});
insert into METL_FLOW (ID, ROW_ID, PROJECT_VERSION_ID, DELETED, NAME, FOLDER_ID, CREATE_TIME, CREATE_BY, LAST_UPDATE_BY, LAST_UPDATE_TIME) values ('1ddf97fc-5546-455e-836f-f1f5bd02922f','9276c0d0-c083-4ae0-8795-f553a2789fa1','f55241fd-9564-4f6a-bd0d-95a50a729000',0,'Sort Super Heros',null,{ts '2015-09-29 07:28:42.113'},null,null,{ts '2015-09-29 10:07:29.915'});
insert into METL_FLOW (ID, ROW_ID, PROJECT_VERSION_ID, DELETED, NAME, FOLDER_ID, CREATE_TIME, CREATE_BY, LAST_UPDATE_BY, LAST_UPDATE_TIME) values ('7d489ca3-f9cf-428e-ae62-e8e401b41d27','469b0f29-1d48-46e2-bfcd-364064ae2522','f55241fd-9564-4f6a-bd0d-95a50a729000',0,'Dedupe Super Heros',null,{ts '2015-09-29 11:05:08.667'},null,null,{ts '2015-09-29 11:09:03.251'});
insert into METL_FLOW (ID, ROW_ID, PROJECT_VERSION_ID, DELETED, NAME, FOLDER_ID, CREATE_TIME, CREATE_BY, LAST_UPDATE_BY, LAST_UPDATE_TIME) values ('fdd32a7f-aad7-4976-b49a-3c9bd77aec68','5e683be7-e4af-4b17-9d08-aee18bcda57a','f55241fd-9564-4f6a-bd0d-95a50a729000',0,'Relational Database to Flat File',null,{ts '2015-10-04 14:38:22.490'},null,null,{ts '2015-10-04 14:55:33.408'});
insert into METL_FLOW (ID, ROW_ID, PROJECT_VERSION_ID, DELETED, NAME, FOLDER_ID, CREATE_TIME, CREATE_BY, LAST_UPDATE_BY, LAST_UPDATE_TIME) values ('aaffac0c-4448-496c-8e53-5b3862d4aa58','9015f4c8-9182-4726-8b0a-3f93664fcfd5','f55241fd-9564-4f6a-bd0d-95a50a729000',0,'Normalized Table to Denormalized File',null,{ts '2015-10-05 08:18:55.502'},null,null,{ts '2015-10-05 08:35:42.556'});
insert into METL_FLOW (ID, ROW_ID, PROJECT_VERSION_ID, DELETED, NAME, FOLDER_ID, CREATE_TIME, CREATE_BY, LAST_UPDATE_BY, LAST_UPDATE_TIME) values ('0ad66607-84a4-4f73-a663-fbcdf464e068','b4445e94-edab-448c-9076-1f3bf867ae6b','f55241fd-9564-4f6a-bd0d-95a50a729000',0,'Normalized Table to Denormalized File v2',null,{ts '2015-10-05 08:54:24.483'},null,null,{ts '2015-10-05 09:20:06.190'});
insert into METL_FLOW (ID, ROW_ID, PROJECT_VERSION_ID, DELETED, NAME, FOLDER_ID, CREATE_TIME, CREATE_BY, LAST_UPDATE_BY, LAST_UPDATE_TIME) values ('55cd705b-662e-495f-b288-1738d949814f','f8150d87-8c2b-4d29-b6c5-a4db15236287','f55241fd-9564-4f6a-bd0d-95a50a729000',0,'Flat File to Relational Database',null,{ts '2015-10-05 10:39:05.146'},null,null,{ts '2015-10-06 11:19:35.701'});
insert into METL_FLOW_STEP (ID, FLOW_ID, COMPONENT_ID, X, Y, APPROXIMATE_ORDER, CREATE_TIME, CREATE_BY, LAST_UPDATE_BY, LAST_UPDATE_TIME) values ('99477076-0755-411c-bc8f-806d44834b5c','2bfd1a28-5825-4fd8-b6c1-af05900dc09e','cccf96a3-e8d4-4d04-b2fc-5d1cf33541be',590,40,4,{ts '2015-09-28 15:22:57.379'},null,null,{ts '2015-09-28 15:26:22.831'});
insert into METL_FLOW_STEP (ID, FLOW_ID, COMPONENT_ID, X, Y, APPROXIMATE_ORDER, CREATE_TIME, CREATE_BY, LAST_UPDATE_BY, LAST_UPDATE_TIME) values ('46273451-c21a-4d1a-ad1c-35f9955a1cf6','2bfd1a28-5825-4fd8-b6c1-af05900dc09e','64fbe5bd-fd5f-4906-936b-98501f5565d4',160,110,1,{ts '2015-09-28 14:44:14.745'},null,null,{ts '2015-09-28 15:26:22.831'});
insert into METL_FLOW_STEP (ID, FLOW_ID, COMPONENT_ID, X, Y, APPROXIMATE_ORDER, CREATE_TIME, CREATE_BY, LAST_UPDATE_BY, LAST_UPDATE_TIME) values ('e84e4bb2-47d4-4163-be97-192126700108','2bfd1a28-5825-4fd8-b6c1-af05900dc09e','a8e301cc-f2e8-48a6-b386-2ca4a6a315d4',30,110,0,{ts '2015-09-28 14:40:54.702'},null,null,{ts '2015-09-28 15:26:22.832'});
insert into METL_FLOW_STEP (ID, FLOW_ID, COMPONENT_ID, X, Y, APPROXIMATE_ORDER, CREATE_TIME, CREATE_BY, LAST_UPDATE_BY, LAST_UPDATE_TIME) values ('ce84e1e6-99c2-494e-9143-3344493279d1','2bfd1a28-5825-4fd8-b6c1-af05900dc09e','1fb72f5f-2cd2-44b1-aba2-6badf5a6dc6a',290,110,2,{ts '2015-09-28 15:17:27.844'},null,null,{ts '2015-09-28 15:26:22.833'});
insert into METL_FLOW_STEP (ID, FLOW_ID, COMPONENT_ID, X, Y, APPROXIMATE_ORDER, CREATE_TIME, CREATE_BY, LAST_UPDATE_BY, LAST_UPDATE_TIME) values ('d2af748e-55ff-4bfd-9546-ece03c8704e4','2bfd1a28-5825-4fd8-b6c1-af05900dc09e','6e7247c9-7017-4762-96ed-692f685eac68',750,110,8,{ts '2015-09-28 15:25:43.591'},null,null,{ts '2015-09-28 15:26:22.833'});
insert into METL_FLOW_STEP (ID, FLOW_ID, COMPONENT_ID, X, Y, APPROXIMATE_ORDER, CREATE_TIME, CREATE_BY, LAST_UPDATE_BY, LAST_UPDATE_TIME) values ('072e20b8-bef8-494f-8178-9db2471f0584','2bfd1a28-5825-4fd8-b6c1-af05900dc09e','48d92f15-542e-437c-8041-43db46c8923d',890,110,9,{ts '2015-09-28 15:26:12.643'},null,null,{ts '2015-09-28 15:26:22.834'});
insert into METL_FLOW_STEP (ID, FLOW_ID, COMPONENT_ID, X, Y, APPROXIMATE_ORDER, CREATE_TIME, CREATE_BY, LAST_UPDATE_BY, LAST_UPDATE_TIME) values ('cc7bd445-2222-42fa-b6c0-eb9a0ceb4926','2bfd1a28-5825-4fd8-b6c1-af05900dc09e','d8c1649d-5596-4736-b6c3-34fcb6a4c4a6',450,180,6,{ts '2015-09-28 15:21:06.093'},null,null,{ts '2015-09-28 15:26:22.835'});
insert into METL_FLOW_STEP (ID, FLOW_ID, COMPONENT_ID, X, Y, APPROXIMATE_ORDER, CREATE_TIME, CREATE_BY, LAST_UPDATE_BY, LAST_UPDATE_TIME) values ('3f7ce494-8607-42ee-b01a-d96c7f320fe3','2bfd1a28-5825-4fd8-b6c1-af05900dc09e','8b1fa925-eb1b-4ba5-8b85-82aab6e9b7a5',590,180,7,{ts '2015-09-28 15:23:35.409'},null,null,{ts '2015-09-28 15:26:22.835'});
insert into METL_FLOW_STEP (ID, FLOW_ID, COMPONENT_ID, X, Y, APPROXIMATE_ORDER, CREATE_TIME, CREATE_BY, LAST_UPDATE_BY, LAST_UPDATE_TIME) values ('b48d64ff-7718-4bd0-bc7f-bcf3d0af7bec','2bfd1a28-5825-4fd8-b6c1-af05900dc09e','c83c1697-3e8e-4d6c-8c45-7ada6876fb1f',450,40,3,{ts '2015-09-28 15:21:03.111'},null,null,{ts '2015-09-29 15:49:03.417'});
insert into METL_FLOW_STEP (ID, FLOW_ID, COMPONENT_ID, X, Y, APPROXIMATE_ORDER, CREATE_TIME, CREATE_BY, LAST_UPDATE_BY, LAST_UPDATE_TIME) values ('5b2bdd82-2393-43ae-8fb2-fc037a44ae19','1ddf97fc-5546-455e-836f-f1f5bd02922f','b642d9ee-ab20-492b-9fef-e0656edd9f27',160,160,6,{ts '2015-09-29 07:55:28.286'},null,null,{ts '2015-09-29 10:29:29.509'});
insert into METL_FLOW_STEP (ID, FLOW_ID, COMPONENT_ID, X, Y, APPROXIMATE_ORDER, CREATE_TIME, CREATE_BY, LAST_UPDATE_BY, LAST_UPDATE_TIME) values ('ef0d316c-628c-4cb5-a787-7f1536e73afb','1ddf97fc-5546-455e-836f-f1f5bd02922f','cadcab7c-357f-43d4-b13c-8834364220ad',300,160,7,{ts '2015-09-29 07:57:12.665'},null,null,{ts '2015-09-29 10:29:30.746'});
insert into METL_FLOW_STEP (ID, FLOW_ID, COMPONENT_ID, X, Y, APPROXIMATE_ORDER, CREATE_TIME, CREATE_BY, LAST_UPDATE_BY, LAST_UPDATE_TIME) values ('e237de80-d0f5-4dd8-9667-b7fcc46b89da','1ddf97fc-5546-455e-836f-f1f5bd02922f','951d8e09-2c1d-4954-a807-750439182718',300,40,1,{ts '2015-09-29 07:56:06.322'},null,null,{ts '2015-09-29 10:29:31.951'});
insert into METL_FLOW_STEP (ID, FLOW_ID, COMPONENT_ID, X, Y, APPROXIMATE_ORDER, CREATE_TIME, CREATE_BY, LAST_UPDATE_BY, LAST_UPDATE_TIME) values ('04df940b-ee14-402e-898e-4cd87a13dcd4','1ddf97fc-5546-455e-836f-f1f5bd02922f','3b485345-9bfc-4a90-a269-2695bc5f65ee',480,110,8,{ts '2015-09-29 07:58:01.821'},null,null,{ts '2015-09-29 10:29:33.256'});
insert into METL_FLOW_STEP (ID, FLOW_ID, COMPONENT_ID, X, Y, APPROXIMATE_ORDER, CREATE_TIME, CREATE_BY, LAST_UPDATE_BY, LAST_UPDATE_TIME) values ('37687e0d-3c54-4c22-a517-e453555c6c62','1ddf97fc-5546-455e-836f-f1f5bd02922f','600f9346-0900-42b5-afab-a776468de39d',760,110,10,{ts '2015-09-29 10:07:26.805'},null,null,{ts '2015-09-29 10:29:38.391'});
insert into METL_FLOW_STEP (ID, FLOW_ID, COMPONENT_ID, X, Y, APPROXIMATE_ORDER, CREATE_TIME, CREATE_BY, LAST_UPDATE_BY, LAST_UPDATE_TIME) values ('c7e6bc5a-0b40-4434-827c-155ff4e75ddd','1ddf97fc-5546-455e-836f-f1f5bd02922f','26cf2469-e8ad-4332-8bba-12730b0e537a',20,40,0,{ts '2015-09-29 07:29:18.957'},null,null,{ts '2015-09-29 10:34:07.078'});
insert into METL_FLOW_STEP (ID, FLOW_ID, COMPONENT_ID, X, Y, APPROXIMATE_ORDER, CREATE_TIME, CREATE_BY, LAST_UPDATE_BY, LAST_UPDATE_TIME) values ('3b9223cb-d540-40d9-a4ac-e9f5f0e59ec0','1ddf97fc-5546-455e-836f-f1f5bd02922f','21818f39-ead6-4336-b8c2-fe0ff6f5c284',620,110,9,{ts '2015-09-29 07:57:44.003'},null,null,{ts '2015-09-29 10:37:15.507'});
insert into METL_FLOW_STEP (ID, FLOW_ID, COMPONENT_ID, X, Y, APPROXIMATE_ORDER, CREATE_TIME, CREATE_BY, LAST_UPDATE_BY, LAST_UPDATE_TIME) values ('d9d7dc28-25f4-403f-afee-ce94134deedd','1ddf97fc-5546-455e-836f-f1f5bd02922f','b0ea84e9-3350-4bda-b40c-b61d00e31dce',20,160,5,{ts '2015-09-29 07:51:44.841'},null,null,{ts '2015-09-29 10:44:29.388'});
insert into METL_FLOW_STEP (ID, FLOW_ID, COMPONENT_ID, X, Y, APPROXIMATE_ORDER, CREATE_TIME, CREATE_BY, LAST_UPDATE_BY, LAST_UPDATE_TIME) values ('c00097cf-c3ad-467c-a4cf-60c285abd5f4','7d489ca3-f9cf-428e-ae62-e8e401b41d27','26cf2469-e8ad-4332-8bba-12730b0e537a',30,20,0,{ts '2015-09-29 11:06:06.387'},null,null,{ts '2015-09-29 11:09:03.252'});
insert into METL_FLOW_STEP (ID, FLOW_ID, COMPONENT_ID, X, Y, APPROXIMATE_ORDER, CREATE_TIME, CREATE_BY, LAST_UPDATE_BY, LAST_UPDATE_TIME) values ('b61077a5-ff82-4bb1-8705-04bdfdb32eb9','7d489ca3-f9cf-428e-ae62-e8e401b41d27','f35632e5-06bf-43e3-b0e8-1708692552d3',330,70,2,{ts '2015-09-29 11:07:21.079'},null,null,{ts '2015-09-29 11:09:03.257'});
insert into METL_FLOW_STEP (ID, FLOW_ID, COMPONENT_ID, X, Y, APPROXIMATE_ORDER, CREATE_TIME, CREATE_BY, LAST_UPDATE_BY, LAST_UPDATE_TIME) values ('9a5a33b8-dc04-49dd-8261-2c47aa3a7412','7d489ca3-f9cf-428e-ae62-e8e401b41d27','d5acfdba-115a-4722-9d29-6ac4d9aa2f28',470,70,3,{ts '2015-09-29 11:06:49.332'},null,null,{ts '2015-09-29 11:09:03.257'});
insert into METL_FLOW_STEP (ID, FLOW_ID, COMPONENT_ID, X, Y, APPROXIMATE_ORDER, CREATE_TIME, CREATE_BY, LAST_UPDATE_BY, LAST_UPDATE_TIME) values ('1daa1426-ed6d-4de4-a881-6d1ab124bfc0','7d489ca3-f9cf-428e-ae62-e8e401b41d27','b0ea84e9-3350-4bda-b40c-b61d00e31dce',30,120,4,{ts '2015-09-29 11:06:18.395'},null,null,{ts '2015-09-29 11:09:03.257'});
insert into METL_FLOW_STEP (ID, FLOW_ID, COMPONENT_ID, X, Y, APPROXIMATE_ORDER, CREATE_TIME, CREATE_BY, LAST_UPDATE_BY, LAST_UPDATE_TIME) values ('0214ef7e-2b27-45ee-ba28-6157cdfa95fb','7d489ca3-f9cf-428e-ae62-e8e401b41d27','4a8e79e6-8e1a-46ad-bfcf-78b16e400871',190,70,5,{ts '2015-09-29 11:07:44.828'},null,null,{ts '2015-09-29 11:10:56.630'});
insert into METL_FLOW_STEP (ID, FLOW_ID, COMPONENT_ID, X, Y, APPROXIMATE_ORDER, CREATE_TIME, CREATE_BY, LAST_UPDATE_BY, LAST_UPDATE_TIME) values ('039bbe00-fcad-4bda-9966-8ddde57198a9','fdd32a7f-aad7-4976-b49a-3c9bd77aec68','bbb7f1ea-d52a-4971-9d90-190366927b1e',360,20,2,{ts '2015-10-04 14:40:24.262'},null,null,{ts '2015-10-04 14:55:33.409'});
insert into METL_FLOW_STEP (ID, FLOW_ID, COMPONENT_ID, X, Y, APPROXIMATE_ORDER, CREATE_TIME, CREATE_BY, LAST_UPDATE_BY, LAST_UPDATE_TIME) values ('de86eb33-11dc-4937-bd78-7d98bc303673','fdd32a7f-aad7-4976-b49a-3c9bd77aec68','62063500-6643-4deb-855a-6916ed4e5e06',510,20,3,{ts '2015-10-04 14:40:38.049'},null,null,{ts '2015-10-04 14:55:33.409'});
insert into METL_FLOW_STEP (ID, FLOW_ID, COMPONENT_ID, X, Y, APPROXIMATE_ORDER, CREATE_TIME, CREATE_BY, LAST_UPDATE_BY, LAST_UPDATE_TIME) values ('f3b3544b-d990-4ddb-be27-a3208f672df1','fdd32a7f-aad7-4976-b49a-3c9bd77aec68','a8e301cc-f2e8-48a6-b386-2ca4a6a315d4',40,170,0,{ts '2015-10-04 14:40:07.794'},null,null,{ts '2015-10-04 14:55:33.410'});
insert into METL_FLOW_STEP (ID, FLOW_ID, COMPONENT_ID, X, Y, APPROXIMATE_ORDER, CREATE_TIME, CREATE_BY, LAST_UPDATE_BY, LAST_UPDATE_TIME) values ('49924b76-6e6f-495b-85de-ca03ecd11fe4','fdd32a7f-aad7-4976-b49a-3c9bd77aec68','64fbe5bd-fd5f-4906-936b-98501f5565d4',190,170,1,{ts '2015-10-04 14:40:10.556'},null,null,{ts '2015-10-04 14:55:33.410'});
insert into METL_FLOW_STEP (ID, FLOW_ID, COMPONENT_ID, X, Y, APPROXIMATE_ORDER, CREATE_TIME, CREATE_BY, LAST_UPDATE_BY, LAST_UPDATE_TIME) values ('51fa4f14-8002-4284-bce9-94fa527a3350','fdd32a7f-aad7-4976-b49a-3c9bd77aec68','c7e3e670-571e-426e-86fa-dd417c7a9276',360,300,5,{ts '2015-10-04 14:54:52.598'},null,null,{ts '2015-10-04 14:55:33.412'});
insert into METL_FLOW_STEP (ID, FLOW_ID, COMPONENT_ID, X, Y, APPROXIMATE_ORDER, CREATE_TIME, CREATE_BY, LAST_UPDATE_BY, LAST_UPDATE_TIME) values ('d7f6fc81-2031-4311-91e0-3d7ce5985ac3','fdd32a7f-aad7-4976-b49a-3c9bd77aec68','bf00d16d-2add-4915-94b4-4a3b878c7175',510,300,7,{ts '2015-10-04 14:55:23.552'},null,null,{ts '2015-10-05 07:45:54.347'});
insert into METL_FLOW_STEP (ID, FLOW_ID, COMPONENT_ID, X, Y, APPROXIMATE_ORDER, CREATE_TIME, CREATE_BY, LAST_UPDATE_BY, LAST_UPDATE_TIME) values ('27400e65-e82e-424a-a30c-f5300b7d21aa','fdd32a7f-aad7-4976-b49a-3c9bd77aec68','cc458843-bd43-4f20-b9a1-fadec078387d',360,170,4,{ts '2015-10-04 14:54:35.227'},null,null,{ts '2015-10-05 09:20:42.467'});
insert into METL_FLOW_STEP (ID, FLOW_ID, COMPONENT_ID, X, Y, APPROXIMATE_ORDER, CREATE_TIME, CREATE_BY, LAST_UPDATE_BY, LAST_UPDATE_TIME) values ('f6389b24-d2ee-44a2-87d5-5f3ee67ff5e1','fdd32a7f-aad7-4976-b49a-3c9bd77aec68','64d2b37c-a149-4bc7-9069-bf41d43e8489',510,170,5,{ts '2015-10-04 14:55:15.132'},null,null,{ts '2015-10-05 09:20:44.058'});
insert into METL_FLOW_STEP (ID, FLOW_ID, COMPONENT_ID, X, Y, APPROXIMATE_ORDER, CREATE_TIME, CREATE_BY, LAST_UPDATE_BY, LAST_UPDATE_TIME) values ('97125851-e941-475e-919c-250115ec3e0f','aaffac0c-4448-496c-8e53-5b3862d4aa58','df151ec1-43f6-4cc5-a987-6166a84de1a2',190,20,1,{ts '2015-10-05 08:20:32.417'},null,null,{ts '2015-10-05 08:35:42.557'});
insert into METL_FLOW_STEP (ID, FLOW_ID, COMPONENT_ID, X, Y, APPROXIMATE_ORDER, CREATE_TIME, CREATE_BY, LAST_UPDATE_BY, LAST_UPDATE_TIME) values ('5f1996f9-0a2f-491d-8fd4-1192468b5330','aaffac0c-4448-496c-8e53-5b3862d4aa58','6dd43495-8ad8-4b5c-aeff-a2cc083c27c3',370,20,2,{ts '2015-10-05 08:24:01.777'},null,null,{ts '2015-10-05 08:35:42.558'});
insert into METL_FLOW_STEP (ID, FLOW_ID, COMPONENT_ID, X, Y, APPROXIMATE_ORDER, CREATE_TIME, CREATE_BY, LAST_UPDATE_BY, LAST_UPDATE_TIME) values ('428a2ce0-fb6f-41ef-93e9-a2d33231866f','aaffac0c-4448-496c-8e53-5b3862d4aa58','932ca7b6-949b-492f-b910-d40d40ced762',370,150,6,{ts '2015-10-05 08:23:58.593'},null,null,{ts '2015-10-05 08:35:42.558'});
insert into METL_FLOW_STEP (ID, FLOW_ID, COMPONENT_ID, X, Y, APPROXIMATE_ORDER, CREATE_TIME, CREATE_BY, LAST_UPDATE_BY, LAST_UPDATE_TIME) values ('dd5ddcdb-95c3-433b-8faf-4978c6348f6c','aaffac0c-4448-496c-8e53-5b3862d4aa58','f28dbb14-b8db-4afa-8fb5-703450fe5d75',190,150,5,{ts '2015-10-05 08:30:58.074'},null,null,{ts '2015-10-05 08:35:42.558'});
insert into METL_FLOW_STEP (ID, FLOW_ID, COMPONENT_ID, X, Y, APPROXIMATE_ORDER, CREATE_TIME, CREATE_BY, LAST_UPDATE_BY, LAST_UPDATE_TIME) values ('b02ccf49-5cf1-41e8-a423-073a8402b8d1','aaffac0c-4448-496c-8e53-5b3862d4aa58','a8e301cc-f2e8-48a6-b386-2ca4a6a315d4',20,220,0,{ts '2015-10-05 08:20:21.732'},null,null,{ts '2015-10-05 08:35:42.559'});
insert into METL_FLOW_STEP (ID, FLOW_ID, COMPONENT_ID, X, Y, APPROXIMATE_ORDER, CREATE_TIME, CREATE_BY, LAST_UPDATE_BY, LAST_UPDATE_TIME) values ('d490d8bc-270f-49d2-b0e8-da98e00f987c','aaffac0c-4448-496c-8e53-5b3862d4aa58','56680d4e-65d1-4676-8842-239df12125c7',560,220,15,{ts '2015-10-05 08:34:27.488'},null,null,{ts '2015-10-05 08:35:42.559'});
insert into METL_FLOW_STEP (ID, FLOW_ID, COMPONENT_ID, X, Y, APPROXIMATE_ORDER, CREATE_TIME, CREATE_BY, LAST_UPDATE_BY, LAST_UPDATE_TIME) values ('4c5d6d61-6250-4515-a5b8-1154c0f147a4','aaffac0c-4448-496c-8e53-5b3862d4aa58','6438bb55-d010-406c-b4ea-1c278f91aa2d',190,280,9,{ts '2015-10-05 08:31:13.297'},null,null,{ts '2015-10-05 08:35:42.560'});
insert into METL_FLOW_STEP (ID, FLOW_ID, COMPONENT_ID, X, Y, APPROXIMATE_ORDER, CREATE_TIME, CREATE_BY, LAST_UPDATE_BY, LAST_UPDATE_TIME) values ('b9fdfdef-6f90-4b56-bdd8-fff469a45c66','aaffac0c-4448-496c-8e53-5b3862d4aa58','bdd446f2-3edf-4017-8f3a-c7213d5e0638',370,280,10,{ts '2015-10-05 08:32:27.701'},null,null,{ts '2015-10-05 08:35:42.560'});
insert into METL_FLOW_STEP (ID, FLOW_ID, COMPONENT_ID, X, Y, APPROXIMATE_ORDER, CREATE_TIME, CREATE_BY, LAST_UPDATE_BY, LAST_UPDATE_TIME) values ('af4895b2-24f3-4995-ad5a-d671214b50e8','aaffac0c-4448-496c-8e53-5b3862d4aa58','05f4cf6b-a5bc-4adb-9deb-4ea2562c75a2',370,410,14,{ts '2015-10-05 08:32:41.695'},null,null,{ts '2015-10-05 08:35:42.560'});
insert into METL_FLOW_STEP (ID, FLOW_ID, COMPONENT_ID, X, Y, APPROXIMATE_ORDER, CREATE_TIME, CREATE_BY, LAST_UPDATE_BY, LAST_UPDATE_TIME) values ('dd42ef71-f341-444f-834f-0c9cedd6f696','aaffac0c-4448-496c-8e53-5b3862d4aa58','eb15c81e-1b22-4537-8aae-643b0614586f',710,220,19,{ts '2015-10-05 08:35:04.805'},null,null,{ts '2015-10-05 08:37:09.844'});
insert into METL_FLOW_STEP (ID, FLOW_ID, COMPONENT_ID, X, Y, APPROXIMATE_ORDER, CREATE_TIME, CREATE_BY, LAST_UPDATE_BY, LAST_UPDATE_TIME) values ('85a80d92-1e54-4e3f-b1a1-9a1789234bcd','aaffac0c-4448-496c-8e53-5b3862d4aa58','c2950f4f-69ac-4186-9779-595f8ac7ca19',860,220,20,{ts '2015-10-05 08:35:39.114'},null,null,{ts '2015-10-05 08:37:11.583'});
insert into METL_FLOW_STEP (ID, FLOW_ID, COMPONENT_ID, X, Y, APPROXIMATE_ORDER, CREATE_TIME, CREATE_BY, LAST_UPDATE_BY, LAST_UPDATE_TIME) values ('055ce3ae-7f8b-48c6-9da6-5ac11c3dc1b4','aaffac0c-4448-496c-8e53-5b3862d4aa58','38cac51f-2717-4ad3-b228-4d40aa84e04e',190,410,16,{ts '2015-10-05 08:31:24.884'},null,null,{ts '2015-10-05 08:52:38.593'});
insert into METL_FLOW_STEP (ID, FLOW_ID, COMPONENT_ID, X, Y, APPROXIMATE_ORDER, CREATE_TIME, CREATE_BY, LAST_UPDATE_BY, LAST_UPDATE_TIME) values ('82525af3-8c2a-4661-a71a-2e862d788b79','0ad66607-84a4-4f73-a663-fbcdf464e068','a8e301cc-f2e8-48a6-b386-2ca4a6a315d4',40,30,0,{ts '2015-10-05 08:54:47.964'},null,null,{ts '2015-10-06 12:17:34.219'});
insert into METL_FLOW_STEP (ID, FLOW_ID, COMPONENT_ID, X, Y, APPROXIMATE_ORDER, CREATE_TIME, CREATE_BY, LAST_UPDATE_BY, LAST_UPDATE_TIME) values ('678cb71b-da83-4342-8832-d870bb041f57','0ad66607-84a4-4f73-a663-fbcdf464e068','9708e799-48e6-4763-ae56-0046e93aee33',200,30,1,{ts '2015-10-05 08:54:53.042'},null,null,{ts '2015-10-06 12:17:36.293'});
insert into METL_FLOW_STEP (ID, FLOW_ID, COMPONENT_ID, X, Y, APPROXIMATE_ORDER, CREATE_TIME, CREATE_BY, LAST_UPDATE_BY, LAST_UPDATE_TIME) values ('538f237e-5a43-47f8-afb8-a35724b39e57','0ad66607-84a4-4f73-a663-fbcdf464e068','dde9586d-8c64-41bb-9bb6-9d22b69209fb',360,30,2,{ts '2015-10-05 09:03:15.669'},null,null,{ts '2015-10-06 12:17:37.703'});
insert into METL_FLOW_STEP (ID, FLOW_ID, COMPONENT_ID, X, Y, APPROXIMATE_ORDER, CREATE_TIME, CREATE_BY, LAST_UPDATE_BY, LAST_UPDATE_TIME) values ('0a4776b8-4e6b-4f20-9a44-497edffa2ad2','0ad66607-84a4-4f73-a663-fbcdf464e068','5a63247b-21c4-4dec-bb49-11ba95c8b2fa',530,30,3,{ts '2015-10-05 09:03:48.867'},null,null,{ts '2015-10-06 12:17:40.187'});
insert into METL_FLOW_STEP (ID, FLOW_ID, COMPONENT_ID, X, Y, APPROXIMATE_ORDER, CREATE_TIME, CREATE_BY, LAST_UPDATE_BY, LAST_UPDATE_TIME) values ('fe09e936-322e-4f98-8f0a-b616916b0b99','55cd705b-662e-495f-b288-1738d949814f','a8e301cc-f2e8-48a6-b386-2ca4a6a315d4',40,30,0,{ts '2015-10-05 10:46:35.322'},null,null,{ts '2015-10-06 11:19:35.701'});
insert into METL_FLOW_STEP (ID, FLOW_ID, COMPONENT_ID, X, Y, APPROXIMATE_ORDER, CREATE_TIME, CREATE_BY, LAST_UPDATE_BY, LAST_UPDATE_TIME) values ('e872b54b-e5df-4602-9f62-fd551279c8f1','55cd705b-662e-495f-b288-1738d949814f','394ad291-3292-4e9c-9f6d-e88544a46fd4',190,30,1,{ts '2015-10-05 10:39:44.789'},null,null,{ts '2015-10-06 11:19:35.702'});
insert into METL_FLOW_STEP (ID, FLOW_ID, COMPONENT_ID, X, Y, APPROXIMATE_ORDER, CREATE_TIME, CREATE_BY, LAST_UPDATE_BY, LAST_UPDATE_TIME) values ('bfd76ed5-5719-4f3c-a07e-357daedd9486','55cd705b-662e-495f-b288-1738d949814f','e6f73c39-2ec2-4436-8527-dcc8228fc67b',340,30,2,{ts '2015-10-05 10:39:56.433'},null,null,{ts '2015-10-06 11:19:35.714'});
insert into METL_FLOW_STEP (ID, FLOW_ID, COMPONENT_ID, X, Y, APPROXIMATE_ORDER, CREATE_TIME, CREATE_BY, LAST_UPDATE_BY, LAST_UPDATE_TIME) values ('93e5374a-fdf8-45f7-b599-77ae81358bcf','55cd705b-662e-495f-b288-1738d949814f','c12aec97-37d7-4f91-857b-75c11b407426',490,30,3,{ts '2015-10-05 10:48:36.596'},null,null,{ts '2015-10-06 11:19:35.715'});
insert into METL_FLOW_STEP (ID, FLOW_ID, COMPONENT_ID, X, Y, APPROXIMATE_ORDER, CREATE_TIME, CREATE_BY, LAST_UPDATE_BY, LAST_UPDATE_TIME) values ('3bb2c341-a3df-48b2-a53c-ce9b0ca15b9a','55cd705b-662e-495f-b288-1738d949814f','f02b9595-184e-4763-bdb5-543f21fd973d',640,30,4,{ts '2015-10-05 10:40:18.972'},null,null,{ts '2015-10-06 11:19:35.715'});
insert into METL_FLOW_STEP_LINK (SOURCE_STEP_ID, TARGET_STEP_ID, CREATE_TIME, CREATE_BY, LAST_UPDATE_BY, LAST_UPDATE_TIME) values ('99477076-0755-411c-bc8f-806d44834b5c','d2af748e-55ff-4bfd-9546-ece03c8704e4',{ts '2015-09-28 15:25:56.156'},null,null,{ts '2015-09-28 15:26:22.838'});
insert into METL_FLOW_STEP_LINK (SOURCE_STEP_ID, TARGET_STEP_ID, CREATE_TIME, CREATE_BY, LAST_UPDATE_BY, LAST_UPDATE_TIME) values ('46273451-c21a-4d1a-ad1c-35f9955a1cf6','ce84e1e6-99c2-494e-9143-3344493279d1',{ts '2015-09-28 15:17:31.526'},null,null,{ts '2015-09-28 15:26:22.837'});
insert into METL_FLOW_STEP_LINK (SOURCE_STEP_ID, TARGET_STEP_ID, CREATE_TIME, CREATE_BY, LAST_UPDATE_BY, LAST_UPDATE_TIME) values ('e84e4bb2-47d4-4163-be97-192126700108','46273451-c21a-4d1a-ad1c-35f9955a1cf6',{ts '2015-09-28 14:44:18.258'},null,null,{ts '2015-09-28 15:26:22.836'});
insert into METL_FLOW_STEP_LINK (SOURCE_STEP_ID, TARGET_STEP_ID, CREATE_TIME, CREATE_BY, LAST_UPDATE_BY, LAST_UPDATE_TIME) values ('ce84e1e6-99c2-494e-9143-3344493279d1','b48d64ff-7718-4bd0-bc7f-bcf3d0af7bec',{ts '2015-09-28 15:21:38.949'},null,null,{ts '2015-09-28 15:26:22.837'});
insert into METL_FLOW_STEP_LINK (SOURCE_STEP_ID, TARGET_STEP_ID, CREATE_TIME, CREATE_BY, LAST_UPDATE_BY, LAST_UPDATE_TIME) values ('ce84e1e6-99c2-494e-9143-3344493279d1','cc7bd445-2222-42fa-b6c0-eb9a0ceb4926',{ts '2015-09-28 15:21:40.851'},null,null,{ts '2015-09-28 15:26:22.837'});
insert into METL_FLOW_STEP_LINK (SOURCE_STEP_ID, TARGET_STEP_ID, CREATE_TIME, CREATE_BY, LAST_UPDATE_BY, LAST_UPDATE_TIME) values ('d2af748e-55ff-4bfd-9546-ece03c8704e4','072e20b8-bef8-494f-8178-9db2471f0584',{ts '2015-09-28 15:26:22.829'},null,null,{ts '2015-09-28 15:26:22.838'});
insert into METL_FLOW_STEP_LINK (SOURCE_STEP_ID, TARGET_STEP_ID, CREATE_TIME, CREATE_BY, LAST_UPDATE_BY, LAST_UPDATE_TIME) values ('cc7bd445-2222-42fa-b6c0-eb9a0ceb4926','3f7ce494-8607-42ee-b01a-d96c7f320fe3',{ts '2015-09-28 15:23:39.014'},null,null,{ts '2015-09-28 15:26:22.838'});
insert into METL_FLOW_STEP_LINK (SOURCE_STEP_ID, TARGET_STEP_ID, CREATE_TIME, CREATE_BY, LAST_UPDATE_BY, LAST_UPDATE_TIME) values ('3f7ce494-8607-42ee-b01a-d96c7f320fe3','d2af748e-55ff-4bfd-9546-ece03c8704e4',{ts '2015-09-28 15:25:58.138'},null,null,{ts '2015-09-28 15:26:22.838'});
insert into METL_FLOW_STEP_LINK (SOURCE_STEP_ID, TARGET_STEP_ID, CREATE_TIME, CREATE_BY, LAST_UPDATE_BY, LAST_UPDATE_TIME) values ('b48d64ff-7718-4bd0-bc7f-bcf3d0af7bec','99477076-0755-411c-bc8f-806d44834b5c',{ts '2015-09-28 15:23:18.553'},null,null,{ts '2015-09-28 15:26:22.837'});
insert into METL_FLOW_STEP_LINK (SOURCE_STEP_ID, TARGET_STEP_ID, CREATE_TIME, CREATE_BY, LAST_UPDATE_BY, LAST_UPDATE_TIME) values ('5b2bdd82-2393-43ae-8fb2-fc037a44ae19','ef0d316c-628c-4cb5-a787-7f1536e73afb',{ts '2015-09-29 07:57:16.402'},null,null,{ts '2015-09-29 10:07:29.921'});
insert into METL_FLOW_STEP_LINK (SOURCE_STEP_ID, TARGET_STEP_ID, CREATE_TIME, CREATE_BY, LAST_UPDATE_BY, LAST_UPDATE_TIME) values ('ef0d316c-628c-4cb5-a787-7f1536e73afb','04df940b-ee14-402e-898e-4cd87a13dcd4',{ts '2015-09-29 10:05:12.047'},null,null,{ts '2015-09-29 10:07:29.922'});
insert into METL_FLOW_STEP_LINK (SOURCE_STEP_ID, TARGET_STEP_ID, CREATE_TIME, CREATE_BY, LAST_UPDATE_BY, LAST_UPDATE_TIME) values ('e237de80-d0f5-4dd8-9667-b7fcc46b89da','04df940b-ee14-402e-898e-4cd87a13dcd4',{ts '2015-09-29 10:05:14.284'},null,null,{ts '2015-09-29 10:07:29.922'});
insert into METL_FLOW_STEP_LINK (SOURCE_STEP_ID, TARGET_STEP_ID, CREATE_TIME, CREATE_BY, LAST_UPDATE_BY, LAST_UPDATE_TIME) values ('04df940b-ee14-402e-898e-4cd87a13dcd4','3b9223cb-d540-40d9-a4ac-e9f5f0e59ec0',{ts '2015-09-29 10:07:14.684'},null,null,{ts '2015-09-29 10:07:29.922'});
insert into METL_FLOW_STEP_LINK (SOURCE_STEP_ID, TARGET_STEP_ID, CREATE_TIME, CREATE_BY, LAST_UPDATE_BY, LAST_UPDATE_TIME) values ('c7e6bc5a-0b40-4434-827c-155ff4e75ddd','e237de80-d0f5-4dd8-9667-b7fcc46b89da',{ts '2015-09-29 07:56:10.990'},null,null,{ts '2015-09-29 10:07:29.921'});
insert into METL_FLOW_STEP_LINK (SOURCE_STEP_ID, TARGET_STEP_ID, CREATE_TIME, CREATE_BY, LAST_UPDATE_BY, LAST_UPDATE_TIME) values ('3b9223cb-d540-40d9-a4ac-e9f5f0e59ec0','37687e0d-3c54-4c22-a517-e453555c6c62',{ts '2015-09-29 10:07:29.915'},null,null,{ts '2015-09-29 10:07:29.922'});
insert into METL_FLOW_STEP_LINK (SOURCE_STEP_ID, TARGET_STEP_ID, CREATE_TIME, CREATE_BY, LAST_UPDATE_BY, LAST_UPDATE_TIME) values ('d9d7dc28-25f4-403f-afee-ce94134deedd','5b2bdd82-2393-43ae-8fb2-fc037a44ae19',{ts '2015-09-29 07:55:34.580'},null,null,{ts '2015-09-29 10:07:29.921'});
insert into METL_FLOW_STEP_LINK (SOURCE_STEP_ID, TARGET_STEP_ID, CREATE_TIME, CREATE_BY, LAST_UPDATE_BY, LAST_UPDATE_TIME) values ('c00097cf-c3ad-467c-a4cf-60c285abd5f4','0214ef7e-2b27-45ee-ba28-6157cdfa95fb',{ts '2015-09-29 11:08:28.173'},null,null,{ts '2015-09-29 11:09:03.258'});
insert into METL_FLOW_STEP_LINK (SOURCE_STEP_ID, TARGET_STEP_ID, CREATE_TIME, CREATE_BY, LAST_UPDATE_BY, LAST_UPDATE_TIME) values ('b61077a5-ff82-4bb1-8705-04bdfdb32eb9','9a5a33b8-dc04-49dd-8261-2c47aa3a7412',{ts '2015-09-29 11:09:03.251'},null,null,{ts '2015-09-29 11:09:03.258'});
insert into METL_FLOW_STEP_LINK (SOURCE_STEP_ID, TARGET_STEP_ID, CREATE_TIME, CREATE_BY, LAST_UPDATE_BY, LAST_UPDATE_TIME) values ('1daa1426-ed6d-4de4-a881-6d1ab124bfc0','0214ef7e-2b27-45ee-ba28-6157cdfa95fb',{ts '2015-09-29 11:07:49.651'},null,null,{ts '2015-09-29 11:09:03.257'});
insert into METL_FLOW_STEP_LINK (SOURCE_STEP_ID, TARGET_STEP_ID, CREATE_TIME, CREATE_BY, LAST_UPDATE_BY, LAST_UPDATE_TIME) values ('0214ef7e-2b27-45ee-ba28-6157cdfa95fb','b61077a5-ff82-4bb1-8705-04bdfdb32eb9',{ts '2015-09-29 11:08:56.320'},null,null,{ts '2015-09-29 11:09:03.258'});
insert into METL_FLOW_STEP_LINK (SOURCE_STEP_ID, TARGET_STEP_ID, CREATE_TIME, CREATE_BY, LAST_UPDATE_BY, LAST_UPDATE_TIME) values ('039bbe00-fcad-4bda-9966-8ddde57198a9','de86eb33-11dc-4937-bd78-7d98bc303673',{ts '2015-10-04 14:40:42.206'},null,null,{ts '2015-10-04 14:55:33.413'});
insert into METL_FLOW_STEP_LINK (SOURCE_STEP_ID, TARGET_STEP_ID, CREATE_TIME, CREATE_BY, LAST_UPDATE_BY, LAST_UPDATE_TIME) values ('f3b3544b-d990-4ddb-be27-a3208f672df1','49924b76-6e6f-495b-85de-ca03ecd11fe4',{ts '2015-10-04 14:40:28.145'},null,null,{ts '2015-10-04 14:55:33.412'});
insert into METL_FLOW_STEP_LINK (SOURCE_STEP_ID, TARGET_STEP_ID, CREATE_TIME, CREATE_BY, LAST_UPDATE_BY, LAST_UPDATE_TIME) values ('49924b76-6e6f-495b-85de-ca03ecd11fe4','039bbe00-fcad-4bda-9966-8ddde57198a9',{ts '2015-10-04 14:40:30.182'},null,null,{ts '2015-10-04 14:55:33.413'});
insert into METL_FLOW_STEP_LINK (SOURCE_STEP_ID, TARGET_STEP_ID, CREATE_TIME, CREATE_BY, LAST_UPDATE_BY, LAST_UPDATE_TIME) values ('49924b76-6e6f-495b-85de-ca03ecd11fe4','27400e65-e82e-424a-a30c-f5300b7d21aa',{ts '2015-10-04 14:54:45.526'},null,null,{ts '2015-10-04 14:55:33.413'});
insert into METL_FLOW_STEP_LINK (SOURCE_STEP_ID, TARGET_STEP_ID, CREATE_TIME, CREATE_BY, LAST_UPDATE_BY, LAST_UPDATE_TIME) values ('49924b76-6e6f-495b-85de-ca03ecd11fe4','51fa4f14-8002-4284-bce9-94fa527a3350',{ts '2015-10-04 14:54:59.825'},null,null,{ts '2015-10-04 14:55:33.414'});
insert into METL_FLOW_STEP_LINK (SOURCE_STEP_ID, TARGET_STEP_ID, CREATE_TIME, CREATE_BY, LAST_UPDATE_BY, LAST_UPDATE_TIME) values ('51fa4f14-8002-4284-bce9-94fa527a3350','d7f6fc81-2031-4311-91e0-3d7ce5985ac3',{ts '2015-10-04 14:55:29.719'},null,null,{ts '2015-10-04 14:55:33.414'});
insert into METL_FLOW_STEP_LINK (SOURCE_STEP_ID, TARGET_STEP_ID, CREATE_TIME, CREATE_BY, LAST_UPDATE_BY, LAST_UPDATE_TIME) values ('27400e65-e82e-424a-a30c-f5300b7d21aa','f6389b24-d2ee-44a2-87d5-5f3ee67ff5e1',{ts '2015-10-04 14:55:33.408'},null,null,{ts '2015-10-04 14:55:33.414'});
insert into METL_FLOW_STEP_LINK (SOURCE_STEP_ID, TARGET_STEP_ID, CREATE_TIME, CREATE_BY, LAST_UPDATE_BY, LAST_UPDATE_TIME) values ('97125851-e941-475e-919c-250115ec3e0f','5f1996f9-0a2f-491d-8fd4-1192468b5330',{ts '2015-10-05 08:24:22.222'},null,null,{ts '2015-10-05 08:35:42.560'});
insert into METL_FLOW_STEP_LINK (SOURCE_STEP_ID, TARGET_STEP_ID, CREATE_TIME, CREATE_BY, LAST_UPDATE_BY, LAST_UPDATE_TIME) values ('5f1996f9-0a2f-491d-8fd4-1192468b5330','d490d8bc-270f-49d2-b0e8-da98e00f987c',{ts '2015-10-05 08:34:33.758'},null,null,{ts '2015-10-05 08:35:42.561'});
insert into METL_FLOW_STEP_LINK (SOURCE_STEP_ID, TARGET_STEP_ID, CREATE_TIME, CREATE_BY, LAST_UPDATE_BY, LAST_UPDATE_TIME) values ('428a2ce0-fb6f-41ef-93e9-a2d33231866f','d490d8bc-270f-49d2-b0e8-da98e00f987c',{ts '2015-10-05 08:34:35.875'},null,null,{ts '2015-10-05 08:35:42.561'});
insert into METL_FLOW_STEP_LINK (SOURCE_STEP_ID, TARGET_STEP_ID, CREATE_TIME, CREATE_BY, LAST_UPDATE_BY, LAST_UPDATE_TIME) values ('dd5ddcdb-95c3-433b-8faf-4978c6348f6c','428a2ce0-fb6f-41ef-93e9-a2d33231866f',{ts '2015-10-05 08:32:52.020'},null,null,{ts '2015-10-05 08:35:42.561'});
insert into METL_FLOW_STEP_LINK (SOURCE_STEP_ID, TARGET_STEP_ID, CREATE_TIME, CREATE_BY, LAST_UPDATE_BY, LAST_UPDATE_TIME) values ('b02ccf49-5cf1-41e8-a423-073a8402b8d1','055ce3ae-7f8b-48c6-9da6-5ac11c3dc1b4',{ts '2015-10-05 08:31:52.181'},null,null,{ts '2015-10-05 08:35:42.561'});
insert into METL_FLOW_STEP_LINK (SOURCE_STEP_ID, TARGET_STEP_ID, CREATE_TIME, CREATE_BY, LAST_UPDATE_BY, LAST_UPDATE_TIME) values ('b02ccf49-5cf1-41e8-a423-073a8402b8d1','4c5d6d61-6250-4515-a5b8-1154c0f147a4',{ts '2015-10-05 08:31:49.033'},null,null,{ts '2015-10-05 08:35:42.560'});
insert into METL_FLOW_STEP_LINK (SOURCE_STEP_ID, TARGET_STEP_ID, CREATE_TIME, CREATE_BY, LAST_UPDATE_BY, LAST_UPDATE_TIME) values ('b02ccf49-5cf1-41e8-a423-073a8402b8d1','97125851-e941-475e-919c-250115ec3e0f',{ts '2015-10-05 08:21:47.154'},null,null,{ts '2015-10-05 08:35:42.560'});
insert into METL_FLOW_STEP_LINK (SOURCE_STEP_ID, TARGET_STEP_ID, CREATE_TIME, CREATE_BY, LAST_UPDATE_BY, LAST_UPDATE_TIME) values ('b02ccf49-5cf1-41e8-a423-073a8402b8d1','dd5ddcdb-95c3-433b-8faf-4978c6348f6c',{ts '2015-10-05 08:31:47.102'},null,null,{ts '2015-10-05 08:35:42.560'});
insert into METL_FLOW_STEP_LINK (SOURCE_STEP_ID, TARGET_STEP_ID, CREATE_TIME, CREATE_BY, LAST_UPDATE_BY, LAST_UPDATE_TIME) values ('d490d8bc-270f-49d2-b0e8-da98e00f987c','dd42ef71-f341-444f-834f-0c9cedd6f696',{ts '2015-10-05 08:35:18.417'},null,null,{ts '2015-10-05 08:35:42.561'});
insert into METL_FLOW_STEP_LINK (SOURCE_STEP_ID, TARGET_STEP_ID, CREATE_TIME, CREATE_BY, LAST_UPDATE_BY, LAST_UPDATE_TIME) values ('4c5d6d61-6250-4515-a5b8-1154c0f147a4','b9fdfdef-6f90-4b56-bdd8-fff469a45c66',{ts '2015-10-05 08:32:53.511'},null,null,{ts '2015-10-05 08:35:42.561'});
insert into METL_FLOW_STEP_LINK (SOURCE_STEP_ID, TARGET_STEP_ID, CREATE_TIME, CREATE_BY, LAST_UPDATE_BY, LAST_UPDATE_TIME) values ('b9fdfdef-6f90-4b56-bdd8-fff469a45c66','d490d8bc-270f-49d2-b0e8-da98e00f987c',{ts '2015-10-05 08:34:37.661'},null,null,{ts '2015-10-05 08:35:42.561'});
insert into METL_FLOW_STEP_LINK (SOURCE_STEP_ID, TARGET_STEP_ID, CREATE_TIME, CREATE_BY, LAST_UPDATE_BY, LAST_UPDATE_TIME) values ('af4895b2-24f3-4995-ad5a-d671214b50e8','d490d8bc-270f-49d2-b0e8-da98e00f987c',{ts '2015-10-05 08:34:40.993'},null,null,{ts '2015-10-05 08:35:42.561'});
insert into METL_FLOW_STEP_LINK (SOURCE_STEP_ID, TARGET_STEP_ID, CREATE_TIME, CREATE_BY, LAST_UPDATE_BY, LAST_UPDATE_TIME) values ('dd42ef71-f341-444f-834f-0c9cedd6f696','85a80d92-1e54-4e3f-b1a1-9a1789234bcd',{ts '2015-10-05 08:35:42.556'},null,null,{ts '2015-10-05 08:35:42.561'});
insert into METL_FLOW_STEP_LINK (SOURCE_STEP_ID, TARGET_STEP_ID, CREATE_TIME, CREATE_BY, LAST_UPDATE_BY, LAST_UPDATE_TIME) values ('055ce3ae-7f8b-48c6-9da6-5ac11c3dc1b4','af4895b2-24f3-4995-ad5a-d671214b50e8',{ts '2015-10-05 08:32:55.682'},null,null,{ts '2015-10-05 08:35:42.561'});
insert into METL_FLOW_STEP_LINK (SOURCE_STEP_ID, TARGET_STEP_ID, CREATE_TIME, CREATE_BY, LAST_UPDATE_BY, LAST_UPDATE_TIME) values ('82525af3-8c2a-4661-a71a-2e862d788b79','678cb71b-da83-4342-8832-d870bb041f57',{ts '2015-10-05 08:54:58.156'},null,null,{ts '2015-10-05 09:20:06.199'});
insert into METL_FLOW_STEP_LINK (SOURCE_STEP_ID, TARGET_STEP_ID, CREATE_TIME, CREATE_BY, LAST_UPDATE_BY, LAST_UPDATE_TIME) values ('678cb71b-da83-4342-8832-d870bb041f57','538f237e-5a43-47f8-afb8-a35724b39e57',{ts '2015-10-05 09:03:18.991'},null,null,{ts '2015-10-05 09:20:06.200'});
insert into METL_FLOW_STEP_LINK (SOURCE_STEP_ID, TARGET_STEP_ID, CREATE_TIME, CREATE_BY, LAST_UPDATE_BY, LAST_UPDATE_TIME) values ('538f237e-5a43-47f8-afb8-a35724b39e57','0a4776b8-4e6b-4f20-9a44-497edffa2ad2',{ts '2015-10-05 09:20:06.190'},null,null,{ts '2015-10-05 09:20:06.200'});
insert into METL_FLOW_STEP_LINK (SOURCE_STEP_ID, TARGET_STEP_ID, CREATE_TIME, CREATE_BY, LAST_UPDATE_BY, LAST_UPDATE_TIME) values ('fe09e936-322e-4f98-8f0a-b616916b0b99','e872b54b-e5df-4602-9f62-fd551279c8f1',{ts '2015-10-05 10:46:42.689'},null,null,{ts '2015-10-06 11:19:35.716'});
insert into METL_FLOW_STEP_LINK (SOURCE_STEP_ID, TARGET_STEP_ID, CREATE_TIME, CREATE_BY, LAST_UPDATE_BY, LAST_UPDATE_TIME) values ('e872b54b-e5df-4602-9f62-fd551279c8f1','bfd76ed5-5719-4f3c-a07e-357daedd9486',{ts '2015-10-05 10:40:28.451'},null,null,{ts '2015-10-06 11:19:35.717'});
insert into METL_FLOW_STEP_LINK (SOURCE_STEP_ID, TARGET_STEP_ID, CREATE_TIME, CREATE_BY, LAST_UPDATE_BY, LAST_UPDATE_TIME) values ('bfd76ed5-5719-4f3c-a07e-357daedd9486','93e5374a-fdf8-45f7-b599-77ae81358bcf',{ts '2015-10-05 10:48:51.481'},null,null,{ts '2015-10-06 11:19:35.717'});
insert into METL_FLOW_STEP_LINK (SOURCE_STEP_ID, TARGET_STEP_ID, CREATE_TIME, CREATE_BY, LAST_UPDATE_BY, LAST_UPDATE_TIME) values ('93e5374a-fdf8-45f7-b599-77ae81358bcf','3bb2c341-a3df-48b2-a53c-ce9b0ca15b9a',{ts '2015-10-05 10:48:53.837'},null,null,{ts '2015-10-06 11:19:35.718'});
