DELETE FROM METL_FLOW_STEP_LINK WHERE SOURCE_STEP_ID IN (SELECT ID FROM METL_FLOW_STEP WHERE FLOW_ID IN (SELECT ID FROM METL_FLOW WHERE PROJECT_VERSION_ID='72cfca72-be9b-4d70-98c1-248692c42820' ));
DELETE FROM METL_FLOW_STEP WHERE FLOW_ID IN (SELECT ID FROM METL_FLOW WHERE PROJECT_VERSION_ID='72cfca72-be9b-4d70-98c1-248692c42820' );
DELETE FROM METL_FLOW_PARAMETER WHERE FLOW_ID IN (SELECT ID FROM METL_FLOW WHERE PROJECT_VERSION_ID='72cfca72-be9b-4d70-98c1-248692c42820' );
DELETE FROM METL_FLOW WHERE PROJECT_VERSION_ID='72cfca72-be9b-4d70-98c1-248692c42820' ;
DELETE FROM METL_COMPONENT_ATTRIBUTE_SETTING WHERE COMPONENT_ID IN (SELECT ID FROM METL_COMPONENT WHERE PROJECT_VERSION_ID='72cfca72-be9b-4d70-98c1-248692c42820' );
DELETE FROM METL_COMPONENT_ENTITY_SETTING WHERE COMPONENT_ID IN (SELECT ID FROM METL_COMPONENT WHERE PROJECT_VERSION_ID='72cfca72-be9b-4d70-98c1-248692c42820' );
DELETE FROM METL_COMPONENT_SETTING WHERE COMPONENT_ID IN (SELECT ID FROM METL_COMPONENT WHERE PROJECT_VERSION_ID='72cfca72-be9b-4d70-98c1-248692c42820' );
DELETE FROM METL_COMPONENT WHERE PROJECT_VERSION_ID='72cfca72-be9b-4d70-98c1-248692c42820' ;
DELETE FROM METL_RESOURCE_SETTING WHERE RESOURCE_ID IN (SELECT ID FROM METL_RESOURCE WHERE PROJECT_VERSION_ID='72cfca72-be9b-4d70-98c1-248692c42820' );
DELETE FROM METL_RESOURCE WHERE PROJECT_VERSION_ID='72cfca72-be9b-4d70-98c1-248692c42820' ;
DELETE FROM METL_MODEL_ATTRIBUTE WHERE ENTITY_ID IN (SELECT ID FROM METL_MODEL_ENTITY WHERE MODEL_ID in (SELECT ID FROM METL_MODEL WHERE PROJECT_VERSION_ID='72cfca72-be9b-4d70-98c1-248692c42820' ));
DELETE FROM METL_MODEL_ENTITY WHERE MODEL_ID in (SELECT ID FROM METL_MODEL WHERE PROJECT_VERSION_ID='72cfca72-be9b-4d70-98c1-248692c42820' );
DELETE FROM METL_MODEL WHERE PROJECT_VERSION_ID='72cfca72-be9b-4d70-98c1-248692c42820' ;
DELETE FROM METL_FOLDER WHERE PROJECT_VERSION_ID='72cfca72-be9b-4d70-98c1-248692c42820';
DELETE FROM METL_PROJECT_VERSION WHERE ID='72cfca72-be9b-4d70-98c1-248692c42820';
DELETE FROM METL_PROJECT WHERE ID='dd10163f-3132-40e5-ad50-074dee529587';
insert into METL_PROJECT (ID, NAME, DESCRIPTION, DELETED, CREATE_TIME, CREATE_BY, LAST_UPDATE_BY, LAST_UPDATE_TIME) values ('dd10163f-3132-40e5-ad50-074dee529587','Gate Flow Test',null,0,{ts '2015-12-03 18:00:01.129'},null,null,{ts '2015-12-03 18:00:34.619'});
insert into METL_PROJECT_VERSION (ID, VERSION_LABEL, PROJECT_ID, ORIG_VERSION_ID, DESCRIPTION, LOCKED, ARCHIVED, DELETED, CREATE_TIME, CREATE_BY, LAST_UPDATE_BY, LAST_UPDATE_TIME) values ('72cfca72-be9b-4d70-98c1-248692c42820','1.0','dd10163f-3132-40e5-ad50-074dee529587',null,null,0,0,0,{ts '2015-12-03 18:00:01.129'},null,null,{ts '2015-12-03 18:00:01.130'});
insert into METL_COMPONENT (ID, ROW_ID, PROJECT_VERSION_ID, DELETED, NAME, TYPE, FOLDER_ID, SHARED, INPUT_MODEL_ID, OUTPUT_MODEL_ID, RESOURCE_ID, CREATE_TIME, CREATE_BY, LAST_UPDATE_BY, LAST_UPDATE_TIME) values ('0f3fb1d4-ccc6-4617-87dd-565651abfd6a','1657fe48-dc5a-4102-bf57-047e6309ea85','72cfca72-be9b-4d70-98c1-248692c42820',0,'Text Constant 1','Text Constant',null,0,null,null,null,{ts '2015-12-03 18:10:17.242'},null,null,{ts '2015-12-03 18:12:59.090'});
insert into METL_COMPONENT (ID, ROW_ID, PROJECT_VERSION_ID, DELETED, NAME, TYPE, FOLDER_ID, SHARED, INPUT_MODEL_ID, OUTPUT_MODEL_ID, RESOURCE_ID, CREATE_TIME, CREATE_BY, LAST_UPDATE_BY, LAST_UPDATE_TIME) values ('0ffeadf2-10e9-4aee-9142-10e95c5f6463','301c47bf-4913-496a-b551-9fb6507a2e7b','72cfca72-be9b-4d70-98c1-248692c42820',0,'Gate of Reckoning','Gate',null,0,null,null,null,{ts '2015-12-03 18:35:05.121'},null,null,{ts '2015-12-03 18:49:10.868'});
insert into METL_COMPONENT (ID, ROW_ID, PROJECT_VERSION_ID, DELETED, NAME, TYPE, FOLDER_ID, SHARED, INPUT_MODEL_ID, OUTPUT_MODEL_ID, RESOURCE_ID, CREATE_TIME, CREATE_BY, LAST_UPDATE_BY, LAST_UPDATE_TIME) values ('2494dfd9-71e4-4522-af36-d6ad2e7ca45b','40c9f1c9-e037-466a-bc4f-5034da89599e','72cfca72-be9b-4d70-98c1-248692c42820',0,'Gate','Gate',null,0,null,null,null,{ts '2015-12-03 18:01:02.642'},null,null,{ts '2015-12-03 18:19:13.806'});
insert into METL_COMPONENT (ID, ROW_ID, PROJECT_VERSION_ID, DELETED, NAME, TYPE, FOLDER_ID, SHARED, INPUT_MODEL_ID, OUTPUT_MODEL_ID, RESOURCE_ID, CREATE_TIME, CREATE_BY, LAST_UPDATE_BY, LAST_UPDATE_TIME) values ('49426c44-af34-4259-977f-6123edaea2d4','1a3fed21-bb7a-4cae-a33a-013b0108bbb8','72cfca72-be9b-4d70-98c1-248692c42820',0,'Nothing Doing','No Op',null,0,null,null,null,{ts '2015-12-03 18:33:26.808'},null,null,{ts '2015-12-03 18:48:38.941'});
insert into METL_COMPONENT (ID, ROW_ID, PROJECT_VERSION_ID, DELETED, NAME, TYPE, FOLDER_ID, SHARED, INPUT_MODEL_ID, OUTPUT_MODEL_ID, RESOURCE_ID, CREATE_TIME, CREATE_BY, LAST_UPDATE_BY, LAST_UPDATE_TIME) values ('56095a87-eaed-43c8-a8dc-cb26e0b65c1a','25f6d29b-b77c-4c85-a16f-86b63d13c79d','72cfca72-be9b-4d70-98c1-248692c42820',0,'Assert','Assert',null,0,null,null,null,{ts '2015-12-03 18:35:42.675'},null,null,{ts '2015-12-03 18:49:14.881'});
insert into METL_COMPONENT (ID, ROW_ID, PROJECT_VERSION_ID, DELETED, NAME, TYPE, FOLDER_ID, SHARED, INPUT_MODEL_ID, OUTPUT_MODEL_ID, RESOURCE_ID, CREATE_TIME, CREATE_BY, LAST_UPDATE_BY, LAST_UPDATE_TIME) values ('655bd932-afe4-4a21-9273-c3afb4bdfa89','2ab16fd7-78ad-43a7-9e29-9d0ff49857dd','72cfca72-be9b-4d70-98c1-248692c42820',0,'Choose 2nd Path Only','Content Router',null,0,null,null,null,{ts '2015-12-03 18:32:50.547'},null,null,{ts '2015-12-03 18:52:36.254'});
insert into METL_COMPONENT (ID, ROW_ID, PROJECT_VERSION_ID, DELETED, NAME, TYPE, FOLDER_ID, SHARED, INPUT_MODEL_ID, OUTPUT_MODEL_ID, RESOURCE_ID, CREATE_TIME, CREATE_BY, LAST_UPDATE_BY, LAST_UPDATE_TIME) values ('89e7ec22-3386-4162-b362-5b1df37fc76c','d7bebca3-ba11-48af-a5b9-ca55a0edf9c9','72cfca72-be9b-4d70-98c1-248692c42820',0,'Generate Messages','Text Constant',null,0,null,null,null,{ts '2015-12-03 18:33:09.504'},null,null,{ts '2015-12-03 18:48:45.989'});
insert into METL_COMPONENT (ID, ROW_ID, PROJECT_VERSION_ID, DELETED, NAME, TYPE, FOLDER_ID, SHARED, INPUT_MODEL_ID, OUTPUT_MODEL_ID, RESOURCE_ID, CREATE_TIME, CREATE_BY, LAST_UPDATE_BY, LAST_UPDATE_TIME) values ('aebe415e-64de-4377-ace2-4030188fb79c','accec221-f2c6-4033-8fbf-132abf0cfa7e','72cfca72-be9b-4d70-98c1-248692c42820',0,'Assert','Assert',null,0,null,null,null,{ts '2015-12-03 18:12:43.877'},null,null,{ts '2015-12-03 18:32:10.913'});
insert into METL_COMPONENT (ID, ROW_ID, PROJECT_VERSION_ID, DELETED, NAME, TYPE, FOLDER_ID, SHARED, INPUT_MODEL_ID, OUTPUT_MODEL_ID, RESOURCE_ID, CREATE_TIME, CREATE_BY, LAST_UPDATE_BY, LAST_UPDATE_TIME) values ('f795dc98-19f5-4fd7-bfb6-90038708700f','a59e9e93-79c2-48ec-aa22-a0f5b12e4896','72cfca72-be9b-4d70-98c1-248692c42820',0,'Script 1','Script',null,0,null,null,null,{ts '2015-12-03 18:12:23.423'},null,null,{ts '2015-12-03 18:12:59.091'});
insert into METL_COMPONENT (ID, ROW_ID, PROJECT_VERSION_ID, DELETED, NAME, TYPE, FOLDER_ID, SHARED, INPUT_MODEL_ID, OUTPUT_MODEL_ID, RESOURCE_ID, CREATE_TIME, CREATE_BY, LAST_UPDATE_BY, LAST_UPDATE_TIME) values ('fc1d2854-32f5-478e-9fc6-35d0afacc2f6','dbc511df-1e63-4954-80ce-73c66b6f2e42','72cfca72-be9b-4d70-98c1-248692c42820',0,'Text Constant 2','Text Constant',null,0,null,null,null,{ts '2015-12-03 18:10:30.102'},null,null,{ts '2015-12-03 18:12:59.093'});
insert into METL_COMPONENT_SETTING (ID, COMPONENT_ID, NAME, VALUE, CREATE_TIME, CREATE_BY, LAST_UPDATE_BY, LAST_UPDATE_TIME) values ('001278be-a192-4a2e-8b5e-77d9b588b7da','655bd932-afe4-4a21-9273-c3afb4bdfa89','config','[{"matchExpression":"1==0","targetStepId":"6ede3a46-7804-4164-a241-d52223f8130c"},{"matchExpression":"1==1","targetStepId":"94ab5096-a1b2-4d1d-b908-3fd2d541bdb4"}]',{ts '2015-12-03 18:33:57.314'},null,null,{ts '2015-12-03 18:52:36.255'});
insert into METL_COMPONENT_SETTING (ID, COMPONENT_ID, NAME, VALUE, CREATE_TIME, CREATE_BY, LAST_UPDATE_BY, LAST_UPDATE_TIME) values ('020a1bc6-7926-48ba-954a-b8952cbb544b','0f3fb1d4-ccc6-4617-87dd-565651abfd6a','rows.per.message','1',{ts '2015-12-03 18:11:35.762'},null,null,{ts '2015-12-03 18:12:59.090'});
insert into METL_COMPONENT_SETTING (ID, COMPONENT_ID, NAME, VALUE, CREATE_TIME, CREATE_BY, LAST_UPDATE_BY, LAST_UPDATE_TIME) values ('2a35ec64-f36e-49c7-8a43-691e65b5207d','f795dc98-19f5-4fd7-bfb6-90038708700f','imports','
def holder = []',{ts '2015-12-03 18:13:37.494'},null,null,{ts '2015-12-03 18:26:22.333'});
insert into METL_COMPONENT_SETTING (ID, COMPONENT_ID, NAME, VALUE, CREATE_TIME, CREATE_BY, LAST_UPDATE_BY, LAST_UPDATE_TIME) values ('2de319d8-5543-4106-b22d-07533da3a791','89e7ec22-3386-4162-b362-5b1df37fc76c','split.on.line.feed','true',{ts '2015-12-03 18:33:41.724'},null,null,{ts '2015-12-03 18:48:45.990'});
insert into METL_COMPONENT_SETTING (ID, COMPONENT_ID, NAME, VALUE, CREATE_TIME, CREATE_BY, LAST_UPDATE_BY, LAST_UPDATE_TIME) values ('3b48b514-8731-47fb-be9a-64753c80b0b1','aebe415e-64de-4377-ace2-4030188fb79c','expected.control.messages.count','1',{ts '2015-12-03 18:12:56.065'},null,null,{ts '2015-12-03 18:32:10.914'});
insert into METL_COMPONENT_SETTING (ID, COMPONENT_ID, NAME, VALUE, CREATE_TIME, CREATE_BY, LAST_UPDATE_BY, LAST_UPDATE_TIME) values ('522617f3-37fa-4e9c-b74a-009ac0f9999f','0ffeadf2-10e9-4aee-9142-10e95c5f6463','force.gate.open','true',{ts '2015-12-03 18:48:30.882'},null,null,{ts '2015-12-03 18:49:10.869'});
insert into METL_COMPONENT_SETTING (ID, COMPONENT_ID, NAME, VALUE, CREATE_TIME, CREATE_BY, LAST_UPDATE_BY, LAST_UPDATE_TIME) values ('579edba3-3469-46f7-86d8-a2f707b0fd62','fc1d2854-32f5-478e-9fc6-35d0afacc2f6','text','seven
eight
nine
ten',{ts '2015-12-03 18:11:14.050'},null,null,{ts '2015-12-03 18:31:51.056'});
insert into METL_COMPONENT_SETTING (ID, COMPONENT_ID, NAME, VALUE, CREATE_TIME, CREATE_BY, LAST_UPDATE_BY, LAST_UPDATE_TIME) values ('640fed4f-70db-4dee-9b17-bbdc78b0df26','56095a87-eaed-43c8-a8dc-cb26e0b65c1a','expected.control.messages.count','1',{ts '2015-12-03 18:35:53.126'},null,null,{ts '2015-12-03 18:49:14.882'});
insert into METL_COMPONENT_SETTING (ID, COMPONENT_ID, NAME, VALUE, CREATE_TIME, CREATE_BY, LAST_UPDATE_BY, LAST_UPDATE_TIME) values ('648563df-7582-4971-a11a-da9edb89c22d','2494dfd9-71e4-4522-af36-d6ad2e7ca45b','gate.control.source.step','a4340e86-e82c-4f6b-add2-b9edfd03e4f9',{ts '2015-12-03 18:11:46.856'},null,null,{ts '2015-12-03 18:19:13.807'});
insert into METL_COMPONENT_SETTING (ID, COMPONENT_ID, NAME, VALUE, CREATE_TIME, CREATE_BY, LAST_UPDATE_BY, LAST_UPDATE_TIME) values ('70bcdde9-cfec-412f-a890-e1ea5535cd93','f795dc98-19f5-4fd7-bfb6-90038708700f','handle.msg.script','if (inputMessage instanceof TextMessage) {
    holder.addAll(inputMessage.getPayload())
} else if (inputMessage instanceof ControlMessage) {
    def expected = [''seven'',''eight'',''nine'',''ten'']
    for (int i = 0; i < expected.size(); i++) {
        if (!expected[i].equals(holder[i])) {
            throw new AssertException("Expected ${expected} and received ${holder}.  The mismatch was ${expected[i]} and ${holder[i]}")    
        }
    }
}',{ts '2015-12-03 18:13:06.401'},null,null,{ts '2015-12-03 18:31:22.321'});
insert into METL_COMPONENT_SETTING (ID, COMPONENT_ID, NAME, VALUE, CREATE_TIME, CREATE_BY, LAST_UPDATE_BY, LAST_UPDATE_TIME) values ('7d509fa4-d5fd-468f-81ae-9acd69ad8720','fc1d2854-32f5-478e-9fc6-35d0afacc2f6','split.on.line.feed','true',{ts '2015-12-03 18:11:29.275'},null,null,{ts '2015-12-03 18:12:59.094'});
insert into METL_COMPONENT_SETTING (ID, COMPONENT_ID, NAME, VALUE, CREATE_TIME, CREATE_BY, LAST_UPDATE_BY, LAST_UPDATE_TIME) values ('8eaf239d-b037-4b41-a98d-d38a0a21547f','0ffeadf2-10e9-4aee-9142-10e95c5f6463','gate.control.source.step','6ede3a46-7804-4164-a241-d52223f8130c',{ts '2015-12-03 18:35:23.470'},null,null,{ts '2015-12-03 18:49:10.869'});
insert into METL_COMPONENT_SETTING (ID, COMPONENT_ID, NAME, VALUE, CREATE_TIME, CREATE_BY, LAST_UPDATE_BY, LAST_UPDATE_TIME) values ('aec67e78-2a84-4403-a2d6-77656ec83ff8','0ffeadf2-10e9-4aee-9142-10e95c5f6463','logInput','true',{ts '2015-12-03 18:51:11.487'},null,null,{ts '2015-12-03 18:51:11.487'});
insert into METL_COMPONENT_SETTING (ID, COMPONENT_ID, NAME, VALUE, CREATE_TIME, CREATE_BY, LAST_UPDATE_BY, LAST_UPDATE_TIME) values ('c1c6fae3-e037-46e8-84fa-5ad51671ad9e','0f3fb1d4-ccc6-4617-87dd-565651abfd6a','split.on.line.feed','true',{ts '2015-12-03 18:11:34.572'},null,null,{ts '2015-12-03 18:12:59.090'});
insert into METL_COMPONENT_SETTING (ID, COMPONENT_ID, NAME, VALUE, CREATE_TIME, CREATE_BY, LAST_UPDATE_BY, LAST_UPDATE_TIME) values ('c3d9c934-7686-4cb0-be0b-cce90c4814ad','f795dc98-19f5-4fd7-bfb6-90038708700f','init.script','',{ts '2015-12-03 18:13:15.062'},null,null,{ts '2015-12-03 18:13:34.735'});
insert into METL_COMPONENT_SETTING (ID, COMPONENT_ID, NAME, VALUE, CREATE_TIME, CREATE_BY, LAST_UPDATE_BY, LAST_UPDATE_TIME) values ('ccb7173f-962b-4e3e-817f-3b62d7e66eb1','56095a87-eaed-43c8-a8dc-cb26e0b65c1a','expected.text.messages.count','3',{ts '2015-12-03 18:35:50.759'},null,null,{ts '2015-12-03 18:49:14.882'});
insert into METL_COMPONENT_SETTING (ID, COMPONENT_ID, NAME, VALUE, CREATE_TIME, CREATE_BY, LAST_UPDATE_BY, LAST_UPDATE_TIME) values ('d25d2555-e6ba-4276-9c46-16104883ffc4','89e7ec22-3386-4162-b362-5b1df37fc76c','text','one
two
three',{ts '2015-12-03 18:33:35.691'},null,null,{ts '2015-12-03 18:48:45.990'});
insert into METL_COMPONENT_SETTING (ID, COMPONENT_ID, NAME, VALUE, CREATE_TIME, CREATE_BY, LAST_UPDATE_BY, LAST_UPDATE_TIME) values ('d2fe359f-ba67-4067-ac4e-249b396f176e','aebe415e-64de-4377-ace2-4030188fb79c','expected.text.messages.count','4',{ts '2015-12-03 18:12:53.013'},null,null,{ts '2015-12-03 18:32:14.600'});
insert into METL_COMPONENT_SETTING (ID, COMPONENT_ID, NAME, VALUE, CREATE_TIME, CREATE_BY, LAST_UPDATE_BY, LAST_UPDATE_TIME) values ('d4c351a8-df58-4457-8ca5-ef3cc8287d09','0f3fb1d4-ccc6-4617-87dd-565651abfd6a','text','one
two
three
four
five
six',{ts '2015-12-03 18:10:59.401'},null,null,{ts '2015-12-03 18:12:59.090'});
insert into METL_COMPONENT_SETTING (ID, COMPONENT_ID, NAME, VALUE, CREATE_TIME, CREATE_BY, LAST_UPDATE_BY, LAST_UPDATE_TIME) values ('d9828c02-3e21-4822-a48f-e9eba2f5dc56','89e7ec22-3386-4162-b362-5b1df37fc76c','rows.per.message','1',{ts '2015-12-03 18:33:43.290'},null,null,{ts '2015-12-03 18:48:45.991'});
insert into METL_COMPONENT_SETTING (ID, COMPONENT_ID, NAME, VALUE, CREATE_TIME, CREATE_BY, LAST_UPDATE_BY, LAST_UPDATE_TIME) values ('dd6bac1a-401f-471b-96d0-888a4ad3fb6a','fc1d2854-32f5-478e-9fc6-35d0afacc2f6','rows.per.message','1',{ts '2015-12-03 18:11:31.472'},null,null,{ts '2015-12-03 18:12:59.094'});
insert into METL_FLOW (ID, ROW_ID, PROJECT_VERSION_ID, DELETED, NAME, FOLDER_ID, CREATE_TIME, CREATE_BY, LAST_UPDATE_BY, LAST_UPDATE_TIME, TEST) values ('41f39e0c-2e80-4352-aac5-d106c2f7562a','99da7d38-ccba-4e3f-a4d2-ab0d18dc81c9','72cfca72-be9b-4d70-98c1-248692c42820',0,'Test Normal Gate',null,{ts '2015-12-03 18:00:43.444'},null,null,{ts '2015-12-03 18:12:59.089'},1);
insert into METL_FLOW (ID, ROW_ID, PROJECT_VERSION_ID, DELETED, NAME, FOLDER_ID, CREATE_TIME, CREATE_BY, LAST_UPDATE_BY, LAST_UPDATE_TIME, TEST) values ('74bc1013-356b-4578-80d6-0f0976f7d2e6','7ddf56fa-1279-4c5c-b6e4-06ed0be5763a','72cfca72-be9b-4d70-98c1-248692c42820',0,'Test Gate That Doesn''t Have Any Source Messages',null,{ts '2015-12-03 18:32:22.445'},null,null,{ts '2015-12-03 18:48:20.320'},1);
insert into METL_FLOW_STEP (ID, FLOW_ID, COMPONENT_ID, X, Y, APPROXIMATE_ORDER, CREATE_TIME, CREATE_BY, LAST_UPDATE_BY, LAST_UPDATE_TIME) values ('2f6c4aae-1662-498e-9cb0-6441722eba67','41f39e0c-2e80-4352-aac5-d106c2f7562a','2494dfd9-71e4-4522-af36-d6ad2e7ca45b',330,90,5,{ts '2015-12-03 18:01:02.642'},null,null,{ts '2015-12-03 18:12:59.091'});
insert into METL_FLOW_STEP (ID, FLOW_ID, COMPONENT_ID, X, Y, APPROXIMATE_ORDER, CREATE_TIME, CREATE_BY, LAST_UPDATE_BY, LAST_UPDATE_TIME) values ('6ede3a46-7804-4164-a241-d52223f8130c','74bc1013-356b-4578-80d6-0f0976f7d2e6','49426c44-af34-4259-977f-6123edaea2d4',310,20,1,{ts '2015-12-03 18:33:26.808'},null,null,{ts '2015-12-03 18:48:20.324'});
insert into METL_FLOW_STEP (ID, FLOW_ID, COMPONENT_ID, X, Y, APPROXIMATE_ORDER, CREATE_TIME, CREATE_BY, LAST_UPDATE_BY, LAST_UPDATE_TIME) values ('73a256fb-90ea-4b6e-81df-55d67fef9b28','74bc1013-356b-4578-80d6-0f0976f7d2e6','56095a87-eaed-43c8-a8dc-cb26e0b65c1a',670,90,5,{ts '2015-12-03 18:35:42.675'},null,null,{ts '2015-12-03 18:48:20.326'});
insert into METL_FLOW_STEP (ID, FLOW_ID, COMPONENT_ID, X, Y, APPROXIMATE_ORDER, CREATE_TIME, CREATE_BY, LAST_UPDATE_BY, LAST_UPDATE_TIME) values ('90b518eb-22c1-4e27-99cd-317e9b853c6a','74bc1013-356b-4578-80d6-0f0976f7d2e6','655bd932-afe4-4a21-9273-c3afb4bdfa89',110,90,0,{ts '2015-12-03 18:32:50.547'},null,null,{ts '2015-12-03 18:52:36.255'});
insert into METL_FLOW_STEP (ID, FLOW_ID, COMPONENT_ID, X, Y, APPROXIMATE_ORDER, CREATE_TIME, CREATE_BY, LAST_UPDATE_BY, LAST_UPDATE_TIME) values ('94ab5096-a1b2-4d1d-b908-3fd2d541bdb4','74bc1013-356b-4578-80d6-0f0976f7d2e6','89e7ec22-3386-4162-b362-5b1df37fc76c',310,150,3,{ts '2015-12-03 18:33:09.504'},null,null,{ts '2015-12-03 18:48:20.323'});
insert into METL_FLOW_STEP (ID, FLOW_ID, COMPONENT_ID, X, Y, APPROXIMATE_ORDER, CREATE_TIME, CREATE_BY, LAST_UPDATE_BY, LAST_UPDATE_TIME) values ('97b52f2d-f9dc-4c14-8d0a-a9dc10684876','41f39e0c-2e80-4352-aac5-d106c2f7562a','fc1d2854-32f5-478e-9fc6-35d0afacc2f6',60,160,4,{ts '2015-12-03 18:10:30.102'},null,null,{ts '2015-12-03 18:12:59.094'});
insert into METL_FLOW_STEP (ID, FLOW_ID, COMPONENT_ID, X, Y, APPROXIMATE_ORDER, CREATE_TIME, CREATE_BY, LAST_UPDATE_BY, LAST_UPDATE_TIME) values ('a4340e86-e82c-4f6b-add2-b9edfd03e4f9','41f39e0c-2e80-4352-aac5-d106c2f7562a','0f3fb1d4-ccc6-4617-87dd-565651abfd6a',60,30,0,{ts '2015-12-03 18:10:17.243'},null,null,{ts '2015-12-03 18:12:59.090'});
insert into METL_FLOW_STEP (ID, FLOW_ID, COMPONENT_ID, X, Y, APPROXIMATE_ORDER, CREATE_TIME, CREATE_BY, LAST_UPDATE_BY, LAST_UPDATE_TIME) values ('b4c052f0-06e3-4297-a461-2638a0a7e624','74bc1013-356b-4578-80d6-0f0976f7d2e6','0ffeadf2-10e9-4aee-9142-10e95c5f6463',500,90,4,{ts '2015-12-03 18:35:05.121'},null,null,{ts '2015-12-03 18:48:20.324'});
insert into METL_FLOW_STEP (ID, FLOW_ID, COMPONENT_ID, X, Y, APPROXIMATE_ORDER, CREATE_TIME, CREATE_BY, LAST_UPDATE_BY, LAST_UPDATE_TIME) values ('ecbb08f0-c8de-4132-af96-c5b30adfb706','41f39e0c-2e80-4352-aac5-d106c2f7562a','f795dc98-19f5-4fd7-bfb6-90038708700f',620,90,3,{ts '2015-12-03 18:12:23.423'},null,null,{ts '2015-12-03 18:12:59.091'});
insert into METL_FLOW_STEP (ID, FLOW_ID, COMPONENT_ID, X, Y, APPROXIMATE_ORDER, CREATE_TIME, CREATE_BY, LAST_UPDATE_BY, LAST_UPDATE_TIME) values ('f6909c5f-a443-4e7d-8671-7e77ea605814','41f39e0c-2e80-4352-aac5-d106c2f7562a','aebe415e-64de-4377-ace2-4030188fb79c',480,90,6,{ts '2015-12-03 18:12:43.877'},null,null,{ts '2015-12-03 18:32:10.914'});
insert into METL_FLOW_STEP_LINK (SOURCE_STEP_ID, TARGET_STEP_ID, CREATE_TIME, CREATE_BY, LAST_UPDATE_BY, LAST_UPDATE_TIME) values ('2f6c4aae-1662-498e-9cb0-6441722eba67','f6909c5f-a443-4e7d-8671-7e77ea605814',{ts '2015-12-03 18:12:47.482'},null,null,{ts '2015-12-03 18:12:59.095'});
insert into METL_FLOW_STEP_LINK (SOURCE_STEP_ID, TARGET_STEP_ID, CREATE_TIME, CREATE_BY, LAST_UPDATE_BY, LAST_UPDATE_TIME) values ('6ede3a46-7804-4164-a241-d52223f8130c','b4c052f0-06e3-4297-a461-2638a0a7e624',{ts '2015-12-03 18:35:07.762'},null,null,{ts '2015-12-03 18:48:20.327'});
insert into METL_FLOW_STEP_LINK (SOURCE_STEP_ID, TARGET_STEP_ID, CREATE_TIME, CREATE_BY, LAST_UPDATE_BY, LAST_UPDATE_TIME) values ('90b518eb-22c1-4e27-99cd-317e9b853c6a','6ede3a46-7804-4164-a241-d52223f8130c',{ts '2015-12-03 18:33:29.607'},null,null,{ts '2015-12-03 18:48:20.326'});
insert into METL_FLOW_STEP_LINK (SOURCE_STEP_ID, TARGET_STEP_ID, CREATE_TIME, CREATE_BY, LAST_UPDATE_BY, LAST_UPDATE_TIME) values ('90b518eb-22c1-4e27-99cd-317e9b853c6a','94ab5096-a1b2-4d1d-b908-3fd2d541bdb4',{ts '2015-12-03 18:33:31.079'},null,null,{ts '2015-12-03 18:48:20.327'});
insert into METL_FLOW_STEP_LINK (SOURCE_STEP_ID, TARGET_STEP_ID, CREATE_TIME, CREATE_BY, LAST_UPDATE_BY, LAST_UPDATE_TIME) values ('94ab5096-a1b2-4d1d-b908-3fd2d541bdb4','b4c052f0-06e3-4297-a461-2638a0a7e624',{ts '2015-12-03 18:35:09.436'},null,null,{ts '2015-12-03 18:48:20.327'});
insert into METL_FLOW_STEP_LINK (SOURCE_STEP_ID, TARGET_STEP_ID, CREATE_TIME, CREATE_BY, LAST_UPDATE_BY, LAST_UPDATE_TIME) values ('97b52f2d-f9dc-4c14-8d0a-a9dc10684876','2f6c4aae-1662-498e-9cb0-6441722eba67',{ts '2015-12-03 18:10:55.453'},null,null,{ts '2015-12-03 18:12:59.094'});
insert into METL_FLOW_STEP_LINK (SOURCE_STEP_ID, TARGET_STEP_ID, CREATE_TIME, CREATE_BY, LAST_UPDATE_BY, LAST_UPDATE_TIME) values ('a4340e86-e82c-4f6b-add2-b9edfd03e4f9','2f6c4aae-1662-498e-9cb0-6441722eba67',{ts '2015-12-03 18:10:53.647'},null,null,{ts '2015-12-03 18:12:59.094'});
insert into METL_FLOW_STEP_LINK (SOURCE_STEP_ID, TARGET_STEP_ID, CREATE_TIME, CREATE_BY, LAST_UPDATE_BY, LAST_UPDATE_TIME) values ('b4c052f0-06e3-4297-a461-2638a0a7e624','73a256fb-90ea-4b6e-81df-55d67fef9b28',{ts '2015-12-03 18:48:20.320'},null,null,{ts '2015-12-03 18:48:20.328'});
insert into METL_FLOW_STEP_LINK (SOURCE_STEP_ID, TARGET_STEP_ID, CREATE_TIME, CREATE_BY, LAST_UPDATE_BY, LAST_UPDATE_TIME) values ('f6909c5f-a443-4e7d-8671-7e77ea605814','ecbb08f0-c8de-4132-af96-c5b30adfb706',{ts '2015-12-03 18:12:59.089'},null,null,{ts '2015-12-03 18:12:59.095'});
