DELETE FROM METL_FLOW_STEP_LINK WHERE SOURCE_STEP_ID IN (SELECT ID FROM METL_FLOW_STEP WHERE FLOW_ID IN (SELECT ID FROM METL_FLOW WHERE PROJECT_VERSION_ID='a27e7f8c-7ef5-4684-9041-a2fa5682b366' ));
DELETE FROM METL_FLOW_STEP WHERE FLOW_ID IN (SELECT ID FROM METL_FLOW WHERE PROJECT_VERSION_ID='a27e7f8c-7ef5-4684-9041-a2fa5682b366' );
DELETE FROM METL_FLOW_PARAMETER WHERE FLOW_ID IN (SELECT ID FROM METL_FLOW WHERE PROJECT_VERSION_ID='a27e7f8c-7ef5-4684-9041-a2fa5682b366' );
DELETE FROM METL_FLOW WHERE PROJECT_VERSION_ID='a27e7f8c-7ef5-4684-9041-a2fa5682b366' ;
DELETE FROM METL_COMPONENT_ATTRIBUTE_SETTING WHERE COMPONENT_ID IN (SELECT ID FROM METL_COMPONENT WHERE PROJECT_VERSION_ID='a27e7f8c-7ef5-4684-9041-a2fa5682b366' );
DELETE FROM METL_COMPONENT_ENTITY_SETTING WHERE COMPONENT_ID IN (SELECT ID FROM METL_COMPONENT WHERE PROJECT_VERSION_ID='a27e7f8c-7ef5-4684-9041-a2fa5682b366' );
DELETE FROM METL_COMPONENT_SETTING WHERE COMPONENT_ID IN (SELECT ID FROM METL_COMPONENT WHERE PROJECT_VERSION_ID='a27e7f8c-7ef5-4684-9041-a2fa5682b366' );
DELETE FROM METL_COMPONENT WHERE PROJECT_VERSION_ID='a27e7f8c-7ef5-4684-9041-a2fa5682b366' ;
DELETE FROM METL_RESOURCE_SETTING WHERE RESOURCE_ID IN (SELECT ID FROM METL_RESOURCE WHERE PROJECT_VERSION_ID='a27e7f8c-7ef5-4684-9041-a2fa5682b366' );
DELETE FROM METL_RESOURCE WHERE PROJECT_VERSION_ID='a27e7f8c-7ef5-4684-9041-a2fa5682b366' ;
DELETE FROM METL_MODEL_ATTRIBUTE WHERE ENTITY_ID IN (SELECT ID FROM METL_MODEL_ENTITY WHERE MODEL_ID in (SELECT ID FROM METL_MODEL WHERE PROJECT_VERSION_ID='a27e7f8c-7ef5-4684-9041-a2fa5682b366' ));
DELETE FROM METL_MODEL_ENTITY WHERE MODEL_ID in (SELECT ID FROM METL_MODEL WHERE PROJECT_VERSION_ID='a27e7f8c-7ef5-4684-9041-a2fa5682b366' );
DELETE FROM METL_MODEL WHERE PROJECT_VERSION_ID='a27e7f8c-7ef5-4684-9041-a2fa5682b366' ;
DELETE FROM METL_FOLDER WHERE PROJECT_VERSION_ID='a27e7f8c-7ef5-4684-9041-a2fa5682b366';
DELETE FROM METL_PROJECT_VERSION WHERE ID='a27e7f8c-7ef5-4684-9041-a2fa5682b366';
DELETE FROM METL_PROJECT WHERE ID='64e7dcaa-cab7-46ac-a431-abc49b4f9e3e';
insert into METL_PROJECT (ID, NAME, DESCRIPTION, DELETED, CREATE_TIME, CREATE_BY, LAST_UPDATE_BY, LAST_UPDATE_TIME) values ('64e7dcaa-cab7-46ac-a431-abc49b4f9e3e','Metl Tests','This project contains tests for Metl.  It is run during the build.',0,{ts '2015-11-16 08:41:59.956'},null,null,{ts '2015-11-16 08:42:41.336'});
insert into METL_PROJECT_VERSION (ID, VERSION_LABEL, PROJECT_ID, ORIG_VERSION_ID, DESCRIPTION, LOCKED, ARCHIVED, DELETED, CREATE_TIME, CREATE_BY, LAST_UPDATE_BY, LAST_UPDATE_TIME) values ('a27e7f8c-7ef5-4684-9041-a2fa5682b366','1.0','64e7dcaa-cab7-46ac-a431-abc49b4f9e3e',null,null,0,0,0,{ts '2015-11-16 08:41:59.956'},null,null,{ts '2015-11-16 08:41:59.958'});
insert into METL_MODEL (ID, ROW_ID, PROJECT_VERSION_ID, DELETED, NAME, SHARED, FOLDER_ID, CREATE_TIME, CREATE_BY, LAST_UPDATE_BY, LAST_UPDATE_TIME) values ('7d66e4dd-9434-4e43-9554-6ea871352e23','047302b7-0915-43be-a78e-2f95d4602588','a27e7f8c-7ef5-4684-9041-a2fa5682b366',0,'OneColumnEntity',0,null,{ts '2015-11-16 08:43:12.021'},null,null,{ts '2015-11-16 08:45:54.094'});
insert into METL_MODEL_ENTITY (ID, MODEL_ID, NAME, CREATE_TIME, CREATE_BY, LAST_UPDATE_BY, LAST_UPDATE_TIME) values ('79d82d44-97bc-4e11-9a32-da2469fdde91','7d66e4dd-9434-4e43-9554-6ea871352e23','OneColumnEntity',{ts '2015-11-16 08:43:29.158'},null,null,{ts '2015-11-16 08:43:44.274'});
insert into METL_MODEL_ATTRIBUTE (ID, ENTITY_ID, NAME, TYPE, TYPE_ENTITY_ID, PK, CREATE_TIME, CREATE_BY, LAST_UPDATE_BY, LAST_UPDATE_TIME) values ('281e88e6-ccdb-44b7-bad9-2c0676ef8ea4','79d82d44-97bc-4e11-9a32-da2469fdde91','Col1','VARCHAR',null,0,{ts '2015-11-16 08:43:34.318'},null,null,{ts '2015-11-16 08:43:37.613'});
insert into METL_COMPONENT (ID, ROW_ID, PROJECT_VERSION_ID, DELETED, NAME, TYPE, FOLDER_ID, SHARED, INPUT_MODEL_ID, OUTPUT_MODEL_ID, RESOURCE_ID, CREATE_TIME, CREATE_BY, LAST_UPDATE_BY, LAST_UPDATE_TIME) values ('1a5f050a-313b-43a8-b07f-f951d9fe175f','c8351396-486c-4037-9a75-a5ed07ab8162','a27e7f8c-7ef5-4684-9041-a2fa5682b366',0,'Assert 3','Assert',null,0,null,null,null,{ts '2015-11-16 08:47:39.576'},null,null,{ts '2015-11-16 09:04:56.035'});
insert into METL_COMPONENT (ID, ROW_ID, PROJECT_VERSION_ID, DELETED, NAME, TYPE, FOLDER_ID, SHARED, INPUT_MODEL_ID, OUTPUT_MODEL_ID, RESOURCE_ID, CREATE_TIME, CREATE_BY, LAST_UPDATE_BY, LAST_UPDATE_TIME) values ('2b6e4bfe-efca-481a-ac64-aead548e9f28','5d1b0b31-2750-485c-8589-29247ecb8a48','a27e7f8c-7ef5-4684-9041-a2fa5682b366',0,'Parse Delimited 1','Parse Delimited',null,0,null,'7d66e4dd-9434-4e43-9554-6ea871352e23',null,{ts '2015-11-16 08:45:32.228'},null,null,{ts '2015-11-16 09:05:10.769'});
insert into METL_COMPONENT (ID, ROW_ID, PROJECT_VERSION_ID, DELETED, NAME, TYPE, FOLDER_ID, SHARED, INPUT_MODEL_ID, OUTPUT_MODEL_ID, RESOURCE_ID, CREATE_TIME, CREATE_BY, LAST_UPDATE_BY, LAST_UPDATE_TIME) values ('351c36bb-eeb1-4f7b-9d4b-27a045a3bf03','d1e1f0b6-6210-4041-ae83-f137deef1ea3','a27e7f8c-7ef5-4684-9041-a2fa5682b366',0,'Assert 1','Assert',null,0,'7d66e4dd-9434-4e43-9554-6ea871352e23','7d66e4dd-9434-4e43-9554-6ea871352e23',null,{ts '2015-11-16 08:47:28.795'},null,null,{ts '2015-11-16 09:04:59.845'});
insert into METL_COMPONENT (ID, ROW_ID, PROJECT_VERSION_ID, DELETED, NAME, TYPE, FOLDER_ID, SHARED, INPUT_MODEL_ID, OUTPUT_MODEL_ID, RESOURCE_ID, CREATE_TIME, CREATE_BY, LAST_UPDATE_BY, LAST_UPDATE_TIME) values ('62f7304a-d8a1-47af-a7cc-314665856519','f5dddd87-aa3e-4308-8bb2-091dbcfcdaa9','a27e7f8c-7ef5-4684-9041-a2fa5682b366',0,'Parse Fixed 1','Parse Fixed',null,0,null,'7d66e4dd-9434-4e43-9554-6ea871352e23',null,{ts '2015-11-16 08:45:29.852'},null,null,{ts '2015-11-16 09:05:12.459'});
insert into METL_COMPONENT (ID, ROW_ID, PROJECT_VERSION_ID, DELETED, NAME, TYPE, FOLDER_ID, SHARED, INPUT_MODEL_ID, OUTPUT_MODEL_ID, RESOURCE_ID, CREATE_TIME, CREATE_BY, LAST_UPDATE_BY, LAST_UPDATE_TIME) values ('73f3b9e1-bd00-4efd-a3f5-38dc0d4a9833','50670d06-2efd-405c-ab20-8c5fcefed011','a27e7f8c-7ef5-4684-9041-a2fa5682b366',0,'Delay 1','Delay',null,0,null,null,null,{ts '2015-11-16 09:04:51.221'},null,null,{ts '2015-11-16 09:05:19.240'});
insert into METL_COMPONENT (ID, ROW_ID, PROJECT_VERSION_ID, DELETED, NAME, TYPE, FOLDER_ID, SHARED, INPUT_MODEL_ID, OUTPUT_MODEL_ID, RESOURCE_ID, CREATE_TIME, CREATE_BY, LAST_UPDATE_BY, LAST_UPDATE_TIME) values ('87fd67ba-bb2d-4c07-bcf2-d9c46239c447','3e0136c0-745d-417d-ab70-d37ff299dfda','a27e7f8c-7ef5-4684-9041-a2fa5682b366',0,'No Op 2','No Op',null,0,null,null,null,{ts '2015-11-16 09:08:25.066'},null,null,{ts '2015-11-16 09:09:08.870'});
insert into METL_COMPONENT (ID, ROW_ID, PROJECT_VERSION_ID, DELETED, NAME, TYPE, FOLDER_ID, SHARED, INPUT_MODEL_ID, OUTPUT_MODEL_ID, RESOURCE_ID, CREATE_TIME, CREATE_BY, LAST_UPDATE_BY, LAST_UPDATE_TIME) values ('91097ec1-aa64-4952-b35d-03fa31e46765','95dfe2e2-0e8b-4437-ac6f-059deefe5692','a27e7f8c-7ef5-4684-9041-a2fa5682b366',0,'Last Unit of Work 1','Last Unit of Work',null,0,'7d66e4dd-9434-4e43-9554-6ea871352e23',null,null,{ts '2015-11-16 08:46:56.784'},null,null,{ts '2015-11-16 09:04:58.284'});
insert into METL_COMPONENT (ID, ROW_ID, PROJECT_VERSION_ID, DELETED, NAME, TYPE, FOLDER_ID, SHARED, INPUT_MODEL_ID, OUTPUT_MODEL_ID, RESOURCE_ID, CREATE_TIME, CREATE_BY, LAST_UPDATE_BY, LAST_UPDATE_TIME) values ('b4073e92-2cfa-45e8-a447-dcfb41e9e816','761a5820-621e-4cb3-a245-c3013aee422e','a27e7f8c-7ef5-4684-9041-a2fa5682b366',0,'No Op 1','No Op',null,0,null,null,null,{ts '2015-11-16 09:08:23.338'},null,null,{ts '2015-11-16 09:09:08.870'});
insert into METL_COMPONENT (ID, ROW_ID, PROJECT_VERSION_ID, DELETED, NAME, TYPE, FOLDER_ID, SHARED, INPUT_MODEL_ID, OUTPUT_MODEL_ID, RESOURCE_ID, CREATE_TIME, CREATE_BY, LAST_UPDATE_BY, LAST_UPDATE_TIME) values ('b6f62fb2-0fb3-40fb-bffb-642018dc267c','e0382881-ad44-4291-9d66-956491b0b6bb','a27e7f8c-7ef5-4684-9041-a2fa5682b366',0,'Assert 2','Assert',null,0,'7d66e4dd-9434-4e43-9554-6ea871352e23','7d66e4dd-9434-4e43-9554-6ea871352e23',null,{ts '2015-11-16 08:47:34.738'},null,null,{ts '2015-11-16 09:05:01.739'});
insert into METL_COMPONENT (ID, ROW_ID, PROJECT_VERSION_ID, DELETED, NAME, TYPE, FOLDER_ID, SHARED, INPUT_MODEL_ID, OUTPUT_MODEL_ID, RESOURCE_ID, CREATE_TIME, CREATE_BY, LAST_UPDATE_BY, LAST_UPDATE_TIME) values ('bed44be7-d081-4a66-a6e7-a38751282f53','05358e06-be08-4d8b-9ad0-ef0c0580f217','a27e7f8c-7ef5-4684-9041-a2fa5682b366',0,'Text Constant 2','Text Constant',null,0,null,null,null,{ts '2015-11-16 08:44:03.102'},null,null,{ts '2015-11-16 09:05:16.625'});
insert into METL_COMPONENT (ID, ROW_ID, PROJECT_VERSION_ID, DELETED, NAME, TYPE, FOLDER_ID, SHARED, INPUT_MODEL_ID, OUTPUT_MODEL_ID, RESOURCE_ID, CREATE_TIME, CREATE_BY, LAST_UPDATE_BY, LAST_UPDATE_TIME) values ('c33e7448-d69c-44ab-a150-d7fda0123e16','c08bf05a-6ea0-4a9f-9d87-50bcaa25a376','a27e7f8c-7ef5-4684-9041-a2fa5682b366',0,'Assert 1','Assert',null,0,null,null,null,{ts '2015-11-16 09:09:05.939'},null,null,{ts '2015-11-16 09:09:09.701'});
insert into METL_COMPONENT (ID, ROW_ID, PROJECT_VERSION_ID, DELETED, NAME, TYPE, FOLDER_ID, SHARED, INPUT_MODEL_ID, OUTPUT_MODEL_ID, RESOURCE_ID, CREATE_TIME, CREATE_BY, LAST_UPDATE_BY, LAST_UPDATE_TIME) values ('cfbdf8b6-29ba-442f-9e46-2ff85afa09d6','39332651-ef64-49f5-b2a5-e807f6ca5a68','a27e7f8c-7ef5-4684-9041-a2fa5682b366',0,'No Op 3','No Op',null,0,null,null,null,{ts '2015-11-16 09:08:27.106'},null,null,{ts '2015-11-16 09:09:08.871'});
insert into METL_COMPONENT (ID, ROW_ID, PROJECT_VERSION_ID, DELETED, NAME, TYPE, FOLDER_ID, SHARED, INPUT_MODEL_ID, OUTPUT_MODEL_ID, RESOURCE_ID, CREATE_TIME, CREATE_BY, LAST_UPDATE_BY, LAST_UPDATE_TIME) values ('d5795929-3c9d-46c9-ae70-e889c6f03982','cbd51461-fa1a-47a6-b4d8-35656cf8a3a5','a27e7f8c-7ef5-4684-9041-a2fa5682b366',0,'No Op 4','No Op',null,0,null,null,null,{ts '2015-11-16 09:08:30.713'},null,null,{ts '2015-11-16 09:09:08.871'});
insert into METL_COMPONENT (ID, ROW_ID, PROJECT_VERSION_ID, DELETED, NAME, TYPE, FOLDER_ID, SHARED, INPUT_MODEL_ID, OUTPUT_MODEL_ID, RESOURCE_ID, CREATE_TIME, CREATE_BY, LAST_UPDATE_BY, LAST_UPDATE_TIME) values ('f33f62f0-459f-44de-81d5-2050c5b36a5a','41c36554-a31e-402d-b59b-24d9f4681ada','a27e7f8c-7ef5-4684-9041-a2fa5682b366',0,'Text Constant 1','Text Constant',null,0,null,null,null,{ts '2015-11-16 08:44:00.426'},null,null,{ts '2015-11-16 09:05:14.065'});
insert into METL_COMPONENT_SETTING (ID, COMPONENT_ID, NAME, VALUE, CREATE_TIME, CREATE_BY, LAST_UPDATE_BY, LAST_UPDATE_TIME) values ('287ffe49-4094-4601-b66b-5ec8094a0df1','f33f62f0-459f-44de-81d5-2050c5b36a5a','split.on.line.feed','true',{ts '2015-11-16 08:44:53.189'},null,null,{ts '2015-11-16 09:05:14.066'});
insert into METL_COMPONENT_SETTING (ID, COMPONENT_ID, NAME, VALUE, CREATE_TIME, CREATE_BY, LAST_UPDATE_BY, LAST_UPDATE_TIME) values ('5c7fe326-63ee-4f0d-80d8-9eabf0fb693e','351c36bb-eeb1-4f7b-9d4b-27a045a3bf03','expected.text.messages.count','0',{ts '2015-11-16 08:47:54.590'},null,null,{ts '2015-11-16 09:04:59.845'});
insert into METL_COMPONENT_SETTING (ID, COMPONENT_ID, NAME, VALUE, CREATE_TIME, CREATE_BY, LAST_UPDATE_BY, LAST_UPDATE_TIME) values ('71152070-6117-4430-bd51-a1f39edf5815','b6f62fb2-0fb3-40fb-bffb-642018dc267c','expected.text.messages.count','0',{ts '2015-11-16 08:48:00.972'},null,null,{ts '2015-11-16 09:05:01.739'});
insert into METL_COMPONENT_SETTING (ID, COMPONENT_ID, NAME, VALUE, CREATE_TIME, CREATE_BY, LAST_UPDATE_BY, LAST_UPDATE_TIME) values ('7f9c9c4e-10aa-4dbb-a2d5-5dce6ab59258','bed44be7-d081-4a66-a6e7-a38751282f53','split.on.line.feed','true',{ts '2015-11-16 08:44:57.642'},null,null,{ts '2015-11-16 09:05:16.626'});
insert into METL_COMPONENT_SETTING (ID, COMPONENT_ID, NAME, VALUE, CREATE_TIME, CREATE_BY, LAST_UPDATE_BY, LAST_UPDATE_TIME) values ('842fde54-2190-4f9d-8ed6-ea3355a15f6f','1a5f050a-313b-43a8-b07f-f951d9fe175f','expected.text.messages.count','0',{ts '2015-11-16 08:48:08.093'},null,null,{ts '2015-11-16 09:04:56.036'});
insert into METL_COMPONENT_SETTING (ID, COMPONENT_ID, NAME, VALUE, CREATE_TIME, CREATE_BY, LAST_UPDATE_BY, LAST_UPDATE_TIME) values ('9d0e564c-b4bb-421a-8510-5f72b49d033e','c33e7448-d69c-44ab-a150-d7fda0123e16','expected.entity.messages.count','0',{ts '2015-11-16 09:09:13.446'},null,null,{ts '2015-11-16 09:09:13.446'});
insert into METL_COMPONENT_SETTING (ID, COMPONENT_ID, NAME, VALUE, CREATE_TIME, CREATE_BY, LAST_UPDATE_BY, LAST_UPDATE_TIME) values ('b2c634df-7028-4d5c-a5b6-01acbe0c4707','bed44be7-d081-4a66-a6e7-a38751282f53','text','Ernie',{ts '2015-11-16 08:44:35.662'},null,null,{ts '2015-11-16 09:05:16.626'});
insert into METL_COMPONENT_SETTING (ID, COMPONENT_ID, NAME, VALUE, CREATE_TIME, CREATE_BY, LAST_UPDATE_BY, LAST_UPDATE_TIME) values ('c565b527-1fa1-439f-a9c4-5cecb068801d','1a5f050a-313b-43a8-b07f-f951d9fe175f','expected.entity.messages.count','0',{ts '2015-11-16 08:48:06.843'},null,null,{ts '2015-11-16 09:04:56.037'});
insert into METL_COMPONENT_SETTING (ID, COMPONENT_ID, NAME, VALUE, CREATE_TIME, CREATE_BY, LAST_UPDATE_BY, LAST_UPDATE_TIME) values ('c88e8ac0-b4e3-4315-beae-b0012aebeec0','1a5f050a-313b-43a8-b07f-f951d9fe175f','expected.control.messages.count','1',{ts '2015-11-16 08:48:09.769'},null,null,{ts '2015-11-16 09:04:56.036'});
insert into METL_COMPONENT_SETTING (ID, COMPONENT_ID, NAME, VALUE, CREATE_TIME, CREATE_BY, LAST_UPDATE_BY, LAST_UPDATE_TIME) values ('ca3fa823-1839-45c4-9757-14cfde9bb696','f33f62f0-459f-44de-81d5-2050c5b36a5a','text','Bert',{ts '2015-11-16 08:44:10.137'},null,null,{ts '2015-11-16 09:05:14.066'});
insert into METL_COMPONENT_SETTING (ID, COMPONENT_ID, NAME, VALUE, CREATE_TIME, CREATE_BY, LAST_UPDATE_BY, LAST_UPDATE_TIME) values ('ea65d7da-a481-45f0-8269-e01b5bc37de0','c33e7448-d69c-44ab-a150-d7fda0123e16','expected.text.messages.count','0',{ts '2015-11-16 09:09:14.583'},null,null,{ts '2015-11-16 09:09:14.583'});
insert into METL_COMPONENT_ATTRIBUTE_SETTING (ID, COMPONENT_ID, ATTRIBUTE_ID, NAME, VALUE, CREATE_TIME, CREATE_BY, LAST_UPDATE_BY, LAST_UPDATE_TIME) values ('0c50c311-9b08-4dac-aea0-697641e6902e','62f7304a-d8a1-47af-a7cc-314665856519','281e88e6-ccdb-44b7-bad9-2c0676ef8ea4','fixed.length.formatter.attribute.ordinal','1',{ts '2015-11-16 08:46:11.882'},null,null,{ts '2015-11-16 09:05:12.459'});
insert into METL_COMPONENT_ATTRIBUTE_SETTING (ID, COMPONENT_ID, ATTRIBUTE_ID, NAME, VALUE, CREATE_TIME, CREATE_BY, LAST_UPDATE_BY, LAST_UPDATE_TIME) values ('7c682f9a-8251-44b4-b260-5bb2fcdef2fc','62f7304a-d8a1-47af-a7cc-314665856519','281e88e6-ccdb-44b7-bad9-2c0676ef8ea4','fixed.length.formatter.attribute.format.function','',{ts '2015-11-16 08:46:11.883'},null,null,{ts '2015-11-16 09:05:12.459'});
insert into METL_COMPONENT_ATTRIBUTE_SETTING (ID, COMPONENT_ID, ATTRIBUTE_ID, NAME, VALUE, CREATE_TIME, CREATE_BY, LAST_UPDATE_BY, LAST_UPDATE_TIME) values ('8d858640-f464-4afe-b36e-52822ded7394','62f7304a-d8a1-47af-a7cc-314665856519','281e88e6-ccdb-44b7-bad9-2c0676ef8ea4','fixed.length.formatter.attribute.length','100',{ts '2015-11-16 08:46:11.883'},null,null,{ts '2015-11-16 09:05:12.459'});
insert into METL_COMPONENT_ATTRIBUTE_SETTING (ID, COMPONENT_ID, ATTRIBUTE_ID, NAME, VALUE, CREATE_TIME, CREATE_BY, LAST_UPDATE_BY, LAST_UPDATE_TIME) values ('e033e023-3842-48a6-80b4-f835524478a4','2b6e4bfe-efca-481a-ac64-aead548e9f28','281e88e6-ccdb-44b7-bad9-2c0676ef8ea4','delimited.formatter.attribute.format.function','',{ts '2015-11-16 08:46:05.548'},null,null,{ts '2015-11-16 09:05:10.770'});
insert into METL_COMPONENT_ATTRIBUTE_SETTING (ID, COMPONENT_ID, ATTRIBUTE_ID, NAME, VALUE, CREATE_TIME, CREATE_BY, LAST_UPDATE_BY, LAST_UPDATE_TIME) values ('f52a99c9-0f57-4627-b59b-9adb1939c7a9','2b6e4bfe-efca-481a-ac64-aead548e9f28','281e88e6-ccdb-44b7-bad9-2c0676ef8ea4','delimited.formatter.attribute.ordinal','1',{ts '2015-11-16 08:46:05.546'},null,null,{ts '2015-11-16 09:05:10.770'});
insert into METL_FLOW (ID, ROW_ID, PROJECT_VERSION_ID, DELETED, NAME, FOLDER_ID, CREATE_TIME, CREATE_BY, LAST_UPDATE_BY, LAST_UPDATE_TIME, TEST) values ('4fb216c3-a39d-43c7-94fe-86bc359b5d00','bdf091d9-7016-4411-a1d6-b743080a7b9a','a27e7f8c-7ef5-4684-9041-a2fa5682b366',0,'NoOp - Validate Number of Messages',null,{ts '2015-11-16 09:07:52.906'},null,null,{ts '2015-11-16 09:09:08.869'},1);
insert into METL_FLOW (ID, ROW_ID, PROJECT_VERSION_ID, DELETED, NAME, FOLDER_ID, CREATE_TIME, CREATE_BY, LAST_UPDATE_BY, LAST_UPDATE_TIME, TEST) values ('ecc40789-3f16-4769-aa80-df94b1471865','77256fee-9834-458d-a42f-cb67a2c0500b','a27e7f8c-7ef5-4684-9041-a2fa5682b366',0,'Last Unit Of Work',null,{ts '2015-11-16 08:42:53.890'},null,null,{ts '2015-11-16 09:04:53.281'},1);
insert into METL_FLOW_STEP (ID, FLOW_ID, COMPONENT_ID, X, Y, APPROXIMATE_ORDER, CREATE_TIME, CREATE_BY, LAST_UPDATE_BY, LAST_UPDATE_TIME) values ('02bf871d-3e36-41f0-ae1c-94671fab7bf4','ecc40789-3f16-4769-aa80-df94b1471865','bed44be7-d081-4a66-a6e7-a38751282f53',180,180,6,{ts '2015-11-16 08:44:03.102'},null,null,{ts '2015-11-16 09:05:16.626'});
insert into METL_FLOW_STEP (ID, FLOW_ID, COMPONENT_ID, X, Y, APPROXIMATE_ORDER, CREATE_TIME, CREATE_BY, LAST_UPDATE_BY, LAST_UPDATE_TIME) values ('0e4ee0a0-16d1-4432-957a-1a395ce309a5','4fb216c3-a39d-43c7-94fe-86bc359b5d00','c33e7448-d69c-44ab-a150-d7fda0123e16',630,40,4,{ts '2015-11-16 09:09:05.939'},null,null,{ts '2015-11-16 09:09:09.701'});
insert into METL_FLOW_STEP (ID, FLOW_ID, COMPONENT_ID, X, Y, APPROXIMATE_ORDER, CREATE_TIME, CREATE_BY, LAST_UPDATE_BY, LAST_UPDATE_TIME) values ('4c6e66fd-fd9a-4f73-9b6a-675e6d51e10d','ecc40789-3f16-4769-aa80-df94b1471865','91097ec1-aa64-4952-b35d-03fa31e46765',670,120,9,{ts '2015-11-16 08:46:56.784'},null,null,{ts '2015-11-16 09:04:58.284'});
insert into METL_FLOW_STEP (ID, FLOW_ID, COMPONENT_ID, X, Y, APPROXIMATE_ORDER, CREATE_TIME, CREATE_BY, LAST_UPDATE_BY, LAST_UPDATE_TIME) values ('50d01c21-79df-427f-9e0a-3a8655de22d4','ecc40789-3f16-4769-aa80-df94b1471865','b6f62fb2-0fb3-40fb-bffb-642018dc267c',460,180,8,{ts '2015-11-16 08:47:34.738'},null,null,{ts '2015-11-16 09:05:01.740'});
insert into METL_FLOW_STEP (ID, FLOW_ID, COMPONENT_ID, X, Y, APPROXIMATE_ORDER, CREATE_TIME, CREATE_BY, LAST_UPDATE_BY, LAST_UPDATE_TIME) values ('66407b97-c2f2-455a-9fb3-b5009b3f01b3','4fb216c3-a39d-43c7-94fe-86bc359b5d00','87fd67ba-bb2d-4c07-bcf2-d9c46239c447',210,40,1,{ts '2015-11-16 09:08:25.066'},null,null,{ts '2015-11-16 09:09:08.870'});
insert into METL_FLOW_STEP (ID, FLOW_ID, COMPONENT_ID, X, Y, APPROXIMATE_ORDER, CREATE_TIME, CREATE_BY, LAST_UPDATE_BY, LAST_UPDATE_TIME) values ('697b325d-3e24-4f42-9272-2872b127cabc','ecc40789-3f16-4769-aa80-df94b1471865','f33f62f0-459f-44de-81d5-2050c5b36a5a',180,60,0,{ts '2015-11-16 08:44:00.427'},null,null,{ts '2015-11-16 09:05:14.066'});
insert into METL_FLOW_STEP (ID, FLOW_ID, COMPONENT_ID, X, Y, APPROXIMATE_ORDER, CREATE_TIME, CREATE_BY, LAST_UPDATE_BY, LAST_UPDATE_TIME) values ('94c1a8f3-8a41-47df-9547-76985b0d191f','ecc40789-3f16-4769-aa80-df94b1471865','2b6e4bfe-efca-481a-ac64-aead548e9f28',320,180,7,{ts '2015-11-16 08:45:32.228'},null,null,{ts '2015-11-16 09:05:10.770'});
insert into METL_FLOW_STEP (ID, FLOW_ID, COMPONENT_ID, X, Y, APPROXIMATE_ORDER, CREATE_TIME, CREATE_BY, LAST_UPDATE_BY, LAST_UPDATE_TIME) values ('aa1dcf61-4b47-4854-a1c0-fa9a9e2017f6','ecc40789-3f16-4769-aa80-df94b1471865','1a5f050a-313b-43a8-b07f-f951d9fe175f',820,120,10,{ts '2015-11-16 08:47:39.576'},null,null,{ts '2015-11-16 09:04:56.037'});
insert into METL_FLOW_STEP (ID, FLOW_ID, COMPONENT_ID, X, Y, APPROXIMATE_ORDER, CREATE_TIME, CREATE_BY, LAST_UPDATE_BY, LAST_UPDATE_TIME) values ('b5852c0c-2c26-4f2d-bfac-ab908f8e1d59','4fb216c3-a39d-43c7-94fe-86bc359b5d00','cfbdf8b6-29ba-442f-9e46-2ff85afa09d6',350,40,2,{ts '2015-11-16 09:08:27.106'},null,null,{ts '2015-11-16 09:09:08.871'});
insert into METL_FLOW_STEP (ID, FLOW_ID, COMPONENT_ID, X, Y, APPROXIMATE_ORDER, CREATE_TIME, CREATE_BY, LAST_UPDATE_BY, LAST_UPDATE_TIME) values ('bcbed241-427f-44e2-87d8-30d9b637c5c0','4fb216c3-a39d-43c7-94fe-86bc359b5d00','b4073e92-2cfa-45e8-a447-dcfb41e9e816',60,40,0,{ts '2015-11-16 09:08:23.338'},null,null,{ts '2015-11-16 09:09:08.870'});
insert into METL_FLOW_STEP (ID, FLOW_ID, COMPONENT_ID, X, Y, APPROXIMATE_ORDER, CREATE_TIME, CREATE_BY, LAST_UPDATE_BY, LAST_UPDATE_TIME) values ('d84c8326-f15e-4e7e-a0de-34803bb9f765','ecc40789-3f16-4769-aa80-df94b1471865','73f3b9e1-bd00-4efd-a3f5-38dc0d4a9833',40,180,5,{ts '2015-11-16 09:04:51.221'},null,null,{ts '2015-11-16 09:05:19.240'});
insert into METL_FLOW_STEP (ID, FLOW_ID, COMPONENT_ID, X, Y, APPROXIMATE_ORDER, CREATE_TIME, CREATE_BY, LAST_UPDATE_BY, LAST_UPDATE_TIME) values ('da2d5438-4a78-45c5-8e18-28cf8cdc66eb','ecc40789-3f16-4769-aa80-df94b1471865','62f7304a-d8a1-47af-a7cc-314665856519',320,60,1,{ts '2015-11-16 08:45:29.852'},null,null,{ts '2015-11-16 09:05:12.460'});
insert into METL_FLOW_STEP (ID, FLOW_ID, COMPONENT_ID, X, Y, APPROXIMATE_ORDER, CREATE_TIME, CREATE_BY, LAST_UPDATE_BY, LAST_UPDATE_TIME) values ('dca844a3-6783-4766-bc26-1d3b384c9db3','ecc40789-3f16-4769-aa80-df94b1471865','351c36bb-eeb1-4f7b-9d4b-27a045a3bf03',460,60,2,{ts '2015-11-16 08:47:28.795'},null,null,{ts '2015-11-16 09:04:59.846'});
insert into METL_FLOW_STEP (ID, FLOW_ID, COMPONENT_ID, X, Y, APPROXIMATE_ORDER, CREATE_TIME, CREATE_BY, LAST_UPDATE_BY, LAST_UPDATE_TIME) values ('eeda784e-88e8-4cf3-a6ce-bc7db5c152ff','4fb216c3-a39d-43c7-94fe-86bc359b5d00','d5795929-3c9d-46c9-ae70-e889c6f03982',490,40,3,{ts '2015-11-16 09:08:30.713'},null,null,{ts '2015-11-16 09:09:08.871'});
insert into METL_FLOW_STEP_LINK (SOURCE_STEP_ID, TARGET_STEP_ID, CREATE_TIME, CREATE_BY, LAST_UPDATE_BY, LAST_UPDATE_TIME) values ('02bf871d-3e36-41f0-ae1c-94671fab7bf4','94c1a8f3-8a41-47df-9547-76985b0d191f',{ts '2015-11-16 08:46:04.689'},null,null,{ts '2015-11-16 09:04:53.292'});
insert into METL_FLOW_STEP_LINK (SOURCE_STEP_ID, TARGET_STEP_ID, CREATE_TIME, CREATE_BY, LAST_UPDATE_BY, LAST_UPDATE_TIME) values ('4c6e66fd-fd9a-4f73-9b6a-675e6d51e10d','aa1dcf61-4b47-4854-a1c0-fa9a9e2017f6',{ts '2015-11-16 08:47:42.182'},null,null,{ts '2015-11-16 09:04:53.293'});
insert into METL_FLOW_STEP_LINK (SOURCE_STEP_ID, TARGET_STEP_ID, CREATE_TIME, CREATE_BY, LAST_UPDATE_BY, LAST_UPDATE_TIME) values ('50d01c21-79df-427f-9e0a-3a8655de22d4','4c6e66fd-fd9a-4f73-9b6a-675e6d51e10d',{ts '2015-11-16 08:47:45.422'},null,null,{ts '2015-11-16 09:04:53.293'});
insert into METL_FLOW_STEP_LINK (SOURCE_STEP_ID, TARGET_STEP_ID, CREATE_TIME, CREATE_BY, LAST_UPDATE_BY, LAST_UPDATE_TIME) values ('66407b97-c2f2-455a-9fb3-b5009b3f01b3','b5852c0c-2c26-4f2d-bfac-ab908f8e1d59',{ts '2015-11-16 09:08:58.313'},null,null,{ts '2015-11-16 09:09:08.872'});
insert into METL_FLOW_STEP_LINK (SOURCE_STEP_ID, TARGET_STEP_ID, CREATE_TIME, CREATE_BY, LAST_UPDATE_BY, LAST_UPDATE_TIME) values ('697b325d-3e24-4f42-9272-2872b127cabc','da2d5438-4a78-45c5-8e18-28cf8cdc66eb',{ts '2015-11-16 08:46:00.900'},null,null,{ts '2015-11-16 09:04:53.291'});
insert into METL_FLOW_STEP_LINK (SOURCE_STEP_ID, TARGET_STEP_ID, CREATE_TIME, CREATE_BY, LAST_UPDATE_BY, LAST_UPDATE_TIME) values ('94c1a8f3-8a41-47df-9547-76985b0d191f','50d01c21-79df-427f-9e0a-3a8655de22d4',{ts '2015-11-16 08:47:37.444'},null,null,{ts '2015-11-16 09:04:53.292'});
insert into METL_FLOW_STEP_LINK (SOURCE_STEP_ID, TARGET_STEP_ID, CREATE_TIME, CREATE_BY, LAST_UPDATE_BY, LAST_UPDATE_TIME) values ('b5852c0c-2c26-4f2d-bfac-ab908f8e1d59','eeda784e-88e8-4cf3-a6ce-bc7db5c152ff',{ts '2015-11-16 09:09:00.062'},null,null,{ts '2015-11-16 09:09:08.872'});
insert into METL_FLOW_STEP_LINK (SOURCE_STEP_ID, TARGET_STEP_ID, CREATE_TIME, CREATE_BY, LAST_UPDATE_BY, LAST_UPDATE_TIME) values ('bcbed241-427f-44e2-87d8-30d9b637c5c0','66407b97-c2f2-455a-9fb3-b5009b3f01b3',{ts '2015-11-16 09:08:41.185'},null,null,{ts '2015-11-16 09:09:08.872'});
insert into METL_FLOW_STEP_LINK (SOURCE_STEP_ID, TARGET_STEP_ID, CREATE_TIME, CREATE_BY, LAST_UPDATE_BY, LAST_UPDATE_TIME) values ('d84c8326-f15e-4e7e-a0de-34803bb9f765','02bf871d-3e36-41f0-ae1c-94671fab7bf4',{ts '2015-11-16 09:04:53.281'},null,null,{ts '2015-11-16 09:04:53.294'});
insert into METL_FLOW_STEP_LINK (SOURCE_STEP_ID, TARGET_STEP_ID, CREATE_TIME, CREATE_BY, LAST_UPDATE_BY, LAST_UPDATE_TIME) values ('da2d5438-4a78-45c5-8e18-28cf8cdc66eb','dca844a3-6783-4766-bc26-1d3b384c9db3',{ts '2015-11-16 08:47:31.936'},null,null,{ts '2015-11-16 09:04:53.292'});
insert into METL_FLOW_STEP_LINK (SOURCE_STEP_ID, TARGET_STEP_ID, CREATE_TIME, CREATE_BY, LAST_UPDATE_BY, LAST_UPDATE_TIME) values ('dca844a3-6783-4766-bc26-1d3b384c9db3','4c6e66fd-fd9a-4f73-9b6a-675e6d51e10d',{ts '2015-11-16 08:47:43.869'},null,null,{ts '2015-11-16 09:04:53.292'});
insert into METL_FLOW_STEP_LINK (SOURCE_STEP_ID, TARGET_STEP_ID, CREATE_TIME, CREATE_BY, LAST_UPDATE_BY, LAST_UPDATE_TIME) values ('eeda784e-88e8-4cf3-a6ce-bc7db5c152ff','0e4ee0a0-16d1-4432-957a-1a395ce309a5',{ts '2015-11-16 09:09:08.869'},null,null,{ts '2015-11-16 09:09:08.872'});
