DELETE FROM METL_FLOW_STEP_LINK WHERE SOURCE_STEP_ID IN (SELECT ID FROM METL_FLOW_STEP WHERE FLOW_ID IN (SELECT ID FROM METL_FLOW WHERE PROJECT_VERSION_ID='a27e7f8c-7ef5-4684-9041-a2fa5682b366' ));
DELETE FROM METL_FLOW_STEP WHERE FLOW_ID IN (SELECT ID FROM METL_FLOW WHERE PROJECT_VERSION_ID='a27e7f8c-7ef5-4684-9041-a2fa5682b366' );
DELETE FROM METL_FLOW_PARAMETER WHERE FLOW_ID IN (SELECT ID FROM METL_FLOW WHERE PROJECT_VERSION_ID='a27e7f8c-7ef5-4684-9041-a2fa5682b366' );
DELETE FROM METL_FLOW WHERE PROJECT_VERSION_ID='a27e7f8c-7ef5-4684-9041-a2fa5682b366' ;
DELETE FROM METL_COMPONENT_ATTRIBUTE_SETTING WHERE COMPONENT_ID IN (SELECT ID FROM METL_COMPONENT WHERE PROJECT_VERSION_ID='a27e7f8c-7ef5-4684-9041-a2fa5682b366' );
DELETE FROM METL_COMPONENT_ENTITY_SETTING WHERE COMPONENT_ID IN (SELECT ID FROM METL_COMPONENT WHERE PROJECT_VERSION_ID='a27e7f8c-7ef5-4684-9041-a2fa5682b366' );
DELETE FROM METL_COMPONENT_SETTING WHERE COMPONENT_ID IN (SELECT ID FROM METL_COMPONENT WHERE PROJECT_VERSION_ID='a27e7f8c-7ef5-4684-9041-a2fa5682b366' );
DELETE FROM METL_COMPONENT WHERE PROJECT_VERSION_ID='a27e7f8c-7ef5-4684-9041-a2fa5682b366' ;
DELETE FROM METL_RESOURCE_SETTING WHERE RESOURCE_ID IN (SELECT ID FROM METL_RESOURCE WHERE PROJECT_VERSION_ID='a27e7f8c-7ef5-4684-9041-a2fa5682b366' );
DELETE FROM METL_RESOURCE WHERE PROJECT_VERSION_ID='a27e7f8c-7ef5-4684-9041-a2fa5682b366' ;
DELETE FROM METL_MODEL_ATTRIBUTE WHERE ENTITY_ID IN (SELECT ID FROM METL_MODEL_ENTITY WHERE MODEL_ID in (SELECT ID FROM METL_MODEL WHERE PROJECT_VERSION_ID='a27e7f8c-7ef5-4684-9041-a2fa5682b366' ));
DELETE FROM METL_MODEL_ENTITY WHERE MODEL_ID in (SELECT ID FROM METL_MODEL WHERE PROJECT_VERSION_ID='a27e7f8c-7ef5-4684-9041-a2fa5682b366' );
DELETE FROM METL_MODEL WHERE PROJECT_VERSION_ID='a27e7f8c-7ef5-4684-9041-a2fa5682b366' ;
DELETE FROM METL_FOLDER WHERE PROJECT_VERSION_ID='a27e7f8c-7ef5-4684-9041-a2fa5682b366';
DELETE FROM METL_PROJECT_VERSION WHERE ID='a27e7f8c-7ef5-4684-9041-a2fa5682b366';
DELETE FROM METL_PROJECT WHERE ID='64e7dcaa-cab7-46ac-a431-abc49b4f9e3e';
insert into METL_PROJECT (ID, NAME, DESCRIPTION, DELETED, CREATE_TIME, CREATE_BY, LAST_UPDATE_BY, LAST_UPDATE_TIME) values ('64e7dcaa-cab7-46ac-a431-abc49b4f9e3e','Metl Tests','This project contains tests for Metl.  It is run during the build.',0,{ts '2015-11-16 08:41:59.956'},null,null,{ts '2015-11-16 08:42:41.336'});
insert into METL_PROJECT_VERSION (ID, VERSION_LABEL, PROJECT_ID, ORIG_VERSION_ID, DESCRIPTION, LOCKED, ARCHIVED, DELETED, CREATE_TIME, CREATE_BY, LAST_UPDATE_BY, LAST_UPDATE_TIME) values ('a27e7f8c-7ef5-4684-9041-a2fa5682b366','1.0','64e7dcaa-cab7-46ac-a431-abc49b4f9e3e',null,null,0,0,0,{ts '2015-11-16 08:41:59.956'},null,null,{ts '2015-11-16 08:41:59.958'});
insert into METL_MODEL (ID, ROW_ID, PROJECT_VERSION_ID, DELETED, NAME, SHARED, FOLDER_ID, CREATE_TIME, CREATE_BY, LAST_UPDATE_BY, LAST_UPDATE_TIME) values ('7d66e4dd-9434-4e43-9554-6ea871352e23','047302b7-0915-43be-a78e-2f95d4602588','a27e7f8c-7ef5-4684-9041-a2fa5682b366',0,'OneColumnEntity',0,null,{ts '2015-11-16 08:43:12.021'},null,null,{ts '2015-11-16 08:45:54.094'});
insert into METL_MODEL (ID, ROW_ID, PROJECT_VERSION_ID, DELETED, NAME, SHARED, FOLDER_ID, CREATE_TIME, CREATE_BY, LAST_UPDATE_BY, LAST_UPDATE_TIME) values ('f72fa005-e58b-4adf-946a-4b206ee6cfd3','273aec0e-01d2-4c1c-ab7a-6dfa9e9fad4e','a27e7f8c-7ef5-4684-9041-a2fa5682b366',0,'TwoColumnEntity',0,null,{ts '2015-11-19 12:59:25.377'},null,null,{ts '2015-11-19 12:59:30.127'});
insert into METL_MODEL_ENTITY (ID, MODEL_ID, NAME, CREATE_TIME, CREATE_BY, LAST_UPDATE_BY, LAST_UPDATE_TIME) values ('425f003c-9249-4e93-ae85-9c8ff2ee196d','f72fa005-e58b-4adf-946a-4b206ee6cfd3','TwoColumnEntity',{ts '2015-11-19 12:59:33.890'},null,null,{ts '2015-11-19 13:00:29.935'});
insert into METL_MODEL_ENTITY (ID, MODEL_ID, NAME, CREATE_TIME, CREATE_BY, LAST_UPDATE_BY, LAST_UPDATE_TIME) values ('79d82d44-97bc-4e11-9a32-da2469fdde91','7d66e4dd-9434-4e43-9554-6ea871352e23','OneColumnEntity',{ts '2015-11-16 08:43:29.158'},null,null,{ts '2015-11-16 08:43:44.274'});
insert into METL_MODEL_ATTRIBUTE (ID, ENTITY_ID, NAME, TYPE, TYPE_ENTITY_ID, PK, CREATE_TIME, CREATE_BY, LAST_UPDATE_BY, LAST_UPDATE_TIME) values ('281e88e6-ccdb-44b7-bad9-2c0676ef8ea4','79d82d44-97bc-4e11-9a32-da2469fdde91','Col1','VARCHAR',null,0,{ts '2015-11-16 08:43:34.318'},null,null,{ts '2015-11-16 08:43:37.613'});
insert into METL_MODEL_ATTRIBUTE (ID, ENTITY_ID, NAME, TYPE, TYPE_ENTITY_ID, PK, CREATE_TIME, CREATE_BY, LAST_UPDATE_BY, LAST_UPDATE_TIME) values ('3057f2f1-2385-40ce-9ad6-9b3021652a5a','425f003c-9249-4e93-ae85-9c8ff2ee196d','COL1','VARCHAR',null,0,{ts '2015-11-19 12:59:41.817'},null,null,{ts '2015-11-19 13:00:08.406'});
insert into METL_MODEL_ATTRIBUTE (ID, ENTITY_ID, NAME, TYPE, TYPE_ENTITY_ID, PK, CREATE_TIME, CREATE_BY, LAST_UPDATE_BY, LAST_UPDATE_TIME) values ('e42ca641-df40-475f-a634-bc6ea76e4caf','425f003c-9249-4e93-ae85-9c8ff2ee196d','ID','INTEGER',null,1,{ts '2015-11-19 12:59:41.370'},null,null,{ts '2015-11-19 13:00:05.016'});
insert into METL_RESOURCE (ID, ROW_ID, PROJECT_VERSION_ID, DELETED, NAME, TYPE, FOLDER_ID, CREATE_TIME, CREATE_BY, LAST_UPDATE_BY, LAST_UPDATE_TIME) values ('333e4c84-63cf-4c8b-87c3-d8ab917955a8','df577961-8caf-4de8-8b96-68a0a3c40ae5','a27e7f8c-7ef5-4684-9041-a2fa5682b366',0,'directory','Local File System',null,{ts '2015-11-22 19:09:27.085'},null,null,{ts '2015-11-22 19:10:25.357'});
insert into METL_RESOURCE (ID, ROW_ID, PROJECT_VERSION_ID, DELETED, NAME, TYPE, FOLDER_ID, CREATE_TIME, CREATE_BY, LAST_UPDATE_BY, LAST_UPDATE_TIME) values ('e15810d9-c756-4e60-a274-283991cf510c','dd7fb3a7-4ab1-4334-b795-1e6514697b53','a27e7f8c-7ef5-4684-9041-a2fa5682b366',0,'database','Database',null,{ts '2015-11-19 12:57:48.887'},null,null,{ts '2015-11-19 12:57:51.921'});
insert into METL_RESOURCE_SETTING (RESOURCE_ID, NAME, VALUE, CREATE_TIME, CREATE_BY, LAST_UPDATE_BY, LAST_UPDATE_TIME) values ('333e4c84-63cf-4c8b-87c3-d8ab917955a8','localfile.path','working',{ts '2015-11-22 19:09:46.255'},null,null,{ts '2015-11-22 19:50:14.872'});
insert into METL_COMPONENT (ID, ROW_ID, PROJECT_VERSION_ID, DELETED, NAME, TYPE, FOLDER_ID, SHARED, INPUT_MODEL_ID, OUTPUT_MODEL_ID, RESOURCE_ID, CREATE_TIME, CREATE_BY, LAST_UPDATE_BY, LAST_UPDATE_TIME) values ('02c670ed-2dee-495a-861e-ac2d6e9e51bc','fa0b84e0-f9ec-49f5-8219-6522530af3a9','a27e7f8c-7ef5-4684-9041-a2fa5682b366',0,'Move','File Util',null,0,null,null,'333e4c84-63cf-4c8b-87c3-d8ab917955a8',{ts '2015-11-23 16:08:15.636'},null,null,{ts '2015-11-23 16:14:50.455'});
insert into METL_COMPONENT (ID, ROW_ID, PROJECT_VERSION_ID, DELETED, NAME, TYPE, FOLDER_ID, SHARED, INPUT_MODEL_ID, OUTPUT_MODEL_ID, RESOURCE_ID, CREATE_TIME, CREATE_BY, LAST_UPDATE_BY, LAST_UPDATE_TIME) values ('17687827-1fd2-4d2c-ae43-35173d89c784','b3c8b8d3-0dbc-4913-9955-913984f819a9','a27e7f8c-7ef5-4684-9041-a2fa5682b366',0,'Content Router 1','Content Router',null,0,null,null,null,{ts '2015-11-18 19:50:41.795'},null,null,{ts '2015-11-18 19:54:01.169'});
insert into METL_COMPONENT (ID, ROW_ID, PROJECT_VERSION_ID, DELETED, NAME, TYPE, FOLDER_ID, SHARED, INPUT_MODEL_ID, OUTPUT_MODEL_ID, RESOURCE_ID, CREATE_TIME, CREATE_BY, LAST_UPDATE_BY, LAST_UPDATE_TIME) values ('1a5f050a-313b-43a8-b07f-f951d9fe175f','c8351396-486c-4037-9a75-a5ed07ab8162','a27e7f8c-7ef5-4684-9041-a2fa5682b366',0,'Assert 3','Assert',null,0,null,null,null,{ts '2015-11-16 08:47:39.576'},null,null,{ts '2015-11-16 09:04:56.035'});
insert into METL_COMPONENT (ID, ROW_ID, PROJECT_VERSION_ID, DELETED, NAME, TYPE, FOLDER_ID, SHARED, INPUT_MODEL_ID, OUTPUT_MODEL_ID, RESOURCE_ID, CREATE_TIME, CREATE_BY, LAST_UPDATE_BY, LAST_UPDATE_TIME) values ('1c1248dc-624e-4e42-8084-46a93042ad6a','980aa1ab-5f9a-4113-9866-397647b0921d','a27e7f8c-7ef5-4684-9041-a2fa5682b366',0,'Assert 1','Assert',null,0,null,null,null,{ts '2015-11-18 19:51:20.321'},null,null,{ts '2015-11-18 20:10:35.367'});
insert into METL_COMPONENT (ID, ROW_ID, PROJECT_VERSION_ID, DELETED, NAME, TYPE, FOLDER_ID, SHARED, INPUT_MODEL_ID, OUTPUT_MODEL_ID, RESOURCE_ID, CREATE_TIME, CREATE_BY, LAST_UPDATE_BY, LAST_UPDATE_TIME) values ('208d8261-1aac-4b93-a98c-b0a0f5fddfd7','06364f7e-a61e-4883-a785-f953de69bf9f','a27e7f8c-7ef5-4684-9041-a2fa5682b366',0,'File Poller 1','File Poller',null,0,null,null,'333e4c84-63cf-4c8b-87c3-d8ab917955a8',{ts '2015-11-22 19:41:43.823'},null,null,{ts '2015-11-23 09:03:08.911'});
insert into METL_COMPONENT (ID, ROW_ID, PROJECT_VERSION_ID, DELETED, NAME, TYPE, FOLDER_ID, SHARED, INPUT_MODEL_ID, OUTPUT_MODEL_ID, RESOURCE_ID, CREATE_TIME, CREATE_BY, LAST_UPDATE_BY, LAST_UPDATE_TIME) values ('21f2e3f3-f04a-4b71-a2cd-0e3104422ea4','d5b9d494-66d9-4638-8652-58a67d175e28','a27e7f8c-7ef5-4684-9041-a2fa5682b366',0,'RDBMS Writer 1','RDBMS Writer',null,0,'f72fa005-e58b-4adf-946a-4b206ee6cfd3',null,'e15810d9-c756-4e60-a274-283991cf510c',{ts '2015-11-19 13:02:08.500'},null,null,{ts '2015-11-19 13:40:46.562'});
insert into METL_COMPONENT (ID, ROW_ID, PROJECT_VERSION_ID, DELETED, NAME, TYPE, FOLDER_ID, SHARED, INPUT_MODEL_ID, OUTPUT_MODEL_ID, RESOURCE_ID, CREATE_TIME, CREATE_BY, LAST_UPDATE_BY, LAST_UPDATE_TIME) values ('26095f7c-39e5-43d7-8b3e-520c0131aa50','c11bd5e3-0fdb-40bf-a20a-a1d6f30c1d7a','a27e7f8c-7ef5-4684-9041-a2fa5682b366',0,'Text File Reader 1','Text File Reader',null,0,null,null,'333e4c84-63cf-4c8b-87c3-d8ab917955a8',{ts '2015-11-22 20:00:47.792'},null,null,{ts '2015-11-23 08:54:54.512'});
insert into METL_COMPONENT (ID, ROW_ID, PROJECT_VERSION_ID, DELETED, NAME, TYPE, FOLDER_ID, SHARED, INPUT_MODEL_ID, OUTPUT_MODEL_ID, RESOURCE_ID, CREATE_TIME, CREATE_BY, LAST_UPDATE_BY, LAST_UPDATE_TIME) values ('2678113b-fcd2-449a-9683-8a9e806ee72f','cf719c23-7bfe-48a1-a5d8-71162863ed97','a27e7f8c-7ef5-4684-9041-a2fa5682b366',0,'Assert 3','Assert',null,0,null,null,null,{ts '2015-11-18 19:51:26.303'},null,null,{ts '2015-11-18 19:53:03.514'});
insert into METL_COMPONENT (ID, ROW_ID, PROJECT_VERSION_ID, DELETED, NAME, TYPE, FOLDER_ID, SHARED, INPUT_MODEL_ID, OUTPUT_MODEL_ID, RESOURCE_ID, CREATE_TIME, CREATE_BY, LAST_UPDATE_BY, LAST_UPDATE_TIME) values ('27091e0c-05b8-4feb-8649-927c9ccad3df','33616c47-6264-489d-a056-52cc831c3c98','a27e7f8c-7ef5-4684-9041-a2fa5682b366',0,'File Poller','File Poller',null,0,null,null,'333e4c84-63cf-4c8b-87c3-d8ab917955a8',{ts '2015-11-23 16:07:30.827'},null,null,{ts '2015-11-23 16:14:48.383'});
insert into METL_COMPONENT (ID, ROW_ID, PROJECT_VERSION_ID, DELETED, NAME, TYPE, FOLDER_ID, SHARED, INPUT_MODEL_ID, OUTPUT_MODEL_ID, RESOURCE_ID, CREATE_TIME, CREATE_BY, LAST_UPDATE_BY, LAST_UPDATE_TIME) values ('2895049e-e3b9-40e8-92b7-5e6577a68187','924655a4-6ad6-45e9-ab9a-36a7d1f3a384','a27e7f8c-7ef5-4684-9041-a2fa5682b366',0,'Assert 2','Assert',null,0,null,null,null,{ts '2015-11-18 19:51:23.225'},null,null,{ts '2015-11-18 20:10:32.060'});
insert into METL_COMPONENT (ID, ROW_ID, PROJECT_VERSION_ID, DELETED, NAME, TYPE, FOLDER_ID, SHARED, INPUT_MODEL_ID, OUTPUT_MODEL_ID, RESOURCE_ID, CREATE_TIME, CREATE_BY, LAST_UPDATE_BY, LAST_UPDATE_TIME) values ('28d66bda-726d-4101-90f7-67c648e665ca','730dc861-73fc-4581-a9e4-b3870ab72f0a','a27e7f8c-7ef5-4684-9041-a2fa5682b366',0,'RDBMS Reader 1','RDBMS Reader',null,0,null,'f72fa005-e58b-4adf-946a-4b206ee6cfd3','e15810d9-c756-4e60-a274-283991cf510c',{ts '2015-11-19 13:00:37.555'},null,null,{ts '2015-11-19 13:40:44.854'});
insert into METL_COMPONENT (ID, ROW_ID, PROJECT_VERSION_ID, DELETED, NAME, TYPE, FOLDER_ID, SHARED, INPUT_MODEL_ID, OUTPUT_MODEL_ID, RESOURCE_ID, CREATE_TIME, CREATE_BY, LAST_UPDATE_BY, LAST_UPDATE_TIME) values ('2b6e4bfe-efca-481a-ac64-aead548e9f28','5d1b0b31-2750-485c-8589-29247ecb8a48','a27e7f8c-7ef5-4684-9041-a2fa5682b366',0,'Parse Delimited 1','Parse Delimited',null,0,null,'7d66e4dd-9434-4e43-9554-6ea871352e23',null,{ts '2015-11-16 08:45:32.228'},null,null,{ts '2015-11-16 09:05:10.769'});
insert into METL_COMPONENT (ID, ROW_ID, PROJECT_VERSION_ID, DELETED, NAME, TYPE, FOLDER_ID, SHARED, INPUT_MODEL_ID, OUTPUT_MODEL_ID, RESOURCE_ID, CREATE_TIME, CREATE_BY, LAST_UPDATE_BY, LAST_UPDATE_TIME) values ('3375321b-21e7-476e-a1f9-9b2e332e4ccb','7b9883bc-7a66-4f90-bf51-0f348311f172','a27e7f8c-7ef5-4684-9041-a2fa5682b366',0,'Sql Executor 1','Sql Executor',null,0,null,null,'e15810d9-c756-4e60-a274-283991cf510c',{ts '2015-11-19 12:57:43.946'},null,null,{ts '2015-11-19 13:20:05.442'});
insert into METL_COMPONENT (ID, ROW_ID, PROJECT_VERSION_ID, DELETED, NAME, TYPE, FOLDER_ID, SHARED, INPUT_MODEL_ID, OUTPUT_MODEL_ID, RESOURCE_ID, CREATE_TIME, CREATE_BY, LAST_UPDATE_BY, LAST_UPDATE_TIME) values ('351c36bb-eeb1-4f7b-9d4b-27a045a3bf03','d1e1f0b6-6210-4041-ae83-f137deef1ea3','a27e7f8c-7ef5-4684-9041-a2fa5682b366',0,'Assert 1','Assert',null,0,'7d66e4dd-9434-4e43-9554-6ea871352e23','7d66e4dd-9434-4e43-9554-6ea871352e23',null,{ts '2015-11-16 08:47:28.795'},null,null,{ts '2015-11-16 09:04:59.845'});
insert into METL_COMPONENT (ID, ROW_ID, PROJECT_VERSION_ID, DELETED, NAME, TYPE, FOLDER_ID, SHARED, INPUT_MODEL_ID, OUTPUT_MODEL_ID, RESOURCE_ID, CREATE_TIME, CREATE_BY, LAST_UPDATE_BY, LAST_UPDATE_TIME) values ('55a22566-e899-43f1-86c0-18c287e8cc13','924655a4-6ad6-45e9-ab9a-36a7d1f3a384','a27e7f8c-7ef5-4684-9041-a2fa5682b366',0,'Assert 2','Assert',null,0,null,null,null,{ts '2015-11-18 19:51:23.225'},null,null,{ts '2015-11-18 19:52:59.035'});
insert into METL_COMPONENT (ID, ROW_ID, PROJECT_VERSION_ID, DELETED, NAME, TYPE, FOLDER_ID, SHARED, INPUT_MODEL_ID, OUTPUT_MODEL_ID, RESOURCE_ID, CREATE_TIME, CREATE_BY, LAST_UPDATE_BY, LAST_UPDATE_TIME) values ('62f7304a-d8a1-47af-a7cc-314665856519','f5dddd87-aa3e-4308-8bb2-091dbcfcdaa9','a27e7f8c-7ef5-4684-9041-a2fa5682b366',0,'Parse Fixed 1','Parse Fixed',null,0,null,'7d66e4dd-9434-4e43-9554-6ea871352e23',null,{ts '2015-11-16 08:45:29.852'},null,null,{ts '2015-11-16 09:05:12.459'});
insert into METL_COMPONENT (ID, ROW_ID, PROJECT_VERSION_ID, DELETED, NAME, TYPE, FOLDER_ID, SHARED, INPUT_MODEL_ID, OUTPUT_MODEL_ID, RESOURCE_ID, CREATE_TIME, CREATE_BY, LAST_UPDATE_BY, LAST_UPDATE_TIME) values ('65b291fe-3ea1-4226-b4cc-c60b04709776','bf9054f2-ebff-4ace-b2dd-c5c3f2801410','a27e7f8c-7ef5-4684-9041-a2fa5682b366',0,'Assert 1','Assert',null,0,null,null,null,{ts '2015-11-22 20:00:11.635'},null,null,{ts '2015-11-23 08:53:26.483'});
insert into METL_COMPONENT (ID, ROW_ID, PROJECT_VERSION_ID, DELETED, NAME, TYPE, FOLDER_ID, SHARED, INPUT_MODEL_ID, OUTPUT_MODEL_ID, RESOURCE_ID, CREATE_TIME, CREATE_BY, LAST_UPDATE_BY, LAST_UPDATE_TIME) values ('6a045fca-2920-4037-a8d3-2fae605ceb4b','980aa1ab-5f9a-4113-9866-397647b0921d','a27e7f8c-7ef5-4684-9041-a2fa5682b366',0,'Assert 1','Assert',null,0,null,null,null,{ts '2015-11-18 19:51:20.321'},null,null,{ts '2015-11-18 19:52:50.491'});
insert into METL_COMPONENT (ID, ROW_ID, PROJECT_VERSION_ID, DELETED, NAME, TYPE, FOLDER_ID, SHARED, INPUT_MODEL_ID, OUTPUT_MODEL_ID, RESOURCE_ID, CREATE_TIME, CREATE_BY, LAST_UPDATE_BY, LAST_UPDATE_TIME) values ('6e70d108-d35f-42e1-971d-4b9629986e50','cf719c23-7bfe-48a1-a5d8-71162863ed97','a27e7f8c-7ef5-4684-9041-a2fa5682b366',0,'Assert 3','Assert',null,0,null,null,null,{ts '2015-11-18 19:51:26.303'},null,null,{ts '2015-11-18 19:54:01.173'});
insert into METL_COMPONENT (ID, ROW_ID, PROJECT_VERSION_ID, DELETED, NAME, TYPE, FOLDER_ID, SHARED, INPUT_MODEL_ID, OUTPUT_MODEL_ID, RESOURCE_ID, CREATE_TIME, CREATE_BY, LAST_UPDATE_BY, LAST_UPDATE_TIME) values ('73f3b9e1-bd00-4efd-a3f5-38dc0d4a9833','50670d06-2efd-405c-ab20-8c5fcefed011','a27e7f8c-7ef5-4684-9041-a2fa5682b366',0,'Delay 1','Delay',null,0,null,null,null,{ts '2015-11-16 09:04:51.221'},null,null,{ts '2015-11-16 09:05:19.240'});
insert into METL_COMPONENT (ID, ROW_ID, PROJECT_VERSION_ID, DELETED, NAME, TYPE, FOLDER_ID, SHARED, INPUT_MODEL_ID, OUTPUT_MODEL_ID, RESOURCE_ID, CREATE_TIME, CREATE_BY, LAST_UPDATE_BY, LAST_UPDATE_TIME) values ('87fd67ba-bb2d-4c07-bcf2-d9c46239c447','3e0136c0-745d-417d-ab70-d37ff299dfda','a27e7f8c-7ef5-4684-9041-a2fa5682b366',0,'No Op 2','No Op',null,0,null,null,null,{ts '2015-11-16 09:08:25.066'},null,null,{ts '2015-11-16 09:09:08.870'});
insert into METL_COMPONENT (ID, ROW_ID, PROJECT_VERSION_ID, DELETED, NAME, TYPE, FOLDER_ID, SHARED, INPUT_MODEL_ID, OUTPUT_MODEL_ID, RESOURCE_ID, CREATE_TIME, CREATE_BY, LAST_UPDATE_BY, LAST_UPDATE_TIME) values ('91097ec1-aa64-4952-b35d-03fa31e46765','95dfe2e2-0e8b-4437-ac6f-059deefe5692','a27e7f8c-7ef5-4684-9041-a2fa5682b366',0,'Last Unit of Work 1','Last Unit of Work',null,0,'7d66e4dd-9434-4e43-9554-6ea871352e23',null,null,{ts '2015-11-16 08:46:56.784'},null,null,{ts '2015-11-16 09:04:58.284'});
insert into METL_COMPONENT (ID, ROW_ID, PROJECT_VERSION_ID, DELETED, NAME, TYPE, FOLDER_ID, SHARED, INPUT_MODEL_ID, OUTPUT_MODEL_ID, RESOURCE_ID, CREATE_TIME, CREATE_BY, LAST_UPDATE_BY, LAST_UPDATE_TIME) values ('96b565f7-23dd-4082-8d8e-11dd4ce1ae3d','b2a487cf-7754-4f40-bc60-148776c59f1b','a27e7f8c-7ef5-4684-9041-a2fa5682b366',0,'Assert 3','Assert',null,0,null,null,null,{ts '2015-11-23 08:53:21.229'},null,null,{ts '2015-11-23 08:53:26.488'});
insert into METL_COMPONENT (ID, ROW_ID, PROJECT_VERSION_ID, DELETED, NAME, TYPE, FOLDER_ID, SHARED, INPUT_MODEL_ID, OUTPUT_MODEL_ID, RESOURCE_ID, CREATE_TIME, CREATE_BY, LAST_UPDATE_BY, LAST_UPDATE_TIME) values ('971d9cde-0bcf-44ab-b8b5-97b30c06baf8','b458b6fd-d0fd-4a80-9b3b-790c45fc4bd9','a27e7f8c-7ef5-4684-9041-a2fa5682b366',0,'Assert 2','Assert',null,0,'7d66e4dd-9434-4e43-9554-6ea871352e23',null,null,{ts '2015-11-18 20:21:39.483'},null,null,{ts '2015-11-18 20:21:50.920'});
insert into METL_COMPONENT (ID, ROW_ID, PROJECT_VERSION_ID, DELETED, NAME, TYPE, FOLDER_ID, SHARED, INPUT_MODEL_ID, OUTPUT_MODEL_ID, RESOURCE_ID, CREATE_TIME, CREATE_BY, LAST_UPDATE_BY, LAST_UPDATE_TIME) values ('9d11f30b-ccc2-4612-97dd-7fde79501700','b227a460-aeb4-4ccd-886d-39524783876c','a27e7f8c-7ef5-4684-9041-a2fa5682b366',0,'Setup','Script',null,0,null,null,'333e4c84-63cf-4c8b-87c3-d8ab917955a8',{ts '2015-11-23 16:07:09.848'},null,null,{ts '2015-11-23 17:00:12.573'});
insert into METL_COMPONENT (ID, ROW_ID, PROJECT_VERSION_ID, DELETED, NAME, TYPE, FOLDER_ID, SHARED, INPUT_MODEL_ID, OUTPUT_MODEL_ID, RESOURCE_ID, CREATE_TIME, CREATE_BY, LAST_UPDATE_BY, LAST_UPDATE_TIME) values ('a7207027-5b0f-408f-ace9-0109620975f2','b3c8b8d3-0dbc-4913-9955-913984f819a9','a27e7f8c-7ef5-4684-9041-a2fa5682b366',0,'Content Router 1','Content Router',null,0,null,null,null,{ts '2015-11-18 19:50:41.795'},null,null,{ts '2015-11-18 19:51:43.956'});
insert into METL_COMPONENT (ID, ROW_ID, PROJECT_VERSION_ID, DELETED, NAME, TYPE, FOLDER_ID, SHARED, INPUT_MODEL_ID, OUTPUT_MODEL_ID, RESOURCE_ID, CREATE_TIME, CREATE_BY, LAST_UPDATE_BY, LAST_UPDATE_TIME) values ('a76c7c05-9c3b-4c07-aedb-5f51d8d6b72c','eb48f04a-af6a-4d09-a543-a192cdcca941','a27e7f8c-7ef5-4684-9041-a2fa5682b366',0,'XmlReader 1','XmlReader',null,0,null,null,'333e4c84-63cf-4c8b-87c3-d8ab917955a8',{ts '2015-11-23 08:37:47.312'},null,null,{ts '2015-11-23 08:55:27.577'});
insert into METL_COMPONENT (ID, ROW_ID, PROJECT_VERSION_ID, DELETED, NAME, TYPE, FOLDER_ID, SHARED, INPUT_MODEL_ID, OUTPUT_MODEL_ID, RESOURCE_ID, CREATE_TIME, CREATE_BY, LAST_UPDATE_BY, LAST_UPDATE_TIME) values ('b4073e92-2cfa-45e8-a447-dcfb41e9e816','761a5820-621e-4cb3-a245-c3013aee422e','a27e7f8c-7ef5-4684-9041-a2fa5682b366',0,'No Op 1','No Op',null,0,null,null,null,{ts '2015-11-16 09:08:23.338'},null,null,{ts '2015-11-16 09:09:08.870'});
insert into METL_COMPONENT (ID, ROW_ID, PROJECT_VERSION_ID, DELETED, NAME, TYPE, FOLDER_ID, SHARED, INPUT_MODEL_ID, OUTPUT_MODEL_ID, RESOURCE_ID, CREATE_TIME, CREATE_BY, LAST_UPDATE_BY, LAST_UPDATE_TIME) values ('b6f62fb2-0fb3-40fb-bffb-642018dc267c','e0382881-ad44-4291-9d66-956491b0b6bb','a27e7f8c-7ef5-4684-9041-a2fa5682b366',0,'Assert 2','Assert',null,0,'7d66e4dd-9434-4e43-9554-6ea871352e23','7d66e4dd-9434-4e43-9554-6ea871352e23',null,{ts '2015-11-16 08:47:34.738'},null,null,{ts '2015-11-16 09:05:01.739'});
insert into METL_COMPONENT (ID, ROW_ID, PROJECT_VERSION_ID, DELETED, NAME, TYPE, FOLDER_ID, SHARED, INPUT_MODEL_ID, OUTPUT_MODEL_ID, RESOURCE_ID, CREATE_TIME, CREATE_BY, LAST_UPDATE_BY, LAST_UPDATE_TIME) values ('bed44be7-d081-4a66-a6e7-a38751282f53','05358e06-be08-4d8b-9ad0-ef0c0580f217','a27e7f8c-7ef5-4684-9041-a2fa5682b366',0,'Text Constant 2','Text Constant',null,0,null,null,null,{ts '2015-11-16 08:44:03.102'},null,null,{ts '2015-11-16 09:05:16.625'});
insert into METL_COMPONENT (ID, ROW_ID, PROJECT_VERSION_ID, DELETED, NAME, TYPE, FOLDER_ID, SHARED, INPUT_MODEL_ID, OUTPUT_MODEL_ID, RESOURCE_ID, CREATE_TIME, CREATE_BY, LAST_UPDATE_BY, LAST_UPDATE_TIME) values ('c33e7448-d69c-44ab-a150-d7fda0123e16','c08bf05a-6ea0-4a9f-9d87-50bcaa25a376','a27e7f8c-7ef5-4684-9041-a2fa5682b366',0,'Assert 1','Assert',null,0,null,null,null,{ts '2015-11-16 09:09:05.939'},null,null,{ts '2015-11-16 09:09:09.701'});
insert into METL_COMPONENT (ID, ROW_ID, PROJECT_VERSION_ID, DELETED, NAME, TYPE, FOLDER_ID, SHARED, INPUT_MODEL_ID, OUTPUT_MODEL_ID, RESOURCE_ID, CREATE_TIME, CREATE_BY, LAST_UPDATE_BY, LAST_UPDATE_TIME) values ('c8ba33e5-ac25-46aa-b091-d65806e9e457','0af5d4fd-0155-43eb-a044-a70983d8222c','a27e7f8c-7ef5-4684-9041-a2fa5682b366',0,'Assert Move','Script',null,0,null,null,null,{ts '2015-11-23 16:11:34.427'},null,null,{ts '2015-11-23 16:14:52.782'});
insert into METL_COMPONENT (ID, ROW_ID, PROJECT_VERSION_ID, DELETED, NAME, TYPE, FOLDER_ID, SHARED, INPUT_MODEL_ID, OUTPUT_MODEL_ID, RESOURCE_ID, CREATE_TIME, CREATE_BY, LAST_UPDATE_BY, LAST_UPDATE_TIME) values ('c9a6a016-2415-4fde-8947-0b02b7ad27d9','23cbd13e-e55e-4bd1-aada-eaa6719151a9','a27e7f8c-7ef5-4684-9041-a2fa5682b366',0,'Text Constant 1','Text Constant',null,0,null,null,null,{ts '2015-11-18 20:20:46.407'},null,null,{ts '2015-11-18 20:21:44.992'});
insert into METL_COMPONENT (ID, ROW_ID, PROJECT_VERSION_ID, DELETED, NAME, TYPE, FOLDER_ID, SHARED, INPUT_MODEL_ID, OUTPUT_MODEL_ID, RESOURCE_ID, CREATE_TIME, CREATE_BY, LAST_UPDATE_BY, LAST_UPDATE_TIME) values ('cfbdf8b6-29ba-442f-9e46-2ff85afa09d6','39332651-ef64-49f5-b2a5-e807f6ca5a68','a27e7f8c-7ef5-4684-9041-a2fa5682b366',0,'No Op 3','No Op',null,0,null,null,null,{ts '2015-11-16 09:08:27.106'},null,null,{ts '2015-11-16 09:09:08.871'});
insert into METL_COMPONENT (ID, ROW_ID, PROJECT_VERSION_ID, DELETED, NAME, TYPE, FOLDER_ID, SHARED, INPUT_MODEL_ID, OUTPUT_MODEL_ID, RESOURCE_ID, CREATE_TIME, CREATE_BY, LAST_UPDATE_BY, LAST_UPDATE_TIME) values ('d53ca2f0-5542-477b-a395-9e6664827646','cfafcd8c-f717-4f88-b7c8-ca9b1d1cb6bb','a27e7f8c-7ef5-4684-9041-a2fa5682b366',0,'Assert 2','Assert',null,0,null,null,null,{ts '2015-11-23 08:53:15.601'},null,null,{ts '2015-11-23 08:53:30.789'});
insert into METL_COMPONENT (ID, ROW_ID, PROJECT_VERSION_ID, DELETED, NAME, TYPE, FOLDER_ID, SHARED, INPUT_MODEL_ID, OUTPUT_MODEL_ID, RESOURCE_ID, CREATE_TIME, CREATE_BY, LAST_UPDATE_BY, LAST_UPDATE_TIME) values ('d5795929-3c9d-46c9-ae70-e889c6f03982','cbd51461-fa1a-47a6-b4d8-35656cf8a3a5','a27e7f8c-7ef5-4684-9041-a2fa5682b366',0,'No Op 4','No Op',null,0,null,null,null,{ts '2015-11-16 09:08:30.713'},null,null,{ts '2015-11-16 09:09:08.871'});
insert into METL_COMPONENT (ID, ROW_ID, PROJECT_VERSION_ID, DELETED, NAME, TYPE, FOLDER_ID, SHARED, INPUT_MODEL_ID, OUTPUT_MODEL_ID, RESOURCE_ID, CREATE_TIME, CREATE_BY, LAST_UPDATE_BY, LAST_UPDATE_TIME) values ('e77a0561-9f96-495c-a577-68720023991c','6e94c4a7-104c-4bd5-9bf4-a5f4f228a6b4','a27e7f8c-7ef5-4684-9041-a2fa5682b366',0,'Assert 1','Assert',null,0,null,null,null,{ts '2015-11-19 13:20:01.215'},null,null,{ts '2015-11-19 13:40:47.755'});
insert into METL_COMPONENT (ID, ROW_ID, PROJECT_VERSION_ID, DELETED, NAME, TYPE, FOLDER_ID, SHARED, INPUT_MODEL_ID, OUTPUT_MODEL_ID, RESOURCE_ID, CREATE_TIME, CREATE_BY, LAST_UPDATE_BY, LAST_UPDATE_TIME) values ('f15b43b3-d108-492a-ae42-f3c1fcc13a25','5e12ba63-f78b-4761-9337-a3d7a336c9b3','a27e7f8c-7ef5-4684-9041-a2fa5682b366',0,'Assert 1','Assert',null,0,'7d66e4dd-9434-4e43-9554-6ea871352e23',null,null,{ts '2015-11-18 20:21:37.066'},null,null,{ts '2015-11-19 13:56:52.972'});
insert into METL_COMPONENT (ID, ROW_ID, PROJECT_VERSION_ID, DELETED, NAME, TYPE, FOLDER_ID, SHARED, INPUT_MODEL_ID, OUTPUT_MODEL_ID, RESOURCE_ID, CREATE_TIME, CREATE_BY, LAST_UPDATE_BY, LAST_UPDATE_TIME) values ('f33f62f0-459f-44de-81d5-2050c5b36a5a','41c36554-a31e-402d-b59b-24d9f4681ada','a27e7f8c-7ef5-4684-9041-a2fa5682b366',0,'Text Constant 1','Text Constant',null,0,null,null,null,{ts '2015-11-16 08:44:00.426'},null,null,{ts '2015-11-16 09:05:14.065'});
insert into METL_COMPONENT (ID, ROW_ID, PROJECT_VERSION_ID, DELETED, NAME, TYPE, FOLDER_ID, SHARED, INPUT_MODEL_ID, OUTPUT_MODEL_ID, RESOURCE_ID, CREATE_TIME, CREATE_BY, LAST_UPDATE_BY, LAST_UPDATE_TIME) values ('f79c903c-c0eb-4a9e-bcfd-a1473e9a65d9','4fe9620c-a572-4f29-ac1b-73cd6ebe929d','a27e7f8c-7ef5-4684-9041-a2fa5682b366',0,'Parse Delimited 1','Parse Delimited',null,0,null,'7d66e4dd-9434-4e43-9554-6ea871352e23',null,{ts '2015-11-18 20:21:01.116'},null,null,{ts '2015-11-18 20:24:44.957'});
insert into METL_COMPONENT (ID, ROW_ID, PROJECT_VERSION_ID, DELETED, NAME, TYPE, FOLDER_ID, SHARED, INPUT_MODEL_ID, OUTPUT_MODEL_ID, RESOURCE_ID, CREATE_TIME, CREATE_BY, LAST_UPDATE_BY, LAST_UPDATE_TIME) values ('f96c3f1c-f3ca-407c-ab1d-1b549850dbde','ad9c69c1-7aed-49a2-98ff-af2648924873','a27e7f8c-7ef5-4684-9041-a2fa5682b366',0,'Content Router 1','Content Router',null,0,'7d66e4dd-9434-4e43-9554-6ea871352e23','7d66e4dd-9434-4e43-9554-6ea871352e23',null,{ts '2015-11-18 20:21:24.595'},null,null,{ts '2015-11-18 20:25:19.380'});
insert into METL_COMPONENT (ID, ROW_ID, PROJECT_VERSION_ID, DELETED, NAME, TYPE, FOLDER_ID, SHARED, INPUT_MODEL_ID, OUTPUT_MODEL_ID, RESOURCE_ID, CREATE_TIME, CREATE_BY, LAST_UPDATE_BY, LAST_UPDATE_TIME) values ('fd0315f1-315a-49bf-8a71-692b0194614e','db540721-4848-41e8-a9b0-b568fab2bd90','a27e7f8c-7ef5-4684-9041-a2fa5682b366',0,'Setup Script','Script',null,0,null,null,'333e4c84-63cf-4c8b-87c3-d8ab917955a8',{ts '2015-11-22 19:09:58.725'},null,null,{ts '2015-11-23 08:53:26.481'});
insert into METL_COMPONENT_SETTING (ID, COMPONENT_ID, NAME, VALUE, CREATE_TIME, CREATE_BY, LAST_UPDATE_BY, LAST_UPDATE_TIME) values ('057c616c-d58a-4701-af28-64ec49e77ba7','28d66bda-726d-4101-90f7-67c648e665ca','run.when','PER MESSAGE',{ts '2015-11-19 13:01:45.503'},null,null,{ts '2015-11-19 13:40:44.856'});
insert into METL_COMPONENT_SETTING (ID, COMPONENT_ID, NAME, VALUE, CREATE_TIME, CREATE_BY, LAST_UPDATE_BY, LAST_UPDATE_TIME) values ('069d6be9-f9ab-46eb-b1fb-d2273c7b2a3b','e77a0561-9f96-495c-a577-68720023991c','sql.datasource','e15810d9-c756-4e60-a274-283991cf510c',{ts '2015-11-19 13:39:45.377'},null,null,{ts '2015-11-19 13:40:47.755'});
insert into METL_COMPONENT_SETTING (ID, COMPONENT_ID, NAME, VALUE, CREATE_TIME, CREATE_BY, LAST_UPDATE_BY, LAST_UPDATE_TIME) values ('0b054c8a-7512-444d-812f-4c45f6f3470c','02c670ed-2dee-495a-861e-ac2d6e9e51bc','must.exist','true',{ts '2015-11-23 16:19:51.718'},null,null,{ts '2015-11-23 16:19:51.718'});
insert into METL_COMPONENT_SETTING (ID, COMPONENT_ID, NAME, VALUE, CREATE_TIME, CREATE_BY, LAST_UPDATE_BY, LAST_UPDATE_TIME) values ('0ddc333c-12ff-438a-9182-c607f46f5d3f','9d11f30b-ccc2-4612-97dd-7fde79501700','handle.msg.script','File workingDir = new File("working")
File inboxDir = new File(workingDir, "inbox")
inboxDir.delete()
inboxDir.mkdirs()
writeStringToFile(new File(inboxDir, "a.txt"), "<root><test>a</test></root>")
writeStringToFile(new File(inboxDir, "b.txt"), "<root><test>a</test><test>b</test></root>")
writeStringToFile(new File(inboxDir, "c.xxx"), "this is a test")',{ts '2015-11-23 16:07:12.724'},null,null,{ts '2015-11-23 17:00:31.173'});
insert into METL_COMPONENT_SETTING (ID, COMPONENT_ID, NAME, VALUE, CREATE_TIME, CREATE_BY, LAST_UPDATE_BY, LAST_UPDATE_TIME) values ('0ef2dae8-afaf-4454-978c-6bf10b4ab86e','208d8261-1aac-4b93-a98c-b0a0f5fddfd7','file.pattern','inbox/*.txt',{ts '2015-11-22 19:43:48.644'},null,null,{ts '2015-11-23 09:03:08.912'});
insert into METL_COMPONENT_SETTING (ID, COMPONENT_ID, NAME, VALUE, CREATE_TIME, CREATE_BY, LAST_UPDATE_BY, LAST_UPDATE_TIME) values ('104cd90b-104f-4d1a-ac10-2735b830df89','96b565f7-23dd-4082-8d8e-11dd4ce1ae3d','expected.text.messages.count','3',{ts '2015-11-23 08:53:45.123'},null,null,{ts '2015-11-23 09:02:40.930'});
insert into METL_COMPONENT_SETTING (ID, COMPONENT_ID, NAME, VALUE, CREATE_TIME, CREATE_BY, LAST_UPDATE_BY, LAST_UPDATE_TIME) values ('171ce387-c23f-4222-981a-a4b7a4460c9f','d53ca2f0-5542-477b-a395-9e6664827646','expected.text.messages.count','2',{ts '2015-11-23 08:53:40.509'},null,null,{ts '2015-11-23 08:53:40.509'});
insert into METL_COMPONENT_SETTING (ID, COMPONENT_ID, NAME, VALUE, CREATE_TIME, CREATE_BY, LAST_UPDATE_BY, LAST_UPDATE_TIME) values ('18c0d467-8293-4f7d-8586-64590c3f6a15','f15b43b3-d108-492a-ae42-f3c1fcc13a25','expected.text.messages.count','0',{ts '2015-11-18 20:21:49.913'},null,null,{ts '2015-11-19 13:56:52.973'});
insert into METL_COMPONENT_SETTING (ID, COMPONENT_ID, NAME, VALUE, CREATE_TIME, CREATE_BY, LAST_UPDATE_BY, LAST_UPDATE_TIME) values ('2156f4a0-f772-4b91-ae27-59fa7186764e','55a22566-e899-43f1-86c0-18c287e8cc13','expected.entity.messages.count','0',{ts '2015-11-18 19:53:01.182'},null,null,{ts '2015-11-18 19:53:01.182'});
insert into METL_COMPONENT_SETTING (ID, COMPONENT_ID, NAME, VALUE, CREATE_TIME, CREATE_BY, LAST_UPDATE_BY, LAST_UPDATE_TIME) values ('21b68ecb-c7b9-478f-a750-e8560c579787','c33e7448-d69c-44ab-a150-d7fda0123e16','expected.control.messages.count','1',{ts '2015-11-19 13:54:49.876'},null,null,{ts '2015-11-19 13:54:49.876'});
insert into METL_COMPONENT_SETTING (ID, COMPONENT_ID, NAME, VALUE, CREATE_TIME, CREATE_BY, LAST_UPDATE_BY, LAST_UPDATE_TIME) values ('287ffe49-4094-4601-b66b-5ec8094a0df1','f33f62f0-459f-44de-81d5-2050c5b36a5a','split.on.line.feed','true',{ts '2015-11-16 08:44:53.189'},null,null,{ts '2015-11-16 09:05:14.066'});
insert into METL_COMPONENT_SETTING (ID, COMPONENT_ID, NAME, VALUE, CREATE_TIME, CREATE_BY, LAST_UPDATE_BY, LAST_UPDATE_TIME) values ('290c624d-8649-4fd9-af8f-6ce006d469d5','65b291fe-3ea1-4226-b4cc-c60b04709776','expected.text.messages.count','2',{ts '2015-11-22 20:00:19.355'},null,null,{ts '2015-11-23 08:53:26.484'});
insert into METL_COMPONENT_SETTING (ID, COMPONENT_ID, NAME, VALUE, CREATE_TIME, CREATE_BY, LAST_UPDATE_BY, LAST_UPDATE_TIME) values ('2bffec6a-c014-4afa-89e3-803c4309e8a4','3375321b-21e7-476e-a1f9-9b2e332e4ccb','sql','drop table if exists source;
create table source (id integer primary key, col1 text);
drop table if exists twocolumnentity;
create table twocolumnentity (id integer primary key, col1 text);

insert into source values(1,''test'');
insert into source values(2,''test'');

',{ts '2015-11-19 12:59:15.942'},null,null,{ts '2015-11-19 13:20:05.443'});
insert into METL_COMPONENT_SETTING (ID, COMPONENT_ID, NAME, VALUE, CREATE_TIME, CREATE_BY, LAST_UPDATE_BY, LAST_UPDATE_TIME) values ('2d8bef6f-4cb5-4149-aae9-79ab37ad6113','2678113b-fcd2-449a-9683-8a9e806ee72f','expected.control.messages.count','0',{ts '2015-11-18 19:53:07.229'},null,null,{ts '2015-11-18 19:53:07.229'});
insert into METL_COMPONENT_SETTING (ID, COMPONENT_ID, NAME, VALUE, CREATE_TIME, CREATE_BY, LAST_UPDATE_BY, LAST_UPDATE_TIME) values ('30630ab5-002b-4c27-9ddb-5cbd5bd185a2','351c36bb-eeb1-4f7b-9d4b-27a045a3bf03','expected.entity.messages.count','1',{ts '2015-11-19 13:55:47.986'},null,null,{ts '2015-11-19 13:55:47.986'});
insert into METL_COMPONENT_SETTING (ID, COMPONENT_ID, NAME, VALUE, CREATE_TIME, CREATE_BY, LAST_UPDATE_BY, LAST_UPDATE_TIME) values ('335f7e13-32be-4f95-89f4-020edbabdaec','2895049e-e3b9-40e8-92b7-5e6577a68187','expected.entity.messages.count','0',{ts '2015-11-18 19:53:01.182'},null,null,{ts '2015-11-18 20:10:32.062'});
insert into METL_COMPONENT_SETTING (ID, COMPONENT_ID, NAME, VALUE, CREATE_TIME, CREATE_BY, LAST_UPDATE_BY, LAST_UPDATE_TIME) values ('33881ca2-d1d2-4276-917f-2ac8290ac821','6e70d108-d35f-42e1-971d-4b9629986e50','expected.text.messages.count','0',{ts '2015-11-18 19:53:06.321'},null,null,{ts '2015-11-18 19:54:01.173'});
insert into METL_COMPONENT_SETTING (ID, COMPONENT_ID, NAME, VALUE, CREATE_TIME, CREATE_BY, LAST_UPDATE_BY, LAST_UPDATE_TIME) values ('3410c870-e861-4dec-b6ff-90790997e937','28d66bda-726d-4101-90f7-67c648e665ca','rows.per.message','1',{ts '2015-11-19 13:01:56.012'},null,null,{ts '2015-11-19 13:40:44.855'});
insert into METL_COMPONENT_SETTING (ID, COMPONENT_ID, NAME, VALUE, CREATE_TIME, CREATE_BY, LAST_UPDATE_BY, LAST_UPDATE_TIME) values ('35815f00-1023-4c3a-a029-9248d342351f','c8ba33e5-ac25-46aa-b091-d65806e9e457','handle.msg.script','File outboxDir = new File("working/outbox")
if (!new File(outboxDir, "a.txt").exists() ||
    !new File(outboxDir, "b.txt").exists() ||
    !new File(outboxDir, "c.xxx").exists()) {
    throw new IllegalStateException("File were not copied to the outbox as expected");
}

File inboxDir = new File("working/inbox")
if (!new File(outboxDir, "a.txt").exists() ||
    !new File(outboxDir, "b.txt").exists() ||
    !new File(outboxDir, "c.xxx").exists()) {
    throw new IllegalStateException("File were not removed from the inbox as expected");
}',{ts '2015-11-23 16:12:00.786'},null,null,{ts '2015-11-23 17:01:43.669'});
insert into METL_COMPONENT_SETTING (ID, COMPONENT_ID, NAME, VALUE, CREATE_TIME, CREATE_BY, LAST_UPDATE_BY, LAST_UPDATE_TIME) values ('3a040772-2b40-4b61-8904-6e1e01a7449f','6e70d108-d35f-42e1-971d-4b9629986e50','expected.control.messages.count','0',{ts '2015-11-18 19:53:07.229'},null,null,{ts '2015-11-18 19:54:01.173'});
insert into METL_COMPONENT_SETTING (ID, COMPONENT_ID, NAME, VALUE, CREATE_TIME, CREATE_BY, LAST_UPDATE_BY, LAST_UPDATE_TIME) values ('3c88d3aa-2a7f-4672-b8d5-057ae5ad5f00','17687827-1fd2-4d2c-ae43-35173d89c784','config','[{"matchExpression":"A != null && A.equals(''Assert 1'')","targetStepId":"f226bc1b-9dd2-4ecd-bb6c-357130c13441"},{"matchExpression":"A != null && A.equals(''Assert 2'')","targetStepId":"5618be08-3a72-44fb-8fce-30aaba39351a"},{"matchExpression":"A != null && A.equals(''Assert 3'')","targetStepId":"1dfa80dc-99f8-4c3e-9359-7922692df419"}]',{ts '2015-11-18 19:51:50.100'},null,null,{ts '2015-11-18 19:55:19.719'});
insert into METL_COMPONENT_SETTING (ID, COMPONENT_ID, NAME, VALUE, CREATE_TIME, CREATE_BY, LAST_UPDATE_BY, LAST_UPDATE_TIME) values ('3cc56da3-6814-4206-8d62-fc5720250398','d53ca2f0-5542-477b-a395-9e6664827646','expected.control.messages.count','1',{ts '2015-11-23 08:53:42.805'},null,null,{ts '2015-11-23 08:53:42.805'});
insert into METL_COMPONENT_SETTING (ID, COMPONENT_ID, NAME, VALUE, CREATE_TIME, CREATE_BY, LAST_UPDATE_BY, LAST_UPDATE_TIME) values ('3cf357a9-d902-474e-b35f-a0a0d8565f4a','02c670ed-2dee-495a-861e-ac2d6e9e51bc','get.file.name.from.message','true',{ts '2015-11-23 16:08:37.891'},null,null,{ts '2015-11-23 16:14:50.456'});
insert into METL_COMPONENT_SETTING (ID, COMPONENT_ID, NAME, VALUE, CREATE_TIME, CREATE_BY, LAST_UPDATE_BY, LAST_UPDATE_TIME) values ('3dc084a0-deef-4fa2-bcc6-41cbc9a74b6e','e77a0561-9f96-495c-a577-68720023991c','sql','select count(*) from twocolumnentity',{ts '2015-11-19 13:39:49.025'},null,null,{ts '2015-11-19 13:40:47.756'});
insert into METL_COMPONENT_SETTING (ID, COMPONENT_ID, NAME, VALUE, CREATE_TIME, CREATE_BY, LAST_UPDATE_BY, LAST_UPDATE_TIME) values ('4d72a063-3bf0-47a1-876a-76a40d7be08c','28d66bda-726d-4101-90f7-67c648e665ca','sql','select id /* TwoColumnEntity.ID */, col1 /* TwoColumnEntity.COL1 */ from source',{ts '2015-11-19 13:00:57.564'},null,null,{ts '2015-11-19 13:40:44.855'});
insert into METL_COMPONENT_SETTING (ID, COMPONENT_ID, NAME, VALUE, CREATE_TIME, CREATE_BY, LAST_UPDATE_BY, LAST_UPDATE_TIME) values ('533d52ff-311c-41f3-9baf-3fed3907745e','1c1248dc-624e-4e42-8084-46a93042ad6a','expected.entity.messages.count','0',{ts '2015-11-18 19:52:55.551'},null,null,{ts '2015-11-18 20:10:35.368'});
insert into METL_COMPONENT_SETTING (ID, COMPONENT_ID, NAME, VALUE, CREATE_TIME, CREATE_BY, LAST_UPDATE_BY, LAST_UPDATE_TIME) values ('554b4e17-4c0d-4c0b-8d0b-949427c383e9','971d9cde-0bcf-44ab-b8b5-97b30c06baf8','expected.text.messages.count','0',{ts '2015-11-18 20:21:54.388'},null,null,{ts '2015-11-18 20:21:54.388'});
insert into METL_COMPONENT_SETTING (ID, COMPONENT_ID, NAME, VALUE, CREATE_TIME, CREATE_BY, LAST_UPDATE_BY, LAST_UPDATE_TIME) values ('578ea668-25c4-4ede-90da-98abc29ade3f','971d9cde-0bcf-44ab-b8b5-97b30c06baf8','expected.entity.messages.count','1',{ts '2015-11-18 20:21:53.254'},null,null,{ts '2015-11-18 20:21:56.871'});
insert into METL_COMPONENT_SETTING (ID, COMPONENT_ID, NAME, VALUE, CREATE_TIME, CREATE_BY, LAST_UPDATE_BY, LAST_UPDATE_TIME) values ('5aabb784-f17f-40a4-bd85-b534692f114c','b6f62fb2-0fb3-40fb-bffb-642018dc267c','expected.entity.messages.count','1',{ts '2015-11-19 13:55:53.999'},null,null,{ts '2015-11-19 13:55:53.999'});
insert into METL_COMPONENT_SETTING (ID, COMPONENT_ID, NAME, VALUE, CREATE_TIME, CREATE_BY, LAST_UPDATE_BY, LAST_UPDATE_TIME) values ('5c7fe326-63ee-4f0d-80d8-9eabf0fb693e','351c36bb-eeb1-4f7b-9d4b-27a045a3bf03','expected.text.messages.count','0',{ts '2015-11-16 08:47:54.590'},null,null,{ts '2015-11-16 09:04:59.845'});
insert into METL_COMPONENT_SETTING (ID, COMPONENT_ID, NAME, VALUE, CREATE_TIME, CREATE_BY, LAST_UPDATE_BY, LAST_UPDATE_TIME) values ('62531748-9843-4f7a-a1ee-b440a95924ed','a76c7c05-9c3b-4c07-aedb-5f51d8d6b72c','get.file.name.from.message','true',{ts '2015-11-23 08:52:46.941'},null,null,{ts '2015-11-23 08:55:27.577'});
insert into METL_COMPONENT_SETTING (ID, COMPONENT_ID, NAME, VALUE, CREATE_TIME, CREATE_BY, LAST_UPDATE_BY, LAST_UPDATE_TIME) values ('6419fdae-51f9-4f55-afff-387684a5e608','c9a6a016-2415-4fde-8947-0b02b7ad27d9','text','one',{ts '2015-11-18 20:20:50.133'},null,null,{ts '2015-11-18 20:21:44.992'});
insert into METL_COMPONENT_SETTING (ID, COMPONENT_ID, NAME, VALUE, CREATE_TIME, CREATE_BY, LAST_UPDATE_BY, LAST_UPDATE_TIME) values ('6920c920-b426-4c61-9d2b-e6193e2b3f28','f15b43b3-d108-492a-ae42-f3c1fcc13a25','expected.entity.messages.count','0',{ts '2015-11-18 20:22:01.146'},null,null,{ts '2015-11-19 13:56:52.974'});
insert into METL_COMPONENT_SETTING (ID, COMPONENT_ID, NAME, VALUE, CREATE_TIME, CREATE_BY, LAST_UPDATE_BY, LAST_UPDATE_TIME) values ('6bf54217-e4d5-4ea3-a29d-810b7f1a831e','c8ba33e5-ac25-46aa-b091-d65806e9e457','run.when','PER UNIT OF WORK',{ts '2015-11-23 16:14:22.423'},null,null,{ts '2015-11-23 16:14:52.782'});
insert into METL_COMPONENT_SETTING (ID, COMPONENT_ID, NAME, VALUE, CREATE_TIME, CREATE_BY, LAST_UPDATE_BY, LAST_UPDATE_TIME) values ('71152070-6117-4430-bd51-a1f39edf5815','b6f62fb2-0fb3-40fb-bffb-642018dc267c','expected.text.messages.count','0',{ts '2015-11-16 08:48:00.972'},null,null,{ts '2015-11-16 09:05:01.739'});
insert into METL_COMPONENT_SETTING (ID, COMPONENT_ID, NAME, VALUE, CREATE_TIME, CREATE_BY, LAST_UPDATE_BY, LAST_UPDATE_TIME) values ('7409a2ea-5a78-41fa-ad8a-07fa7bc89da9','f15b43b3-d108-492a-ae42-f3c1fcc13a25','expected.control.messages.count','0',{ts '2015-11-18 20:22:02.360'},null,null,{ts '2015-11-19 13:56:55.707'});
insert into METL_COMPONENT_SETTING (ID, COMPONENT_ID, NAME, VALUE, CREATE_TIME, CREATE_BY, LAST_UPDATE_BY, LAST_UPDATE_TIME) values ('7afa78dc-de78-4eab-ada6-b8ade220202e','9d11f30b-ccc2-4612-97dd-7fde79501700','run.when','PER UNIT OF WORK',{ts '2015-11-23 16:09:40.019'},null,null,{ts '2015-11-23 17:00:12.574'});
insert into METL_COMPONENT_SETTING (ID, COMPONENT_ID, NAME, VALUE, CREATE_TIME, CREATE_BY, LAST_UPDATE_BY, LAST_UPDATE_TIME) values ('7b562b3f-b984-41ad-9213-f3d5293b6a19','208d8261-1aac-4b93-a98c-b0a0f5fddfd7','rows.per.message','1',{ts '2015-11-22 20:00:03.680'},null,null,{ts '2015-11-23 09:03:08.912'});
insert into METL_COMPONENT_SETTING (ID, COMPONENT_ID, NAME, VALUE, CREATE_TIME, CREATE_BY, LAST_UPDATE_BY, LAST_UPDATE_TIME) values ('7c4b7dcc-5dd2-4eec-b093-432adec6820d','2895049e-e3b9-40e8-92b7-5e6577a68187','expected.control.messages.count','0',{ts '2015-11-18 19:53:03.102'},null,null,{ts '2015-11-18 20:10:32.061'});
insert into METL_COMPONENT_SETTING (ID, COMPONENT_ID, NAME, VALUE, CREATE_TIME, CREATE_BY, LAST_UPDATE_BY, LAST_UPDATE_TIME) values ('7e87b3f8-f45d-4341-9816-3318f73a31ba','2895049e-e3b9-40e8-92b7-5e6577a68187','expected.text.messages.count','0',{ts '2015-11-18 19:53:02.037'},null,null,{ts '2015-11-18 20:10:32.062'});
insert into METL_COMPONENT_SETTING (ID, COMPONENT_ID, NAME, VALUE, CREATE_TIME, CREATE_BY, LAST_UPDATE_BY, LAST_UPDATE_TIME) values ('7f9c9c4e-10aa-4dbb-a2d5-5dce6ab59258','bed44be7-d081-4a66-a6e7-a38751282f53','split.on.line.feed','true',{ts '2015-11-16 08:44:57.642'},null,null,{ts '2015-11-16 09:05:16.626'});
insert into METL_COMPONENT_SETTING (ID, COMPONENT_ID, NAME, VALUE, CREATE_TIME, CREATE_BY, LAST_UPDATE_BY, LAST_UPDATE_TIME) values ('822eb932-b698-49f5-843c-d2f548017ee9','fd0315f1-315a-49bf-8a71-692b0194614e','handle.msg.script','File workingDir = new File("working")
File inboxDir = new File(workingDir, "inbox")
inboxDir.delete()
inboxDir.mkdirs()
writeStringToFile(new File(inboxDir, "a.txt"), "<root><test>a</test></root>")
writeStringToFile(new File(inboxDir, "b.txt"), "<root><test>a</test><test>b</test></root>")
writeStringToFile(new File(inboxDir, "c.xxx"), "this is a test")',{ts '2015-11-22 19:10:06.517'},null,null,{ts '2015-11-23 17:00:58.729'});
insert into METL_COMPONENT_SETTING (ID, COMPONENT_ID, NAME, VALUE, CREATE_TIME, CREATE_BY, LAST_UPDATE_BY, LAST_UPDATE_TIME) values ('842fde54-2190-4f9d-8ed6-ea3355a15f6f','1a5f050a-313b-43a8-b07f-f951d9fe175f','expected.text.messages.count','0',{ts '2015-11-16 08:48:08.093'},null,null,{ts '2015-11-16 09:04:56.036'});
insert into METL_COMPONENT_SETTING (ID, COMPONENT_ID, NAME, VALUE, CREATE_TIME, CREATE_BY, LAST_UPDATE_BY, LAST_UPDATE_TIME) values ('84788adf-b25c-4d1a-80f0-9c886d5dd0b6','1c1248dc-624e-4e42-8084-46a93042ad6a','expected.text.messages.count','0',{ts '2015-11-18 19:52:57.074'},null,null,{ts '2015-11-18 20:10:35.368'});
insert into METL_COMPONENT_SETTING (ID, COMPONENT_ID, NAME, VALUE, CREATE_TIME, CREATE_BY, LAST_UPDATE_BY, LAST_UPDATE_TIME) values ('8ade3aae-48d7-4ea0-b67d-b02f7693ba45','a7207027-5b0f-408f-ace9-0109620975f2','config','[{"matchExpression":"A != null && A.equals(''Assert 1'')","targetStepId":"14e12299-c07b-43b9-8e64-da241f88c770"},{"matchExpression":"A != null && A.equals(''Assert 2'')","targetStepId":"ed710425-f171-4633-bcd6-d54e58d0abf9"},{"matchExpression":"A != null && A.equals(''Assert 3'')","targetStepId":"02262761-85a8-422b-92b5-10405340d93a"}]',{ts '2015-11-18 19:51:50.100'},null,null,{ts '2015-11-18 19:52:28.331'});
insert into METL_COMPONENT_SETTING (ID, COMPONENT_ID, NAME, VALUE, CREATE_TIME, CREATE_BY, LAST_UPDATE_BY, LAST_UPDATE_TIME) values ('8dce85ee-2cdf-48f0-a86d-74b9d5a83f0c','351c36bb-eeb1-4f7b-9d4b-27a045a3bf03','expected.control.messages.count','1',{ts '2015-11-19 13:55:28.674'},null,null,{ts '2015-11-19 13:55:28.674'});
insert into METL_COMPONENT_SETTING (ID, COMPONENT_ID, NAME, VALUE, CREATE_TIME, CREATE_BY, LAST_UPDATE_BY, LAST_UPDATE_TIME) values ('8fd895fe-c000-4643-8c3f-a43ca244dafc','6a045fca-2920-4037-a8d3-2fae605ceb4b','expected.control.messages.count','0',{ts '2015-11-18 19:52:58.053'},null,null,{ts '2015-11-18 19:52:58.053'});
insert into METL_COMPONENT_SETTING (ID, COMPONENT_ID, NAME, VALUE, CREATE_TIME, CREATE_BY, LAST_UPDATE_BY, LAST_UPDATE_TIME) values ('9419f4af-8b97-44db-8136-3beb75cd8230','e77a0561-9f96-495c-a577-68720023991c','expected.sql.count','2',{ts '2015-11-19 13:41:13.814'},null,null,{ts '2015-11-19 13:41:13.814'});
insert into METL_COMPONENT_SETTING (ID, COMPONENT_ID, NAME, VALUE, CREATE_TIME, CREATE_BY, LAST_UPDATE_BY, LAST_UPDATE_TIME) values ('9567c3d0-0831-4bc7-aaff-e6770f17d8a4','26095f7c-39e5-43d7-8b3e-520c0131aa50','run.when','PER MESSAGE',{ts '2015-11-22 20:01:13.006'},null,null,{ts '2015-11-23 08:54:54.513'});
insert into METL_COMPONENT_SETTING (ID, COMPONENT_ID, NAME, VALUE, CREATE_TIME, CREATE_BY, LAST_UPDATE_BY, LAST_UPDATE_TIME) values ('95a44742-424a-44b6-b365-d8cdc3291d19','971d9cde-0bcf-44ab-b8b5-97b30c06baf8','expected.control.messages.count','1',{ts '2015-11-19 13:56:58.994'},null,null,{ts '2015-11-19 13:56:58.994'});
insert into METL_COMPONENT_SETTING (ID, COMPONENT_ID, NAME, VALUE, CREATE_TIME, CREATE_BY, LAST_UPDATE_BY, LAST_UPDATE_TIME) values ('9c5b431d-52a7-4cd7-b1c6-cef00776b6f9','65b291fe-3ea1-4226-b4cc-c60b04709776','expected.control.messages.count','1',{ts '2015-11-22 20:00:23.562'},null,null,{ts '2015-11-23 08:53:26.484'});
insert into METL_COMPONENT_SETTING (ID, COMPONENT_ID, NAME, VALUE, CREATE_TIME, CREATE_BY, LAST_UPDATE_BY, LAST_UPDATE_TIME) values ('9d0e564c-b4bb-421a-8510-5f72b49d033e','c33e7448-d69c-44ab-a150-d7fda0123e16','expected.entity.messages.count','0',{ts '2015-11-16 09:09:13.446'},null,null,{ts '2015-11-16 09:09:13.446'});
insert into METL_COMPONENT_SETTING (ID, COMPONENT_ID, NAME, VALUE, CREATE_TIME, CREATE_BY, LAST_UPDATE_BY, LAST_UPDATE_TIME) values ('9ec59e7e-f5bd-42af-ade9-009ae465edc2','e77a0561-9f96-495c-a577-68720023991c','logInput','true',{ts '2015-11-19 13:45:25.698'},null,null,{ts '2015-11-19 13:45:25.698'});
insert into METL_COMPONENT_SETTING (ID, COMPONENT_ID, NAME, VALUE, CREATE_TIME, CREATE_BY, LAST_UPDATE_BY, LAST_UPDATE_TIME) values ('a1d8e620-ea44-4ef9-9a5b-efc4f0fdec2e','b6f62fb2-0fb3-40fb-bffb-642018dc267c','expected.control.messages.count','1',{ts '2015-11-19 13:55:31.160'},null,null,{ts '2015-11-19 13:55:31.160'});
insert into METL_COMPONENT_SETTING (ID, COMPONENT_ID, NAME, VALUE, CREATE_TIME, CREATE_BY, LAST_UPDATE_BY, LAST_UPDATE_TIME) values ('a2830309-01e8-4318-9aed-c5f2a135d056','208d8261-1aac-4b93-a98c-b0a0f5fddfd7','logOutput','true',{ts '2015-11-22 19:44:24.144'},null,null,{ts '2015-11-23 09:03:08.913'});
insert into METL_COMPONENT_SETTING (ID, COMPONENT_ID, NAME, VALUE, CREATE_TIME, CREATE_BY, LAST_UPDATE_BY, LAST_UPDATE_TIME) values ('a4412143-3c41-4581-997d-e54ecdff0707','6a045fca-2920-4037-a8d3-2fae605ceb4b','expected.entity.messages.count','0',{ts '2015-11-18 19:52:55.551'},null,null,{ts '2015-11-18 19:52:55.551'});
insert into METL_COMPONENT_SETTING (ID, COMPONENT_ID, NAME, VALUE, CREATE_TIME, CREATE_BY, LAST_UPDATE_BY, LAST_UPDATE_TIME) values ('a56c7815-4c18-4152-947e-487086f86f86','fd0315f1-315a-49bf-8a71-692b0194614e','run.when','PER UNIT OF WORK',{ts '2015-11-22 19:53:34.361'},null,null,{ts '2015-11-23 08:53:26.482'});
insert into METL_COMPONENT_SETTING (ID, COMPONENT_ID, NAME, VALUE, CREATE_TIME, CREATE_BY, LAST_UPDATE_BY, LAST_UPDATE_TIME) values ('a7f864aa-25fe-46e5-9503-435b3bb32984','a76c7c05-9c3b-4c07-aedb-5f51d8d6b72c','run.when','PER MESSAGE',{ts '2015-11-23 08:52:49.247'},null,null,{ts '2015-11-23 08:55:27.578'});
insert into METL_COMPONENT_SETTING (ID, COMPONENT_ID, NAME, VALUE, CREATE_TIME, CREATE_BY, LAST_UPDATE_BY, LAST_UPDATE_TIME) values ('a9ff5e6e-f888-4766-a4b3-6c8fbcfb7611','02c670ed-2dee-495a-861e-ac2d6e9e51bc','run.when','PER MESSAGE',{ts '2015-11-23 16:08:35.487'},null,null,{ts '2015-11-23 16:14:50.455'});
insert into METL_COMPONENT_SETTING (ID, COMPONENT_ID, NAME, VALUE, CREATE_TIME, CREATE_BY, LAST_UPDATE_BY, LAST_UPDATE_TIME) values ('aa5581fc-a6e7-48ed-86cd-578017bcdfc4','55a22566-e899-43f1-86c0-18c287e8cc13','expected.control.messages.count','0',{ts '2015-11-18 19:53:03.102'},null,null,{ts '2015-11-18 19:53:03.102'});
insert into METL_COMPONENT_SETTING (ID, COMPONENT_ID, NAME, VALUE, CREATE_TIME, CREATE_BY, LAST_UPDATE_BY, LAST_UPDATE_TIME) values ('aec9df7c-b409-414c-aeed-bd63226933b7','2678113b-fcd2-449a-9683-8a9e806ee72f','expected.entity.messages.count','0',{ts '2015-11-18 19:53:05.360'},null,null,{ts '2015-11-18 19:53:05.360'});
insert into METL_COMPONENT_SETTING (ID, COMPONENT_ID, NAME, VALUE, CREATE_TIME, CREATE_BY, LAST_UPDATE_BY, LAST_UPDATE_TIME) values ('b2c634df-7028-4d5c-a5b6-01acbe0c4707','bed44be7-d081-4a66-a6e7-a38751282f53','text','Ernie',{ts '2015-11-16 08:44:35.662'},null,null,{ts '2015-11-16 09:05:16.626'});
insert into METL_COMPONENT_SETTING (ID, COMPONENT_ID, NAME, VALUE, CREATE_TIME, CREATE_BY, LAST_UPDATE_BY, LAST_UPDATE_TIME) values ('b52a9dfe-9f6c-4f68-9721-304b4e7016b5','208d8261-1aac-4b93-a98c-b0a0f5fddfd7','action.on.success','Archive',{ts '2015-11-23 09:03:17.865'},null,null,{ts '2015-11-23 09:03:17.865'});
insert into METL_COMPONENT_SETTING (ID, COMPONENT_ID, NAME, VALUE, CREATE_TIME, CREATE_BY, LAST_UPDATE_BY, LAST_UPDATE_TIME) values ('b5508b25-4e5b-4225-ab39-3d39aa477380','02c670ed-2dee-495a-861e-ac2d6e9e51bc','target.relative.path','outbox',{ts '2015-11-23 16:08:42.228'},null,null,{ts '2015-11-23 16:14:50.455'});
insert into METL_COMPONENT_SETTING (ID, COMPONENT_ID, NAME, VALUE, CREATE_TIME, CREATE_BY, LAST_UPDATE_BY, LAST_UPDATE_TIME) values ('bf330dcb-777b-416b-a09c-3c7fc429ffef','1c1248dc-624e-4e42-8084-46a93042ad6a','expected.control.messages.count','1',{ts '2015-11-18 19:52:58.053'},null,null,{ts '2015-11-18 20:10:35.368'});
insert into METL_COMPONENT_SETTING (ID, COMPONENT_ID, NAME, VALUE, CREATE_TIME, CREATE_BY, LAST_UPDATE_BY, LAST_UPDATE_TIME) values ('c565b527-1fa1-439f-a9c4-5cecb068801d','1a5f050a-313b-43a8-b07f-f951d9fe175f','expected.entity.messages.count','0',{ts '2015-11-16 08:48:06.843'},null,null,{ts '2015-11-16 09:04:56.037'});
insert into METL_COMPONENT_SETTING (ID, COMPONENT_ID, NAME, VALUE, CREATE_TIME, CREATE_BY, LAST_UPDATE_BY, LAST_UPDATE_TIME) values ('c88e8ac0-b4e3-4315-beae-b0012aebeec0','1a5f050a-313b-43a8-b07f-f951d9fe175f','expected.control.messages.count','1',{ts '2015-11-16 08:48:09.769'},null,null,{ts '2015-11-16 09:04:56.036'});
insert into METL_COMPONENT_SETTING (ID, COMPONENT_ID, NAME, VALUE, CREATE_TIME, CREATE_BY, LAST_UPDATE_BY, LAST_UPDATE_TIME) values ('ca3fa823-1839-45c4-9757-14cfde9bb696','f33f62f0-459f-44de-81d5-2050c5b36a5a','text','Bert',{ts '2015-11-16 08:44:10.137'},null,null,{ts '2015-11-16 09:05:14.066'});
insert into METL_COMPONENT_SETTING (ID, COMPONENT_ID, NAME, VALUE, CREATE_TIME, CREATE_BY, LAST_UPDATE_BY, LAST_UPDATE_TIME) values ('ca99c027-fa67-4eca-b7e3-2849dfac77cc','e77a0561-9f96-495c-a577-68720023991c','expected.text.messages.count','2',{ts '2015-11-19 13:50:30.418'},null,null,{ts '2015-11-19 13:50:30.418'});
insert into METL_COMPONENT_SETTING (ID, COMPONENT_ID, NAME, VALUE, CREATE_TIME, CREATE_BY, LAST_UPDATE_BY, LAST_UPDATE_TIME) values ('cb7de2d5-4eaf-4709-a53e-7b526ca81da0','96b565f7-23dd-4082-8d8e-11dd4ce1ae3d','expected.control.messages.count','1',{ts '2015-11-23 08:53:46.052'},null,null,{ts '2015-11-23 08:53:46.052'});
insert into METL_COMPONENT_SETTING (ID, COMPONENT_ID, NAME, VALUE, CREATE_TIME, CREATE_BY, LAST_UPDATE_BY, LAST_UPDATE_TIME) values ('cdbc4761-f2bd-4280-848c-040f60199734','3375321b-21e7-476e-a1f9-9b2e332e4ccb','run.when','PER UNIT OF WORK',{ts '2015-11-19 13:02:59.925'},null,null,{ts '2015-11-19 13:20:05.443'});
insert into METL_COMPONENT_SETTING (ID, COMPONENT_ID, NAME, VALUE, CREATE_TIME, CREATE_BY, LAST_UPDATE_BY, LAST_UPDATE_TIME) values ('cf655fda-ebbb-4bc3-8073-2ec44b4dc18b','6e70d108-d35f-42e1-971d-4b9629986e50','expected.entity.messages.count','0',{ts '2015-11-18 19:53:05.360'},null,null,{ts '2015-11-18 19:54:01.174'});
insert into METL_COMPONENT_SETTING (ID, COMPONENT_ID, NAME, VALUE, CREATE_TIME, CREATE_BY, LAST_UPDATE_BY, LAST_UPDATE_TIME) values ('d0165000-867f-4f93-9932-1079dc2b0501','55a22566-e899-43f1-86c0-18c287e8cc13','expected.text.messages.count','0',{ts '2015-11-18 19:53:02.037'},null,null,{ts '2015-11-18 19:53:02.037'});
insert into METL_COMPONENT_SETTING (ID, COMPONENT_ID, NAME, VALUE, CREATE_TIME, CREATE_BY, LAST_UPDATE_BY, LAST_UPDATE_TIME) values ('d57e3e87-db03-4e5b-b949-870b4d374aa0','02c670ed-2dee-495a-861e-ac2d6e9e51bc','action','Move',{ts '2015-11-23 16:08:50.256'},null,null,{ts '2015-11-23 16:14:50.455'});
insert into METL_COMPONENT_SETTING (ID, COMPONENT_ID, NAME, VALUE, CREATE_TIME, CREATE_BY, LAST_UPDATE_BY, LAST_UPDATE_TIME) values ('ddcebfe8-b31e-402b-89ef-68f40a622d41','6a045fca-2920-4037-a8d3-2fae605ceb4b','expected.text.messages.count','0',{ts '2015-11-18 19:52:57.074'},null,null,{ts '2015-11-18 19:52:57.074'});
insert into METL_COMPONENT_SETTING (ID, COMPONENT_ID, NAME, VALUE, CREATE_TIME, CREATE_BY, LAST_UPDATE_BY, LAST_UPDATE_TIME) values ('e961353f-4c43-4d2d-8da6-2e6a42337020','f96c3f1c-f3ca-407c-ab1d-1b549850dbde','config','[{"matchExpression":"OneColumnEntity.Col1 == \"NOT IT\"","targetStepId":"9b7d953f-89cf-42b3-8fe7-0cff48744a5e"},{"matchExpression":"OneColumnEntity.Col1 == \"one\"","targetStepId":"45a00c30-1228-4b1f-9647-57c92262272b"}]',{ts '2015-11-18 20:22:18.720'},null,null,{ts '2015-11-18 20:36:32.597'});
insert into METL_COMPONENT_SETTING (ID, COMPONENT_ID, NAME, VALUE, CREATE_TIME, CREATE_BY, LAST_UPDATE_BY, LAST_UPDATE_TIME) values ('ea65d7da-a481-45f0-8269-e01b5bc37de0','c33e7448-d69c-44ab-a150-d7fda0123e16','expected.text.messages.count','0',{ts '2015-11-16 09:09:14.583'},null,null,{ts '2015-11-16 09:09:14.583'});
insert into METL_COMPONENT_SETTING (ID, COMPONENT_ID, NAME, VALUE, CREATE_TIME, CREATE_BY, LAST_UPDATE_BY, LAST_UPDATE_TIME) values ('f2e4b81d-5444-4705-a59e-37644477de41','27091e0c-05b8-4feb-8649-927c9ccad3df','file.pattern','inbox/*',{ts '2015-11-23 16:07:41.205'},null,null,{ts '2015-11-23 16:14:48.383'});
insert into METL_COMPONENT_SETTING (ID, COMPONENT_ID, NAME, VALUE, CREATE_TIME, CREATE_BY, LAST_UPDATE_BY, LAST_UPDATE_TIME) values ('f3ae72a6-89dd-4aaa-814b-c9ae640b643e','e77a0561-9f96-495c-a577-68720023991c','expected.control.messages.count','1',{ts '2015-11-19 13:41:32.269'},null,null,{ts '2015-11-19 13:41:32.269'});
insert into METL_COMPONENT_SETTING (ID, COMPONENT_ID, NAME, VALUE, CREATE_TIME, CREATE_BY, LAST_UPDATE_BY, LAST_UPDATE_TIME) values ('f6264e8e-a39d-419a-82e2-291b8197abb9','26095f7c-39e5-43d7-8b3e-520c0131aa50','get.file.name.from.message','true',{ts '2015-11-22 20:01:28.166'},null,null,{ts '2015-11-23 08:54:54.513'});
insert into METL_COMPONENT_SETTING (ID, COMPONENT_ID, NAME, VALUE, CREATE_TIME, CREATE_BY, LAST_UPDATE_BY, LAST_UPDATE_TIME) values ('f9937187-a76f-4ef4-9a2a-af71e18de704','208d8261-1aac-4b93-a98c-b0a0f5fddfd7','archive.on.success.path','archive',{ts '2015-11-23 09:03:22.209'},null,null,{ts '2015-11-23 09:03:22.210'});
insert into METL_COMPONENT_SETTING (ID, COMPONENT_ID, NAME, VALUE, CREATE_TIME, CREATE_BY, LAST_UPDATE_BY, LAST_UPDATE_TIME) values ('faafdfa6-ee9f-4cbb-949b-98ebde495b7a','a76c7c05-9c3b-4c07-aedb-5f51d8d6b72c','read.tag','test',{ts '2015-11-23 08:53:02.445'},null,null,{ts '2015-11-23 08:58:06.192'});
insert into METL_COMPONENT_SETTING (ID, COMPONENT_ID, NAME, VALUE, CREATE_TIME, CREATE_BY, LAST_UPDATE_BY, LAST_UPDATE_TIME) values ('faf41b40-7e13-4689-bfd8-349187e7071b','2678113b-fcd2-449a-9683-8a9e806ee72f','expected.text.messages.count','0',{ts '2015-11-18 19:53:06.321'},null,null,{ts '2015-11-18 19:53:06.321'});
insert into METL_COMPONENT_ATTRIBUTE_SETTING (ID, COMPONENT_ID, ATTRIBUTE_ID, NAME, VALUE, CREATE_TIME, CREATE_BY, LAST_UPDATE_BY, LAST_UPDATE_TIME) values ('0c50c311-9b08-4dac-aea0-697641e6902e','62f7304a-d8a1-47af-a7cc-314665856519','281e88e6-ccdb-44b7-bad9-2c0676ef8ea4','fixed.length.formatter.attribute.ordinal','1',{ts '2015-11-16 08:46:11.882'},null,null,{ts '2015-11-16 09:05:12.459'});
insert into METL_COMPONENT_ATTRIBUTE_SETTING (ID, COMPONENT_ID, ATTRIBUTE_ID, NAME, VALUE, CREATE_TIME, CREATE_BY, LAST_UPDATE_BY, LAST_UPDATE_TIME) values ('49f3daed-2ff2-41b0-8b36-878b08b0e939','f79c903c-c0eb-4a9e-bcfd-a1473e9a65d9','281e88e6-ccdb-44b7-bad9-2c0676ef8ea4','delimited.formatter.attribute.ordinal','1',{ts '2015-11-18 20:24:44.982'},null,null,{ts '2015-11-18 20:24:44.982'});
insert into METL_COMPONENT_ATTRIBUTE_SETTING (ID, COMPONENT_ID, ATTRIBUTE_ID, NAME, VALUE, CREATE_TIME, CREATE_BY, LAST_UPDATE_BY, LAST_UPDATE_TIME) values ('7c682f9a-8251-44b4-b260-5bb2fcdef2fc','62f7304a-d8a1-47af-a7cc-314665856519','281e88e6-ccdb-44b7-bad9-2c0676ef8ea4','fixed.length.formatter.attribute.format.function','',{ts '2015-11-16 08:46:11.883'},null,null,{ts '2015-11-16 09:05:12.459'});
insert into METL_COMPONENT_ATTRIBUTE_SETTING (ID, COMPONENT_ID, ATTRIBUTE_ID, NAME, VALUE, CREATE_TIME, CREATE_BY, LAST_UPDATE_BY, LAST_UPDATE_TIME) values ('8d858640-f464-4afe-b36e-52822ded7394','62f7304a-d8a1-47af-a7cc-314665856519','281e88e6-ccdb-44b7-bad9-2c0676ef8ea4','fixed.length.formatter.attribute.length','100',{ts '2015-11-16 08:46:11.883'},null,null,{ts '2015-11-16 09:05:12.459'});
insert into METL_COMPONENT_ATTRIBUTE_SETTING (ID, COMPONENT_ID, ATTRIBUTE_ID, NAME, VALUE, CREATE_TIME, CREATE_BY, LAST_UPDATE_BY, LAST_UPDATE_TIME) values ('c4747f68-6ba0-4b33-bc40-1688af097a5e','f79c903c-c0eb-4a9e-bcfd-a1473e9a65d9','281e88e6-ccdb-44b7-bad9-2c0676ef8ea4','delimited.formatter.attribute.format.function','',{ts '2015-11-18 20:24:44.985'},null,null,{ts '2015-11-18 20:24:44.985'});
insert into METL_COMPONENT_ATTRIBUTE_SETTING (ID, COMPONENT_ID, ATTRIBUTE_ID, NAME, VALUE, CREATE_TIME, CREATE_BY, LAST_UPDATE_BY, LAST_UPDATE_TIME) values ('e033e023-3842-48a6-80b4-f835524478a4','2b6e4bfe-efca-481a-ac64-aead548e9f28','281e88e6-ccdb-44b7-bad9-2c0676ef8ea4','delimited.formatter.attribute.format.function','',{ts '2015-11-16 08:46:05.548'},null,null,{ts '2015-11-16 09:05:10.770'});
insert into METL_COMPONENT_ATTRIBUTE_SETTING (ID, COMPONENT_ID, ATTRIBUTE_ID, NAME, VALUE, CREATE_TIME, CREATE_BY, LAST_UPDATE_BY, LAST_UPDATE_TIME) values ('f52a99c9-0f57-4627-b59b-9adb1939c7a9','2b6e4bfe-efca-481a-ac64-aead548e9f28','281e88e6-ccdb-44b7-bad9-2c0676ef8ea4','delimited.formatter.attribute.ordinal','1',{ts '2015-11-16 08:46:05.546'},null,null,{ts '2015-11-16 09:05:10.770'});
insert into METL_FLOW (ID, ROW_ID, PROJECT_VERSION_ID, DELETED, NAME, FOLDER_ID, CREATE_TIME, CREATE_BY, LAST_UPDATE_BY, LAST_UPDATE_TIME, TEST) values ('263bcda5-00fb-4d32-a421-cd1e319bbfac','e6210d2c-5116-4ab3-879c-b87746ce7784','a27e7f8c-7ef5-4684-9041-a2fa5682b366',0,'ContentRouter - Validate 1 Control Message is Forwarded',null,{ts '2015-11-18 19:54:01.175'},null,null,{ts '2015-11-18 19:56:30.161'},1);
insert into METL_FLOW (ID, ROW_ID, PROJECT_VERSION_ID, DELETED, NAME, FOLDER_ID, CREATE_TIME, CREATE_BY, LAST_UPDATE_BY, LAST_UPDATE_TIME, TEST) values ('315420ed-ed48-4286-b0e0-5e9e6eb53dd7','677b15c2-9d04-4026-a888-f3a4dd09d318','a27e7f8c-7ef5-4684-9041-a2fa5682b366',0,'File Poller / File Utils - Move',null,{ts '2015-11-23 15:07:52.938'},null,null,{ts '2015-11-23 16:15:02.492'},1);
insert into METL_FLOW (ID, ROW_ID, PROJECT_VERSION_ID, DELETED, NAME, FOLDER_ID, CREATE_TIME, CREATE_BY, LAST_UPDATE_BY, LAST_UPDATE_TIME, TEST) values ('4fb216c3-a39d-43c7-94fe-86bc359b5d00','bdf091d9-7016-4411-a1d6-b743080a7b9a','a27e7f8c-7ef5-4684-9041-a2fa5682b366',0,'NoOp - Validate Number of Messages',null,{ts '2015-11-16 09:07:52.906'},null,null,{ts '2015-11-16 09:09:08.869'},1);
insert into METL_FLOW (ID, ROW_ID, PROJECT_VERSION_ID, DELETED, NAME, FOLDER_ID, CREATE_TIME, CREATE_BY, LAST_UPDATE_BY, LAST_UPDATE_TIME, TEST) values ('8947ef83-1725-400f-8ce4-49bfd45f0d45','04bd7942-fc8d-4891-8c1e-354de85a7755','a27e7f8c-7ef5-4684-9041-a2fa5682b366',0,'File Poller - Directory in local file resource',null,{ts '2015-11-22 19:08:17.313'},null,null,{ts '2015-11-23 08:53:26.481'},1);
insert into METL_FLOW (ID, ROW_ID, PROJECT_VERSION_ID, DELETED, NAME, FOLDER_ID, CREATE_TIME, CREATE_BY, LAST_UPDATE_BY, LAST_UPDATE_TIME, TEST) values ('8c363869-d809-4f13-ad86-1004b8f2cd04','cf96aac5-c4e0-4b9c-bb02-1d64037030f3','a27e7f8c-7ef5-4684-9041-a2fa5682b366',0,'ContentRouter - Validate No Control Messages Are Forwarded',null,{ts '2015-11-18 19:50:16.061'},null,null,{ts '2015-11-18 19:51:41.489'},1);
insert into METL_FLOW (ID, ROW_ID, PROJECT_VERSION_ID, DELETED, NAME, FOLDER_ID, CREATE_TIME, CREATE_BY, LAST_UPDATE_BY, LAST_UPDATE_TIME, TEST) values ('ecc40789-3f16-4769-aa80-df94b1471865','77256fee-9834-458d-a42f-cb67a2c0500b','a27e7f8c-7ef5-4684-9041-a2fa5682b366',0,'Last Unit Of Work',null,{ts '2015-11-16 08:42:53.890'},null,null,{ts '2015-11-16 09:04:53.281'},1);
insert into METL_FLOW (ID, ROW_ID, PROJECT_VERSION_ID, DELETED, NAME, FOLDER_ID, CREATE_TIME, CREATE_BY, LAST_UPDATE_BY, LAST_UPDATE_TIME, TEST) values ('f9d97ec3-47b0-4945-ae0a-6c6e2d010e3b','92171bc9-0cf2-4a37-8c55-ac972c77167f','a27e7f8c-7ef5-4684-9041-a2fa5682b366',0,'RdbmsWriter - Test Multiple Messages',null,{ts '2015-11-19 12:57:01.949'},null,null,{ts '2015-11-19 13:20:05.442'},1);
insert into METL_FLOW (ID, ROW_ID, PROJECT_VERSION_ID, DELETED, NAME, FOLDER_ID, CREATE_TIME, CREATE_BY, LAST_UPDATE_BY, LAST_UPDATE_TIME, TEST) values ('fbbb0b89-8d88-49de-a7dc-bd170dc30b3c','41ca6460-5913-41fb-ba5c-75ab65cf1db6','a27e7f8c-7ef5-4684-9041-a2fa5682b366',0,'ContentRouter - Validate Control Message is Sent after Entity is Forwarded',null,{ts '2015-11-18 20:19:54.730'},null,null,{ts '2015-11-18 20:21:44.991'},1);
insert into METL_FLOW_PARAMETER (ID, FLOW_ID, NAME, DEFAULT_VALUE, POSITION, CREATE_TIME, CREATE_BY, LAST_UPDATE_BY, LAST_UPDATE_TIME) values ('40ff9db9-b83a-4445-8f18-5ac1fd0ded3e','263bcda5-00fb-4d32-a421-cd1e319bbfac','A','Assert 1',1,{ts '2015-11-18 19:50:47.615'},null,null,{ts '2015-11-18 19:54:36.658'});
insert into METL_FLOW_PARAMETER (ID, FLOW_ID, NAME, DEFAULT_VALUE, POSITION, CREATE_TIME, CREATE_BY, LAST_UPDATE_BY, LAST_UPDATE_TIME) values ('d306090f-340d-4e52-b006-a998fce48bc9','8c363869-d809-4f13-ad86-1004b8f2cd04','A','No Forward',1,{ts '2015-11-18 19:50:47.615'},null,null,{ts '2015-11-18 19:52:48.375'});
insert into METL_FLOW_STEP (ID, FLOW_ID, COMPONENT_ID, X, Y, APPROXIMATE_ORDER, CREATE_TIME, CREATE_BY, LAST_UPDATE_BY, LAST_UPDATE_TIME) values ('02262761-85a8-422b-92b5-10405340d93a','8c363869-d809-4f13-ad86-1004b8f2cd04','2678113b-fcd2-449a-9683-8a9e806ee72f',220,240,3,{ts '2015-11-18 19:51:26.303'},null,null,{ts '2015-11-18 19:53:03.514'});
insert into METL_FLOW_STEP (ID, FLOW_ID, COMPONENT_ID, X, Y, APPROXIMATE_ORDER, CREATE_TIME, CREATE_BY, LAST_UPDATE_BY, LAST_UPDATE_TIME) values ('02bf871d-3e36-41f0-ae1c-94671fab7bf4','ecc40789-3f16-4769-aa80-df94b1471865','bed44be7-d081-4a66-a6e7-a38751282f53',180,180,6,{ts '2015-11-16 08:44:03.102'},null,null,{ts '2015-11-16 09:05:16.626'});
insert into METL_FLOW_STEP (ID, FLOW_ID, COMPONENT_ID, X, Y, APPROXIMATE_ORDER, CREATE_TIME, CREATE_BY, LAST_UPDATE_BY, LAST_UPDATE_TIME) values ('0e4ee0a0-16d1-4432-957a-1a395ce309a5','4fb216c3-a39d-43c7-94fe-86bc359b5d00','c33e7448-d69c-44ab-a150-d7fda0123e16',630,40,4,{ts '2015-11-16 09:09:05.939'},null,null,{ts '2015-11-16 09:09:09.701'});
insert into METL_FLOW_STEP (ID, FLOW_ID, COMPONENT_ID, X, Y, APPROXIMATE_ORDER, CREATE_TIME, CREATE_BY, LAST_UPDATE_BY, LAST_UPDATE_TIME) values ('132e77a7-cff5-4668-868c-4ab35a5c2449','8947ef83-1725-400f-8ce4-49bfd45f0d45','d53ca2f0-5542-477b-a395-9e6664827646',660,50,4,{ts '2015-11-23 08:53:15.601'},null,null,{ts '2015-11-23 08:53:30.790'});
insert into METL_FLOW_STEP (ID, FLOW_ID, COMPONENT_ID, X, Y, APPROXIMATE_ORDER, CREATE_TIME, CREATE_BY, LAST_UPDATE_BY, LAST_UPDATE_TIME) values ('137648f7-088e-491f-afff-ff0605263c94','8947ef83-1725-400f-8ce4-49bfd45f0d45','fd0315f1-315a-49bf-8a71-692b0194614e',50,50,0,{ts '2015-11-22 19:09:58.725'},null,null,{ts '2015-11-23 08:53:26.482'});
insert into METL_FLOW_STEP (ID, FLOW_ID, COMPONENT_ID, X, Y, APPROXIMATE_ORDER, CREATE_TIME, CREATE_BY, LAST_UPDATE_BY, LAST_UPDATE_TIME) values ('14e12299-c07b-43b9-8e64-da241f88c770','8c363869-d809-4f13-ad86-1004b8f2cd04','6a045fca-2920-4037-a8d3-2fae605ceb4b',220,20,1,{ts '2015-11-18 19:51:20.321'},null,null,{ts '2015-11-18 19:52:50.491'});
insert into METL_FLOW_STEP (ID, FLOW_ID, COMPONENT_ID, X, Y, APPROXIMATE_ORDER, CREATE_TIME, CREATE_BY, LAST_UPDATE_BY, LAST_UPDATE_TIME) values ('1823d6d8-73b1-4fbd-b07f-fbddfddf3fd2','263bcda5-00fb-4d32-a421-cd1e319bbfac','17687827-1fd2-4d2c-ae43-35173d89c784',60,130,0,{ts '2015-11-18 19:50:41.795'},null,null,{ts '2015-11-18 19:54:01.169'});
insert into METL_FLOW_STEP (ID, FLOW_ID, COMPONENT_ID, X, Y, APPROXIMATE_ORDER, CREATE_TIME, CREATE_BY, LAST_UPDATE_BY, LAST_UPDATE_TIME) values ('1dfa80dc-99f8-4c3e-9359-7922692df419','263bcda5-00fb-4d32-a421-cd1e319bbfac','6e70d108-d35f-42e1-971d-4b9629986e50',220,240,3,{ts '2015-11-18 19:51:26.303'},null,null,{ts '2015-11-18 19:54:01.174'});
insert into METL_FLOW_STEP (ID, FLOW_ID, COMPONENT_ID, X, Y, APPROXIMATE_ORDER, CREATE_TIME, CREATE_BY, LAST_UPDATE_BY, LAST_UPDATE_TIME) values ('2095c2d0-cedc-47cc-b2e4-06f1a09b1307','f9d97ec3-47b0-4945-ae0a-6c6e2d010e3b','28d66bda-726d-4101-90f7-67c648e665ca',230,100,1,{ts '2015-11-19 13:00:37.555'},null,null,{ts '2015-11-19 13:40:44.856'});
insert into METL_FLOW_STEP (ID, FLOW_ID, COMPONENT_ID, X, Y, APPROXIMATE_ORDER, CREATE_TIME, CREATE_BY, LAST_UPDATE_BY, LAST_UPDATE_TIME) values ('23a159d2-1492-43a9-9bae-e0b6d51f5bcb','8947ef83-1725-400f-8ce4-49bfd45f0d45','a76c7c05-9c3b-4c07-aedb-5f51d8d6b72c',500,180,5,{ts '2015-11-23 08:37:47.313'},null,null,{ts '2015-11-23 08:55:27.578'});
insert into METL_FLOW_STEP (ID, FLOW_ID, COMPONENT_ID, X, Y, APPROXIMATE_ORDER, CREATE_TIME, CREATE_BY, LAST_UPDATE_BY, LAST_UPDATE_TIME) values ('26b2da2c-b228-4f47-a9f9-ef2b88217f89','315420ed-ed48-4286-b0e0-5e9e6eb53dd7','02c670ed-2dee-495a-861e-ac2d6e9e51bc',290,30,2,{ts '2015-11-23 16:08:15.636'},null,null,{ts '2015-11-23 16:14:50.456'});
insert into METL_FLOW_STEP (ID, FLOW_ID, COMPONENT_ID, X, Y, APPROXIMATE_ORDER, CREATE_TIME, CREATE_BY, LAST_UPDATE_BY, LAST_UPDATE_TIME) values ('45a00c30-1228-4b1f-9647-57c92262272b','fbbb0b89-8d88-49de-a7dc-bd170dc30b3c','971d9cde-0bcf-44ab-b8b5-97b30c06baf8',540,150,4,{ts '2015-11-18 20:21:39.483'},null,null,{ts '2015-11-18 20:21:50.921'});
insert into METL_FLOW_STEP (ID, FLOW_ID, COMPONENT_ID, X, Y, APPROXIMATE_ORDER, CREATE_TIME, CREATE_BY, LAST_UPDATE_BY, LAST_UPDATE_TIME) values ('4986e203-6001-4c7a-b5e7-249aba258b7e','8c363869-d809-4f13-ad86-1004b8f2cd04','a7207027-5b0f-408f-ace9-0109620975f2',60,130,0,{ts '2015-11-18 19:50:41.795'},null,null,{ts '2015-11-18 19:51:43.956'});
insert into METL_FLOW_STEP (ID, FLOW_ID, COMPONENT_ID, X, Y, APPROXIMATE_ORDER, CREATE_TIME, CREATE_BY, LAST_UPDATE_BY, LAST_UPDATE_TIME) values ('4c6e66fd-fd9a-4f73-9b6a-675e6d51e10d','ecc40789-3f16-4769-aa80-df94b1471865','91097ec1-aa64-4952-b35d-03fa31e46765',670,120,9,{ts '2015-11-16 08:46:56.784'},null,null,{ts '2015-11-16 09:04:58.284'});
insert into METL_FLOW_STEP (ID, FLOW_ID, COMPONENT_ID, X, Y, APPROXIMATE_ORDER, CREATE_TIME, CREATE_BY, LAST_UPDATE_BY, LAST_UPDATE_TIME) values ('50d01c21-79df-427f-9e0a-3a8655de22d4','ecc40789-3f16-4769-aa80-df94b1471865','b6f62fb2-0fb3-40fb-bffb-642018dc267c',460,180,8,{ts '2015-11-16 08:47:34.738'},null,null,{ts '2015-11-16 09:05:01.740'});
insert into METL_FLOW_STEP (ID, FLOW_ID, COMPONENT_ID, X, Y, APPROXIMATE_ORDER, CREATE_TIME, CREATE_BY, LAST_UPDATE_BY, LAST_UPDATE_TIME) values ('547d94cf-a72b-4401-8d07-d99c005d6951','fbbb0b89-8d88-49de-a7dc-bd170dc30b3c','c9a6a016-2415-4fde-8947-0b02b7ad27d9',70,90,1,{ts '2015-11-18 20:20:46.407'},null,null,{ts '2015-11-18 20:21:44.992'});
insert into METL_FLOW_STEP (ID, FLOW_ID, COMPONENT_ID, X, Y, APPROXIMATE_ORDER, CREATE_TIME, CREATE_BY, LAST_UPDATE_BY, LAST_UPDATE_TIME) values ('5618be08-3a72-44fb-8fce-30aaba39351a','263bcda5-00fb-4d32-a421-cd1e319bbfac','2895049e-e3b9-40e8-92b7-5e6577a68187',220,130,2,{ts '2015-11-18 19:51:23.226'},null,null,{ts '2015-11-18 20:10:32.063'});
insert into METL_FLOW_STEP (ID, FLOW_ID, COMPONENT_ID, X, Y, APPROXIMATE_ORDER, CREATE_TIME, CREATE_BY, LAST_UPDATE_BY, LAST_UPDATE_TIME) values ('66407b97-c2f2-455a-9fb3-b5009b3f01b3','4fb216c3-a39d-43c7-94fe-86bc359b5d00','87fd67ba-bb2d-4c07-bcf2-d9c46239c447',210,40,1,{ts '2015-11-16 09:08:25.066'},null,null,{ts '2015-11-16 09:09:08.870'});
insert into METL_FLOW_STEP (ID, FLOW_ID, COMPONENT_ID, X, Y, APPROXIMATE_ORDER, CREATE_TIME, CREATE_BY, LAST_UPDATE_BY, LAST_UPDATE_TIME) values ('666504b7-89ff-40a3-a10c-15779ad2e88e','315420ed-ed48-4286-b0e0-5e9e6eb53dd7','c8ba33e5-ac25-46aa-b091-d65806e9e457',420,30,3,{ts '2015-11-23 16:11:34.427'},null,null,{ts '2015-11-23 16:14:52.783'});
insert into METL_FLOW_STEP (ID, FLOW_ID, COMPONENT_ID, X, Y, APPROXIMATE_ORDER, CREATE_TIME, CREATE_BY, LAST_UPDATE_BY, LAST_UPDATE_TIME) values ('6944e15f-db49-48c2-ad70-c796a1e677b3','8947ef83-1725-400f-8ce4-49bfd45f0d45','96b565f7-23dd-4082-8d8e-11dd4ce1ae3d',660,180,6,{ts '2015-11-23 08:53:21.229'},null,null,{ts '2015-11-23 08:53:26.488'});
insert into METL_FLOW_STEP (ID, FLOW_ID, COMPONENT_ID, X, Y, APPROXIMATE_ORDER, CREATE_TIME, CREATE_BY, LAST_UPDATE_BY, LAST_UPDATE_TIME) values ('697b325d-3e24-4f42-9272-2872b127cabc','ecc40789-3f16-4769-aa80-df94b1471865','f33f62f0-459f-44de-81d5-2050c5b36a5a',180,60,0,{ts '2015-11-16 08:44:00.427'},null,null,{ts '2015-11-16 09:05:14.066'});
insert into METL_FLOW_STEP (ID, FLOW_ID, COMPONENT_ID, X, Y, APPROXIMATE_ORDER, CREATE_TIME, CREATE_BY, LAST_UPDATE_BY, LAST_UPDATE_TIME) values ('8ad6f02f-a9a9-4416-ad09-b6458ef16243','fbbb0b89-8d88-49de-a7dc-bd170dc30b3c','f96c3f1c-f3ca-407c-ab1d-1b549850dbde',360,90,2,{ts '2015-11-18 20:21:24.595'},null,null,{ts '2015-11-18 20:25:19.381'});
insert into METL_FLOW_STEP (ID, FLOW_ID, COMPONENT_ID, X, Y, APPROXIMATE_ORDER, CREATE_TIME, CREATE_BY, LAST_UPDATE_BY, LAST_UPDATE_TIME) values ('94c1a8f3-8a41-47df-9547-76985b0d191f','ecc40789-3f16-4769-aa80-df94b1471865','2b6e4bfe-efca-481a-ac64-aead548e9f28',320,180,7,{ts '2015-11-16 08:45:32.228'},null,null,{ts '2015-11-16 09:05:10.770'});
insert into METL_FLOW_STEP (ID, FLOW_ID, COMPONENT_ID, X, Y, APPROXIMATE_ORDER, CREATE_TIME, CREATE_BY, LAST_UPDATE_BY, LAST_UPDATE_TIME) values ('96b116e9-9074-4658-9756-dbfa7a8aec6b','315420ed-ed48-4286-b0e0-5e9e6eb53dd7','27091e0c-05b8-4feb-8649-927c9ccad3df',160,30,1,{ts '2015-11-23 16:07:30.827'},null,null,{ts '2015-11-23 16:14:48.384'});
insert into METL_FLOW_STEP (ID, FLOW_ID, COMPONENT_ID, X, Y, APPROXIMATE_ORDER, CREATE_TIME, CREATE_BY, LAST_UPDATE_BY, LAST_UPDATE_TIME) values ('9b7d953f-89cf-42b3-8fe7-0cff48744a5e','fbbb0b89-8d88-49de-a7dc-bd170dc30b3c','f15b43b3-d108-492a-ae42-f3c1fcc13a25',540,40,3,{ts '2015-11-18 20:21:37.066'},null,null,{ts '2015-11-19 13:56:52.974'});
insert into METL_FLOW_STEP (ID, FLOW_ID, COMPONENT_ID, X, Y, APPROXIMATE_ORDER, CREATE_TIME, CREATE_BY, LAST_UPDATE_BY, LAST_UPDATE_TIME) values ('a16572c4-9ea6-4fdc-92c3-78be1c4a0ce2','fbbb0b89-8d88-49de-a7dc-bd170dc30b3c','f79c903c-c0eb-4a9e-bcfd-a1473e9a65d9',220,90,1,{ts '2015-11-18 20:21:01.116'},null,null,{ts '2015-11-18 20:24:44.957'});
insert into METL_FLOW_STEP (ID, FLOW_ID, COMPONENT_ID, X, Y, APPROXIMATE_ORDER, CREATE_TIME, CREATE_BY, LAST_UPDATE_BY, LAST_UPDATE_TIME) values ('aa1dcf61-4b47-4854-a1c0-fa9a9e2017f6','ecc40789-3f16-4769-aa80-df94b1471865','1a5f050a-313b-43a8-b07f-f951d9fe175f',820,120,10,{ts '2015-11-16 08:47:39.576'},null,null,{ts '2015-11-16 09:04:56.037'});
insert into METL_FLOW_STEP (ID, FLOW_ID, COMPONENT_ID, X, Y, APPROXIMATE_ORDER, CREATE_TIME, CREATE_BY, LAST_UPDATE_BY, LAST_UPDATE_TIME) values ('b5852c0c-2c26-4f2d-bfac-ab908f8e1d59','4fb216c3-a39d-43c7-94fe-86bc359b5d00','cfbdf8b6-29ba-442f-9e46-2ff85afa09d6',350,40,2,{ts '2015-11-16 09:08:27.106'},null,null,{ts '2015-11-16 09:09:08.871'});
insert into METL_FLOW_STEP (ID, FLOW_ID, COMPONENT_ID, X, Y, APPROXIMATE_ORDER, CREATE_TIME, CREATE_BY, LAST_UPDATE_BY, LAST_UPDATE_TIME) values ('bcbed241-427f-44e2-87d8-30d9b637c5c0','4fb216c3-a39d-43c7-94fe-86bc359b5d00','b4073e92-2cfa-45e8-a447-dcfb41e9e816',60,40,0,{ts '2015-11-16 09:08:23.338'},null,null,{ts '2015-11-16 09:09:08.870'});
insert into METL_FLOW_STEP (ID, FLOW_ID, COMPONENT_ID, X, Y, APPROXIMATE_ORDER, CREATE_TIME, CREATE_BY, LAST_UPDATE_BY, LAST_UPDATE_TIME) values ('c085b1c1-5df3-4059-acf6-07649d807da8','8947ef83-1725-400f-8ce4-49bfd45f0d45','26095f7c-39e5-43d7-8b3e-520c0131aa50',500,50,3,{ts '2015-11-22 20:00:47.792'},null,null,{ts '2015-11-23 08:54:54.513'});
insert into METL_FLOW_STEP (ID, FLOW_ID, COMPONENT_ID, X, Y, APPROXIMATE_ORDER, CREATE_TIME, CREATE_BY, LAST_UPDATE_BY, LAST_UPDATE_TIME) values ('d820bc24-47c1-4206-ae17-fc03f9f3abbd','8947ef83-1725-400f-8ce4-49bfd45f0d45','65b291fe-3ea1-4226-b4cc-c60b04709776',330,50,2,{ts '2015-11-22 20:00:11.635'},null,null,{ts '2015-11-23 08:53:26.484'});
insert into METL_FLOW_STEP (ID, FLOW_ID, COMPONENT_ID, X, Y, APPROXIMATE_ORDER, CREATE_TIME, CREATE_BY, LAST_UPDATE_BY, LAST_UPDATE_TIME) values ('d84c8326-f15e-4e7e-a0de-34803bb9f765','ecc40789-3f16-4769-aa80-df94b1471865','73f3b9e1-bd00-4efd-a3f5-38dc0d4a9833',40,180,5,{ts '2015-11-16 09:04:51.221'},null,null,{ts '2015-11-16 09:05:19.240'});
insert into METL_FLOW_STEP (ID, FLOW_ID, COMPONENT_ID, X, Y, APPROXIMATE_ORDER, CREATE_TIME, CREATE_BY, LAST_UPDATE_BY, LAST_UPDATE_TIME) values ('da2d5438-4a78-45c5-8e18-28cf8cdc66eb','ecc40789-3f16-4769-aa80-df94b1471865','62f7304a-d8a1-47af-a7cc-314665856519',320,60,1,{ts '2015-11-16 08:45:29.852'},null,null,{ts '2015-11-16 09:05:12.460'});
insert into METL_FLOW_STEP (ID, FLOW_ID, COMPONENT_ID, X, Y, APPROXIMATE_ORDER, CREATE_TIME, CREATE_BY, LAST_UPDATE_BY, LAST_UPDATE_TIME) values ('dca844a3-6783-4766-bc26-1d3b384c9db3','ecc40789-3f16-4769-aa80-df94b1471865','351c36bb-eeb1-4f7b-9d4b-27a045a3bf03',460,60,2,{ts '2015-11-16 08:47:28.795'},null,null,{ts '2015-11-16 09:04:59.846'});
insert into METL_FLOW_STEP (ID, FLOW_ID, COMPONENT_ID, X, Y, APPROXIMATE_ORDER, CREATE_TIME, CREATE_BY, LAST_UPDATE_BY, LAST_UPDATE_TIME) values ('e1daff88-bd6f-48fa-9eac-5252d89b156a','8947ef83-1725-400f-8ce4-49bfd45f0d45','208d8261-1aac-4b93-a98c-b0a0f5fddfd7',190,50,1,{ts '2015-11-22 19:41:43.823'},null,null,{ts '2015-11-23 09:03:08.913'});
insert into METL_FLOW_STEP (ID, FLOW_ID, COMPONENT_ID, X, Y, APPROXIMATE_ORDER, CREATE_TIME, CREATE_BY, LAST_UPDATE_BY, LAST_UPDATE_TIME) values ('e3017639-809a-4829-a1ae-8c2c0ae02ed0','315420ed-ed48-4286-b0e0-5e9e6eb53dd7','9d11f30b-ccc2-4612-97dd-7fde79501700',20,30,0,{ts '2015-11-23 16:07:09.848'},null,null,{ts '2015-11-23 17:00:12.575'});
insert into METL_FLOW_STEP (ID, FLOW_ID, COMPONENT_ID, X, Y, APPROXIMATE_ORDER, CREATE_TIME, CREATE_BY, LAST_UPDATE_BY, LAST_UPDATE_TIME) values ('e76ee96f-1c9b-4704-b8b9-d0182e2daed3','f9d97ec3-47b0-4945-ae0a-6c6e2d010e3b','e77a0561-9f96-495c-a577-68720023991c',510,100,3,{ts '2015-11-19 13:20:01.215'},null,null,{ts '2015-11-19 13:40:47.756'});
insert into METL_FLOW_STEP (ID, FLOW_ID, COMPONENT_ID, X, Y, APPROXIMATE_ORDER, CREATE_TIME, CREATE_BY, LAST_UPDATE_BY, LAST_UPDATE_TIME) values ('ed710425-f171-4633-bcd6-d54e58d0abf9','8c363869-d809-4f13-ad86-1004b8f2cd04','55a22566-e899-43f1-86c0-18c287e8cc13',220,130,2,{ts '2015-11-18 19:51:23.226'},null,null,{ts '2015-11-18 19:52:59.036'});
insert into METL_FLOW_STEP (ID, FLOW_ID, COMPONENT_ID, X, Y, APPROXIMATE_ORDER, CREATE_TIME, CREATE_BY, LAST_UPDATE_BY, LAST_UPDATE_TIME) values ('eeda784e-88e8-4cf3-a6ce-bc7db5c152ff','4fb216c3-a39d-43c7-94fe-86bc359b5d00','d5795929-3c9d-46c9-ae70-e889c6f03982',490,40,3,{ts '2015-11-16 09:08:30.713'},null,null,{ts '2015-11-16 09:09:08.871'});
insert into METL_FLOW_STEP (ID, FLOW_ID, COMPONENT_ID, X, Y, APPROXIMATE_ORDER, CREATE_TIME, CREATE_BY, LAST_UPDATE_BY, LAST_UPDATE_TIME) values ('f226bc1b-9dd2-4ecd-bb6c-357130c13441','263bcda5-00fb-4d32-a421-cd1e319bbfac','1c1248dc-624e-4e42-8084-46a93042ad6a',220,20,1,{ts '2015-11-18 19:51:20.321'},null,null,{ts '2015-11-18 20:10:35.368'});
insert into METL_FLOW_STEP (ID, FLOW_ID, COMPONENT_ID, X, Y, APPROXIMATE_ORDER, CREATE_TIME, CREATE_BY, LAST_UPDATE_BY, LAST_UPDATE_TIME) values ('f3388997-ce0d-40c7-a3a8-3024702e56c6','f9d97ec3-47b0-4945-ae0a-6c6e2d010e3b','21f2e3f3-f04a-4b71-a2cd-0e3104422ea4',370,100,2,{ts '2015-11-19 13:02:08.500'},null,null,{ts '2015-11-19 13:40:46.563'});
insert into METL_FLOW_STEP (ID, FLOW_ID, COMPONENT_ID, X, Y, APPROXIMATE_ORDER, CREATE_TIME, CREATE_BY, LAST_UPDATE_BY, LAST_UPDATE_TIME) values ('ff8830b7-4aa1-40a6-a583-f3df08cca6a2','f9d97ec3-47b0-4945-ae0a-6c6e2d010e3b','3375321b-21e7-476e-a1f9-9b2e332e4ccb',90,100,0,{ts '2015-11-19 12:57:43.946'},null,null,{ts '2015-11-19 13:20:05.443'});
insert into METL_FLOW_STEP_LINK (SOURCE_STEP_ID, TARGET_STEP_ID, CREATE_TIME, CREATE_BY, LAST_UPDATE_BY, LAST_UPDATE_TIME) values ('02bf871d-3e36-41f0-ae1c-94671fab7bf4','94c1a8f3-8a41-47df-9547-76985b0d191f',{ts '2015-11-16 08:46:04.689'},null,null,{ts '2015-11-16 09:04:53.292'});
insert into METL_FLOW_STEP_LINK (SOURCE_STEP_ID, TARGET_STEP_ID, CREATE_TIME, CREATE_BY, LAST_UPDATE_BY, LAST_UPDATE_TIME) values ('137648f7-088e-491f-afff-ff0605263c94','e1daff88-bd6f-48fa-9eac-5252d89b156a',{ts '2015-11-22 19:43:26.387'},null,null,{ts '2015-11-23 08:53:26.489'});
insert into METL_FLOW_STEP_LINK (SOURCE_STEP_ID, TARGET_STEP_ID, CREATE_TIME, CREATE_BY, LAST_UPDATE_BY, LAST_UPDATE_TIME) values ('1823d6d8-73b1-4fbd-b07f-fbddfddf3fd2','1dfa80dc-99f8-4c3e-9359-7922692df419',{ts '2015-11-18 19:51:41.489'},null,null,{ts '2015-11-18 19:54:01.174'});
insert into METL_FLOW_STEP_LINK (SOURCE_STEP_ID, TARGET_STEP_ID, CREATE_TIME, CREATE_BY, LAST_UPDATE_BY, LAST_UPDATE_TIME) values ('1823d6d8-73b1-4fbd-b07f-fbddfddf3fd2','5618be08-3a72-44fb-8fce-30aaba39351a',{ts '2015-11-18 19:51:39.510'},null,null,{ts '2015-11-18 19:54:01.174'});
insert into METL_FLOW_STEP_LINK (SOURCE_STEP_ID, TARGET_STEP_ID, CREATE_TIME, CREATE_BY, LAST_UPDATE_BY, LAST_UPDATE_TIME) values ('1823d6d8-73b1-4fbd-b07f-fbddfddf3fd2','f226bc1b-9dd2-4ecd-bb6c-357130c13441',{ts '2015-11-18 19:51:37.398'},null,null,{ts '2015-11-18 19:54:01.174'});
insert into METL_FLOW_STEP_LINK (SOURCE_STEP_ID, TARGET_STEP_ID, CREATE_TIME, CREATE_BY, LAST_UPDATE_BY, LAST_UPDATE_TIME) values ('2095c2d0-cedc-47cc-b2e4-06f1a09b1307','f3388997-ce0d-40c7-a3a8-3024702e56c6',{ts '2015-11-19 13:02:11.805'},null,null,{ts '2015-11-19 13:20:05.447'});
insert into METL_FLOW_STEP_LINK (SOURCE_STEP_ID, TARGET_STEP_ID, CREATE_TIME, CREATE_BY, LAST_UPDATE_BY, LAST_UPDATE_TIME) values ('23a159d2-1492-43a9-9bae-e0b6d51f5bcb','6944e15f-db49-48c2-ad70-c796a1e677b3',{ts '2015-11-23 08:53:26.480'},null,null,{ts '2015-11-23 08:53:26.490'});
insert into METL_FLOW_STEP_LINK (SOURCE_STEP_ID, TARGET_STEP_ID, CREATE_TIME, CREATE_BY, LAST_UPDATE_BY, LAST_UPDATE_TIME) values ('26b2da2c-b228-4f47-a9f9-ef2b88217f89','666504b7-89ff-40a3-a10c-15779ad2e88e',{ts '2015-11-23 16:11:37.708'},null,null,{ts '2015-11-23 16:11:37.713'});
insert into METL_FLOW_STEP_LINK (SOURCE_STEP_ID, TARGET_STEP_ID, CREATE_TIME, CREATE_BY, LAST_UPDATE_BY, LAST_UPDATE_TIME) values ('4986e203-6001-4c7a-b5e7-249aba258b7e','02262761-85a8-422b-92b5-10405340d93a',{ts '2015-11-18 19:51:41.489'},null,null,{ts '2015-11-18 19:51:41.493'});
insert into METL_FLOW_STEP_LINK (SOURCE_STEP_ID, TARGET_STEP_ID, CREATE_TIME, CREATE_BY, LAST_UPDATE_BY, LAST_UPDATE_TIME) values ('4986e203-6001-4c7a-b5e7-249aba258b7e','14e12299-c07b-43b9-8e64-da241f88c770',{ts '2015-11-18 19:51:37.398'},null,null,{ts '2015-11-18 19:51:41.493'});
insert into METL_FLOW_STEP_LINK (SOURCE_STEP_ID, TARGET_STEP_ID, CREATE_TIME, CREATE_BY, LAST_UPDATE_BY, LAST_UPDATE_TIME) values ('4986e203-6001-4c7a-b5e7-249aba258b7e','ed710425-f171-4633-bcd6-d54e58d0abf9',{ts '2015-11-18 19:51:39.510'},null,null,{ts '2015-11-18 19:51:41.493'});
insert into METL_FLOW_STEP_LINK (SOURCE_STEP_ID, TARGET_STEP_ID, CREATE_TIME, CREATE_BY, LAST_UPDATE_BY, LAST_UPDATE_TIME) values ('4c6e66fd-fd9a-4f73-9b6a-675e6d51e10d','aa1dcf61-4b47-4854-a1c0-fa9a9e2017f6',{ts '2015-11-16 08:47:42.182'},null,null,{ts '2015-11-16 09:04:53.293'});
insert into METL_FLOW_STEP_LINK (SOURCE_STEP_ID, TARGET_STEP_ID, CREATE_TIME, CREATE_BY, LAST_UPDATE_BY, LAST_UPDATE_TIME) values ('50d01c21-79df-427f-9e0a-3a8655de22d4','4c6e66fd-fd9a-4f73-9b6a-675e6d51e10d',{ts '2015-11-16 08:47:45.422'},null,null,{ts '2015-11-16 09:04:53.293'});
insert into METL_FLOW_STEP_LINK (SOURCE_STEP_ID, TARGET_STEP_ID, CREATE_TIME, CREATE_BY, LAST_UPDATE_BY, LAST_UPDATE_TIME) values ('547d94cf-a72b-4401-8d07-d99c005d6951','a16572c4-9ea6-4fdc-92c3-78be1c4a0ce2',{ts '2015-11-18 20:21:05.795'},null,null,{ts '2015-11-18 20:21:44.995'});
insert into METL_FLOW_STEP_LINK (SOURCE_STEP_ID, TARGET_STEP_ID, CREATE_TIME, CREATE_BY, LAST_UPDATE_BY, LAST_UPDATE_TIME) values ('66407b97-c2f2-455a-9fb3-b5009b3f01b3','b5852c0c-2c26-4f2d-bfac-ab908f8e1d59',{ts '2015-11-16 09:08:58.313'},null,null,{ts '2015-11-16 09:09:08.872'});
insert into METL_FLOW_STEP_LINK (SOURCE_STEP_ID, TARGET_STEP_ID, CREATE_TIME, CREATE_BY, LAST_UPDATE_BY, LAST_UPDATE_TIME) values ('697b325d-3e24-4f42-9272-2872b127cabc','da2d5438-4a78-45c5-8e18-28cf8cdc66eb',{ts '2015-11-16 08:46:00.900'},null,null,{ts '2015-11-16 09:04:53.291'});
insert into METL_FLOW_STEP_LINK (SOURCE_STEP_ID, TARGET_STEP_ID, CREATE_TIME, CREATE_BY, LAST_UPDATE_BY, LAST_UPDATE_TIME) values ('8ad6f02f-a9a9-4416-ad09-b6458ef16243','45a00c30-1228-4b1f-9647-57c92262272b',{ts '2015-11-18 20:21:44.991'},null,null,{ts '2015-11-18 20:21:44.995'});
insert into METL_FLOW_STEP_LINK (SOURCE_STEP_ID, TARGET_STEP_ID, CREATE_TIME, CREATE_BY, LAST_UPDATE_BY, LAST_UPDATE_TIME) values ('8ad6f02f-a9a9-4416-ad09-b6458ef16243','9b7d953f-89cf-42b3-8fe7-0cff48744a5e',{ts '2015-11-18 20:21:43.080'},null,null,{ts '2015-11-18 20:21:44.995'});
insert into METL_FLOW_STEP_LINK (SOURCE_STEP_ID, TARGET_STEP_ID, CREATE_TIME, CREATE_BY, LAST_UPDATE_BY, LAST_UPDATE_TIME) values ('94c1a8f3-8a41-47df-9547-76985b0d191f','50d01c21-79df-427f-9e0a-3a8655de22d4',{ts '2015-11-16 08:47:37.444'},null,null,{ts '2015-11-16 09:04:53.292'});
insert into METL_FLOW_STEP_LINK (SOURCE_STEP_ID, TARGET_STEP_ID, CREATE_TIME, CREATE_BY, LAST_UPDATE_BY, LAST_UPDATE_TIME) values ('96b116e9-9074-4658-9756-dbfa7a8aec6b','26b2da2c-b228-4f47-a9f9-ef2b88217f89',{ts '2015-11-23 16:08:19.167'},null,null,{ts '2015-11-23 16:11:37.713'});
insert into METL_FLOW_STEP_LINK (SOURCE_STEP_ID, TARGET_STEP_ID, CREATE_TIME, CREATE_BY, LAST_UPDATE_BY, LAST_UPDATE_TIME) values ('a16572c4-9ea6-4fdc-92c3-78be1c4a0ce2','8ad6f02f-a9a9-4416-ad09-b6458ef16243',{ts '2015-11-18 20:21:27.036'},null,null,{ts '2015-11-18 20:21:44.995'});
insert into METL_FLOW_STEP_LINK (SOURCE_STEP_ID, TARGET_STEP_ID, CREATE_TIME, CREATE_BY, LAST_UPDATE_BY, LAST_UPDATE_TIME) values ('b5852c0c-2c26-4f2d-bfac-ab908f8e1d59','eeda784e-88e8-4cf3-a6ce-bc7db5c152ff',{ts '2015-11-16 09:09:00.062'},null,null,{ts '2015-11-16 09:09:08.872'});
insert into METL_FLOW_STEP_LINK (SOURCE_STEP_ID, TARGET_STEP_ID, CREATE_TIME, CREATE_BY, LAST_UPDATE_BY, LAST_UPDATE_TIME) values ('bcbed241-427f-44e2-87d8-30d9b637c5c0','66407b97-c2f2-455a-9fb3-b5009b3f01b3',{ts '2015-11-16 09:08:41.185'},null,null,{ts '2015-11-16 09:09:08.872'});
insert into METL_FLOW_STEP_LINK (SOURCE_STEP_ID, TARGET_STEP_ID, CREATE_TIME, CREATE_BY, LAST_UPDATE_BY, LAST_UPDATE_TIME) values ('c085b1c1-5df3-4059-acf6-07649d807da8','132e77a7-cff5-4668-868c-4ab35a5c2449',{ts '2015-11-23 08:53:19.237'},null,null,{ts '2015-11-23 08:53:26.489'});
insert into METL_FLOW_STEP_LINK (SOURCE_STEP_ID, TARGET_STEP_ID, CREATE_TIME, CREATE_BY, LAST_UPDATE_BY, LAST_UPDATE_TIME) values ('d820bc24-47c1-4206-ae17-fc03f9f3abbd','23a159d2-1492-43a9-9bae-e0b6d51f5bcb',{ts '2015-11-23 08:37:50.772'},null,null,{ts '2015-11-23 08:53:26.489'});
insert into METL_FLOW_STEP_LINK (SOURCE_STEP_ID, TARGET_STEP_ID, CREATE_TIME, CREATE_BY, LAST_UPDATE_BY, LAST_UPDATE_TIME) values ('d820bc24-47c1-4206-ae17-fc03f9f3abbd','c085b1c1-5df3-4059-acf6-07649d807da8',{ts '2015-11-22 20:00:53.155'},null,null,{ts '2015-11-23 08:53:26.489'});
insert into METL_FLOW_STEP_LINK (SOURCE_STEP_ID, TARGET_STEP_ID, CREATE_TIME, CREATE_BY, LAST_UPDATE_BY, LAST_UPDATE_TIME) values ('d84c8326-f15e-4e7e-a0de-34803bb9f765','02bf871d-3e36-41f0-ae1c-94671fab7bf4',{ts '2015-11-16 09:04:53.281'},null,null,{ts '2015-11-16 09:04:53.294'});
insert into METL_FLOW_STEP_LINK (SOURCE_STEP_ID, TARGET_STEP_ID, CREATE_TIME, CREATE_BY, LAST_UPDATE_BY, LAST_UPDATE_TIME) values ('da2d5438-4a78-45c5-8e18-28cf8cdc66eb','dca844a3-6783-4766-bc26-1d3b384c9db3',{ts '2015-11-16 08:47:31.936'},null,null,{ts '2015-11-16 09:04:53.292'});
insert into METL_FLOW_STEP_LINK (SOURCE_STEP_ID, TARGET_STEP_ID, CREATE_TIME, CREATE_BY, LAST_UPDATE_BY, LAST_UPDATE_TIME) values ('dca844a3-6783-4766-bc26-1d3b384c9db3','4c6e66fd-fd9a-4f73-9b6a-675e6d51e10d',{ts '2015-11-16 08:47:43.869'},null,null,{ts '2015-11-16 09:04:53.292'});
insert into METL_FLOW_STEP_LINK (SOURCE_STEP_ID, TARGET_STEP_ID, CREATE_TIME, CREATE_BY, LAST_UPDATE_BY, LAST_UPDATE_TIME) values ('e1daff88-bd6f-48fa-9eac-5252d89b156a','d820bc24-47c1-4206-ae17-fc03f9f3abbd',{ts '2015-11-22 20:00:15.176'},null,null,{ts '2015-11-23 08:53:26.489'});
insert into METL_FLOW_STEP_LINK (SOURCE_STEP_ID, TARGET_STEP_ID, CREATE_TIME, CREATE_BY, LAST_UPDATE_BY, LAST_UPDATE_TIME) values ('e3017639-809a-4829-a1ae-8c2c0ae02ed0','96b116e9-9074-4658-9756-dbfa7a8aec6b',{ts '2015-11-23 16:07:33.168'},null,null,{ts '2015-11-23 16:11:37.713'});
insert into METL_FLOW_STEP_LINK (SOURCE_STEP_ID, TARGET_STEP_ID, CREATE_TIME, CREATE_BY, LAST_UPDATE_BY, LAST_UPDATE_TIME) values ('eeda784e-88e8-4cf3-a6ce-bc7db5c152ff','0e4ee0a0-16d1-4432-957a-1a395ce309a5',{ts '2015-11-16 09:09:08.869'},null,null,{ts '2015-11-16 09:09:08.872'});
insert into METL_FLOW_STEP_LINK (SOURCE_STEP_ID, TARGET_STEP_ID, CREATE_TIME, CREATE_BY, LAST_UPDATE_BY, LAST_UPDATE_TIME) values ('f3388997-ce0d-40c7-a3a8-3024702e56c6','e76ee96f-1c9b-4704-b8b9-d0182e2daed3',{ts '2015-11-19 13:20:05.442'},null,null,{ts '2015-11-19 13:20:05.447'});
insert into METL_FLOW_STEP_LINK (SOURCE_STEP_ID, TARGET_STEP_ID, CREATE_TIME, CREATE_BY, LAST_UPDATE_BY, LAST_UPDATE_TIME) values ('ff8830b7-4aa1-40a6-a583-f3df08cca6a2','2095c2d0-cedc-47cc-b2e4-06f1a09b1307',{ts '2015-11-19 13:00:40.769'},null,null,{ts '2015-11-19 13:20:05.446'});
