DELETE FROM METL_FLOW_STEP_LINK WHERE SOURCE_STEP_ID IN (SELECT ID FROM METL_FLOW_STEP WHERE FLOW_ID IN (SELECT ID FROM METL_FLOW WHERE PROJECT_VERSION_ID='de12fc2b-e9f2-4f8d-8dd5-682af7083e21' ));
DELETE FROM METL_FLOW_STEP WHERE FLOW_ID IN (SELECT ID FROM METL_FLOW WHERE PROJECT_VERSION_ID='de12fc2b-e9f2-4f8d-8dd5-682af7083e21' );
DELETE FROM METL_FLOW_PARAMETER WHERE FLOW_ID IN (SELECT ID FROM METL_FLOW WHERE PROJECT_VERSION_ID='de12fc2b-e9f2-4f8d-8dd5-682af7083e21' );
DELETE FROM METL_FLOW WHERE PROJECT_VERSION_ID='de12fc2b-e9f2-4f8d-8dd5-682af7083e21' ;
DELETE FROM METL_COMPONENT_ATTRIBUTE_SETTING WHERE COMPONENT_ID IN (SELECT ID FROM METL_COMPONENT WHERE PROJECT_VERSION_ID='de12fc2b-e9f2-4f8d-8dd5-682af7083e21' );
DELETE FROM METL_COMPONENT_ENTITY_SETTING WHERE COMPONENT_ID IN (SELECT ID FROM METL_COMPONENT WHERE PROJECT_VERSION_ID='de12fc2b-e9f2-4f8d-8dd5-682af7083e21' );
DELETE FROM METL_COMPONENT_SETTING WHERE COMPONENT_ID IN (SELECT ID FROM METL_COMPONENT WHERE PROJECT_VERSION_ID='de12fc2b-e9f2-4f8d-8dd5-682af7083e21' );
DELETE FROM METL_COMPONENT WHERE PROJECT_VERSION_ID='de12fc2b-e9f2-4f8d-8dd5-682af7083e21' ;
DELETE FROM METL_RESOURCE_SETTING WHERE RESOURCE_ID IN (SELECT ID FROM METL_RESOURCE WHERE PROJECT_VERSION_ID='de12fc2b-e9f2-4f8d-8dd5-682af7083e21' );
DELETE FROM METL_RESOURCE WHERE PROJECT_VERSION_ID='de12fc2b-e9f2-4f8d-8dd5-682af7083e21' ;
DELETE FROM METL_MODEL_ATTRIBUTE WHERE ENTITY_ID IN (SELECT ID FROM METL_MODEL_ENTITY WHERE MODEL_ID in (SELECT ID FROM METL_MODEL WHERE PROJECT_VERSION_ID='de12fc2b-e9f2-4f8d-8dd5-682af7083e21' ));
DELETE FROM METL_MODEL_ENTITY WHERE MODEL_ID in (SELECT ID FROM METL_MODEL WHERE PROJECT_VERSION_ID='de12fc2b-e9f2-4f8d-8dd5-682af7083e21' );
DELETE FROM METL_MODEL WHERE PROJECT_VERSION_ID='de12fc2b-e9f2-4f8d-8dd5-682af7083e21' ;
DELETE FROM METL_FOLDER WHERE PROJECT_VERSION_ID='de12fc2b-e9f2-4f8d-8dd5-682af7083e21';
DELETE FROM METL_PROJECT_VERSION WHERE ID='de12fc2b-e9f2-4f8d-8dd5-682af7083e21';
DELETE FROM METL_PROJECT WHERE ID='58241332-d21d-4ddf-8e79-0a624ad63c20';
insert into METL_PROJECT (ID, NAME, DESCRIPTION, DELETED, CREATE_TIME, CREATE_BY, LAST_UPDATE_BY, LAST_UPDATE_TIME) values ('58241332-d21d-4ddf-8e79-0a624ad63c20','RDBMSReader Flow Test','This project contains tests for Metl.  It is run during the build.',0,{ts '2015-12-02 07:56:34.106'},null,null,{ts '2015-12-02 07:57:01.687'});
insert into METL_PROJECT_VERSION (ID, VERSION_LABEL, PROJECT_ID, ORIG_VERSION_ID, DESCRIPTION, LOCKED, ARCHIVED, DELETED, CREATE_TIME, CREATE_BY, LAST_UPDATE_BY, LAST_UPDATE_TIME) values ('de12fc2b-e9f2-4f8d-8dd5-682af7083e21','1.0','58241332-d21d-4ddf-8e79-0a624ad63c20',null,null,0,0,0,{ts '2015-12-02 07:56:34.106'},null,null,{ts '2015-12-02 07:56:34.107'});
insert into METL_MODEL (ID, ROW_ID, PROJECT_VERSION_ID, DELETED, NAME, SHARED, FOLDER_ID, CREATE_TIME, CREATE_BY, LAST_UPDATE_BY, LAST_UPDATE_TIME) values ('7112cb2c-5966-4e1d-b314-4936a56e9495','108dabf4-31c1-44fe-81e1-a7851974d31f','de12fc2b-e9f2-4f8d-8dd5-682af7083e21',0,'model1',0,null,{ts '2015-12-02 07:58:11.501'},null,null,{ts '2015-12-02 07:58:15.030'});
insert into METL_MODEL_ENTITY (ID, MODEL_ID, NAME, CREATE_TIME, CREATE_BY, LAST_UPDATE_BY, LAST_UPDATE_TIME) values ('793678e1-825e-4021-98ad-045ed969a2c8','7112cb2c-5966-4e1d-b314-4936a56e9495','table1',{ts '2015-12-02 07:58:18.570'},null,null,{ts '2015-12-19 11:30:51.637'});
insert into METL_MODEL_ATTRIBUTE (ID, ENTITY_ID, NAME, TYPE, TYPE_ENTITY_ID, PK, CREATE_TIME, CREATE_BY, LAST_UPDATE_BY, LAST_UPDATE_TIME) values ('13f29117-e097-42bb-a09b-8b6de7de61d9','793678e1-825e-4021-98ad-045ed969a2c8','id','INTEGER',null,1,{ts '2015-12-02 07:58:21.968'},null,null,{ts '2015-12-02 07:58:29.939'});
insert into METL_MODEL_ATTRIBUTE (ID, ENTITY_ID, NAME, TYPE, TYPE_ENTITY_ID, PK, CREATE_TIME, CREATE_BY, LAST_UPDATE_BY, LAST_UPDATE_TIME) values ('3fb0e876-f8fe-405e-9baa-078196aec6bd','793678e1-825e-4021-98ad-045ed969a2c8','parent','INTEGER',null,0,{ts '2015-12-02 07:58:31.445'},null,null,{ts '2015-12-02 07:58:41.525'});
insert into METL_RESOURCE (ID, ROW_ID, PROJECT_VERSION_ID, DELETED, NAME, TYPE, FOLDER_ID, CREATE_TIME, CREATE_BY, LAST_UPDATE_BY, LAST_UPDATE_TIME) values ('b9dda482-ae92-43af-beb8-4396c5d125c0','04f7eabc-f8bb-4bbc-bf22-637302bd63f8','de12fc2b-e9f2-4f8d-8dd5-682af7083e21',0,'database','Database',null,{ts '2015-12-02 07:57:21.052'},null,null,{ts '2015-12-02 07:57:23.258'});
insert into METL_COMPONENT (ID, ROW_ID, PROJECT_VERSION_ID, DELETED, NAME, TYPE, FOLDER_ID, SHARED, INPUT_MODEL_ID, OUTPUT_MODEL_ID, RESOURCE_ID, CREATE_TIME, CREATE_BY, LAST_UPDATE_BY, LAST_UPDATE_TIME) values ('0f20d8d1-76a1-466c-8f22-1e780cf2c169','5503f634-3ba2-49ff-a61b-c208616f5a3b','de12fc2b-e9f2-4f8d-8dd5-682af7083e21',0,'Assert 1','Assert',null,0,'7112cb2c-5966-4e1d-b314-4936a56e9495',null,null,{ts '2015-12-19 10:51:41.153'},null,null,{ts '2015-12-19 10:51:44.532'});
insert into METL_COMPONENT (ID, ROW_ID, PROJECT_VERSION_ID, DELETED, NAME, TYPE, FOLDER_ID, SHARED, INPUT_MODEL_ID, OUTPUT_MODEL_ID, RESOURCE_ID, CREATE_TIME, CREATE_BY, LAST_UPDATE_BY, LAST_UPDATE_TIME) values ('109a913f-83ae-4525-9d63-2b774484a9b1','a8d0c237-ccda-48e9-8d2d-6a36b91cc401','de12fc2b-e9f2-4f8d-8dd5-682af7083e21',0,'Sql Executor 1','Sql Executor',null,0,null,null,'b9dda482-ae92-43af-beb8-4396c5d125c0',{ts '2015-12-19 10:49:05.122'},null,null,{ts '2015-12-19 10:51:44.529'});
insert into METL_COMPONENT (ID, ROW_ID, PROJECT_VERSION_ID, DELETED, NAME, TYPE, FOLDER_ID, SHARED, INPUT_MODEL_ID, OUTPUT_MODEL_ID, RESOURCE_ID, CREATE_TIME, CREATE_BY, LAST_UPDATE_BY, LAST_UPDATE_TIME) values ('10be6a22-4dfe-4ba5-9747-97ed47158092','ee7a676d-252d-4eec-8a03-c64bfea97cae','de12fc2b-e9f2-4f8d-8dd5-682af7083e21',0,'Recursive Reader','RDBMS Reader',null,0,'7112cb2c-5966-4e1d-b314-4936a56e9495','7112cb2c-5966-4e1d-b314-4936a56e9495','b9dda482-ae92-43af-beb8-4396c5d125c0',{ts '2015-12-19 10:50:49.467'},null,null,{ts '2015-12-19 10:51:44.531'});
insert into METL_COMPONENT (ID, ROW_ID, PROJECT_VERSION_ID, DELETED, NAME, TYPE, FOLDER_ID, SHARED, INPUT_MODEL_ID, OUTPUT_MODEL_ID, RESOURCE_ID, CREATE_TIME, CREATE_BY, LAST_UPDATE_BY, LAST_UPDATE_TIME) values ('352d7005-8152-4c14-a7f2-6c6d1a64dad1','4ed9ccef-8721-42a8-a6ed-3424d4b11622','de12fc2b-e9f2-4f8d-8dd5-682af7083e21',0,'Assert all children','Assert',null,0,'7112cb2c-5966-4e1d-b314-4936a56e9495',null,null,{ts '2015-12-13 21:07:36.818'},null,null,{ts '2015-12-14 08:57:55.203'});
insert into METL_COMPONENT (ID, ROW_ID, PROJECT_VERSION_ID, DELETED, NAME, TYPE, FOLDER_ID, SHARED, INPUT_MODEL_ID, OUTPUT_MODEL_ID, RESOURCE_ID, CREATE_TIME, CREATE_BY, LAST_UPDATE_BY, LAST_UPDATE_TIME) values ('68c18891-81c9-4ced-8275-5d81822fbb0b','fe5030f1-3958-414e-a2fd-296379d9d8ac','de12fc2b-e9f2-4f8d-8dd5-682af7083e21',0,'Recursive reader','RDBMS Reader',null,0,'7112cb2c-5966-4e1d-b314-4936a56e9495','7112cb2c-5966-4e1d-b314-4936a56e9495','b9dda482-ae92-43af-beb8-4396c5d125c0',{ts '2015-12-02 08:05:10.318'},null,null,{ts '2015-12-14 08:57:23.637'});
insert into METL_COMPONENT (ID, ROW_ID, PROJECT_VERSION_ID, DELETED, NAME, TYPE, FOLDER_ID, SHARED, INPUT_MODEL_ID, OUTPUT_MODEL_ID, RESOURCE_ID, CREATE_TIME, CREATE_BY, LAST_UPDATE_BY, LAST_UPDATE_TIME) values ('71c71450-5464-4881-9a68-0eae96e17659','69258ce9-639f-4288-8a0c-cb8bd927694b','de12fc2b-e9f2-4f8d-8dd5-682af7083e21',0,'Message Logger 1','Message Logger',null,0,'7112cb2c-5966-4e1d-b314-4936a56e9495',null,null,{ts '2015-12-02 15:38:23.582'},null,null,{ts '2015-12-14 08:57:23.640'});
insert into METL_COMPONENT (ID, ROW_ID, PROJECT_VERSION_ID, DELETED, NAME, TYPE, FOLDER_ID, SHARED, INPUT_MODEL_ID, OUTPUT_MODEL_ID, RESOURCE_ID, CREATE_TIME, CREATE_BY, LAST_UPDATE_BY, LAST_UPDATE_TIME) values ('cad27cf2-a3eb-4368-8524-bede85cebc3b','854db861-4327-4b42-8d25-813262650aac','de12fc2b-e9f2-4f8d-8dd5-682af7083e21',0,'Reader to Start Recursion','RDBMS Reader',null,0,null,'7112cb2c-5966-4e1d-b314-4936a56e9495','b9dda482-ae92-43af-beb8-4396c5d125c0',{ts '2015-12-19 10:49:37.319'},null,null,{ts '2015-12-19 10:51:44.530'});
insert into METL_COMPONENT (ID, ROW_ID, PROJECT_VERSION_ID, DELETED, NAME, TYPE, FOLDER_ID, SHARED, INPUT_MODEL_ID, OUTPUT_MODEL_ID, RESOURCE_ID, CREATE_TIME, CREATE_BY, LAST_UPDATE_BY, LAST_UPDATE_TIME) values ('dc10575c-f44e-45d9-a0eb-64b7ac11292d','fbb7f6ff-1e5c-49c7-8271-16f68bca514b','de12fc2b-e9f2-4f8d-8dd5-682af7083e21',0,'Reader to start recursion','RDBMS Reader',null,0,null,'7112cb2c-5966-4e1d-b314-4936a56e9495','b9dda482-ae92-43af-beb8-4396c5d125c0',{ts '2015-12-02 08:03:39.411'},null,null,{ts '2015-12-14 08:57:23.637'});
insert into METL_COMPONENT (ID, ROW_ID, PROJECT_VERSION_ID, DELETED, NAME, TYPE, FOLDER_ID, SHARED, INPUT_MODEL_ID, OUTPUT_MODEL_ID, RESOURCE_ID, CREATE_TIME, CREATE_BY, LAST_UPDATE_BY, LAST_UPDATE_TIME) values ('eb5c37c2-1690-4854-a350-aa56494b99d7','3f0e6a57-147d-4f5f-b304-e8dc1b5cb75a','de12fc2b-e9f2-4f8d-8dd5-682af7083e21',0,'Sql Executor 1','Sql Executor',null,0,null,null,'b9dda482-ae92-43af-beb8-4396c5d125c0',{ts '2015-12-02 07:59:43.253'},null,null,{ts '2015-12-14 08:57:23.636'});
insert into METL_COMPONENT_SETTING (ID, COMPONENT_ID, NAME, VALUE, CREATE_TIME, CREATE_BY, LAST_UPDATE_BY, LAST_UPDATE_TIME) values ('02f8ab90-517a-4523-af78-359e33adc6bd','68c18891-81c9-4ced-8275-5d81822fbb0b','sql','select * From table1 where id = :table1.parent',{ts '2015-12-02 08:05:26.453'},null,null,{ts '2015-12-14 09:02:51.042'});
insert into METL_COMPONENT_SETTING (ID, COMPONENT_ID, NAME, VALUE, CREATE_TIME, CREATE_BY, LAST_UPDATE_BY, LAST_UPDATE_TIME) values ('06958972-8205-470c-8d74-e7931490fbf5','109a913f-83ae-4525-9d63-2b774484a9b1','run.when','PER UNIT OF WORK',{ts '2015-12-19 10:53:20.754'},null,null,{ts '2015-12-19 10:53:20.754'});
insert into METL_COMPONENT_SETTING (ID, COMPONENT_ID, NAME, VALUE, CREATE_TIME, CREATE_BY, LAST_UPDATE_BY, LAST_UPDATE_TIME) values ('1d10f7a9-c8cc-4294-b074-b45eb96159d3','352d7005-8152-4c14-a7f2-6c6d1a64dad1','enabled','false',{ts '2015-12-13 21:21:19.876'},null,null,{ts '2015-12-14 09:01:56.199'});
insert into METL_COMPONENT_SETTING (ID, COMPONENT_ID, NAME, VALUE, CREATE_TIME, CREATE_BY, LAST_UPDATE_BY, LAST_UPDATE_TIME) values ('1d37f38e-47cf-476c-958a-a23578d61c5d','dc10575c-f44e-45d9-a0eb-64b7ac11292d','sql','select * from table1 where id in (3,7)',{ts '2015-12-02 08:04:01.229'},null,null,{ts '2015-12-14 08:57:23.637'});
insert into METL_COMPONENT_SETTING (ID, COMPONENT_ID, NAME, VALUE, CREATE_TIME, CREATE_BY, LAST_UPDATE_BY, LAST_UPDATE_TIME) values ('1f6b8884-fe4e-4be6-afe3-250d7223f26f','352d7005-8152-4c14-a7f2-6c6d1a64dad1','expected.entity.messages.count','4',{ts '2015-12-14 08:58:11.322'},null,null,{ts '2015-12-14 08:58:11.323'});
insert into METL_COMPONENT_SETTING (ID, COMPONENT_ID, NAME, VALUE, CREATE_TIME, CREATE_BY, LAST_UPDATE_BY, LAST_UPDATE_TIME) values ('24126103-0f59-49e2-8717-d0d3c0930fda','10be6a22-4dfe-4ba5-9747-97ed47158092','run.when','PER ENTITY',{ts '2015-12-19 10:54:08.643'},null,null,{ts '2015-12-19 10:54:51.233'});
insert into METL_COMPONENT_SETTING (ID, COMPONENT_ID, NAME, VALUE, CREATE_TIME, CREATE_BY, LAST_UPDATE_BY, LAST_UPDATE_TIME) values ('3b9d25d4-8caf-4a60-8fa7-482c695f6905','cad27cf2-a3eb-4368-8524-bede85cebc3b','sql','select * from table1 where id =3',{ts '2015-12-19 10:50:41.697'},null,null,{ts '2015-12-19 10:54:01.833'});
insert into METL_COMPONENT_SETTING (ID, COMPONENT_ID, NAME, VALUE, CREATE_TIME, CREATE_BY, LAST_UPDATE_BY, LAST_UPDATE_TIME) values ('3ea35b91-af07-46da-89a1-c09a1c4a899d','352d7005-8152-4c14-a7f2-6c6d1a64dad1','expected.text.messages.count','0',{ts '2015-12-13 21:11:05.836'},null,null,{ts '2015-12-14 08:58:08.669'});
insert into METL_COMPONENT_SETTING (ID, COMPONENT_ID, NAME, VALUE, CREATE_TIME, CREATE_BY, LAST_UPDATE_BY, LAST_UPDATE_TIME) values ('4a7dbd23-0c37-4b23-af84-9983b5e03dbb','68c18891-81c9-4ced-8275-5d81822fbb0b','run.when','PER ENTITY',{ts '2015-12-02 08:07:48.092'},null,null,{ts '2015-12-14 08:57:23.638'});
insert into METL_COMPONENT_SETTING (ID, COMPONENT_ID, NAME, VALUE, CREATE_TIME, CREATE_BY, LAST_UPDATE_BY, LAST_UPDATE_TIME) values ('50f451e0-f83f-45d2-9e3b-bd77cae15b54','352d7005-8152-4c14-a7f2-6c6d1a64dad1','expected.control.messages.count','2',{ts '2015-12-13 21:11:54.657'},null,null,{ts '2015-12-14 08:58:35.519'});
insert into METL_COMPONENT_SETTING (ID, COMPONENT_ID, NAME, VALUE, CREATE_TIME, CREATE_BY, LAST_UPDATE_BY, LAST_UPDATE_TIME) values ('66ae5ca9-7572-42be-80b1-150d81b2540b','68c18891-81c9-4ced-8275-5d81822fbb0b','logOutput','false',{ts '2015-12-02 08:07:09.783'},null,null,{ts '2015-12-14 08:57:23.638'});
insert into METL_COMPONENT_SETTING (ID, COMPONENT_ID, NAME, VALUE, CREATE_TIME, CREATE_BY, LAST_UPDATE_BY, LAST_UPDATE_TIME) values ('6982516b-1bc5-41ff-bbfc-4744620db07a','dc10575c-f44e-45d9-a0eb-64b7ac11292d','rows.per.message','100',{ts '2015-12-13 21:15:14.531'},null,null,{ts '2015-12-14 08:57:23.637'});
insert into METL_COMPONENT_SETTING (ID, COMPONENT_ID, NAME, VALUE, CREATE_TIME, CREATE_BY, LAST_UPDATE_BY, LAST_UPDATE_TIME) values ('8899fed1-f2b9-4679-8306-e1253a1c7853','0f20d8d1-76a1-466c-8f22-1e780cf2c169','expected.control.messages.count','1',{ts '2015-12-19 10:52:09.236'},null,null,{ts '2015-12-19 10:52:10.610'});
insert into METL_COMPONENT_SETTING (ID, COMPONENT_ID, NAME, VALUE, CREATE_TIME, CREATE_BY, LAST_UPDATE_BY, LAST_UPDATE_TIME) values ('8a40fc1b-ef73-4b4c-8581-4a32ef05afbd','68c18891-81c9-4ced-8275-5d81822fbb0b','logInput','false',{ts '2015-12-02 08:07:09.133'},null,null,{ts '2015-12-14 08:57:23.638'});
insert into METL_COMPONENT_SETTING (ID, COMPONENT_ID, NAME, VALUE, CREATE_TIME, CREATE_BY, LAST_UPDATE_BY, LAST_UPDATE_TIME) values ('ae7b0be9-cb20-4bcf-a461-5603a72337c0','109a913f-83ae-4525-9d63-2b774484a9b1','sql','drop table if exists table1;
create table table1 (id integer, parent integer, primary key (id));
insert into table1 values (1,null);
insert into table1 values (2,1);
insert into table1 values (3,2);
',{ts '2015-12-19 10:49:25.731'},null,null,{ts '2015-12-19 11:01:39.452'});
insert into METL_COMPONENT_SETTING (ID, COMPONENT_ID, NAME, VALUE, CREATE_TIME, CREATE_BY, LAST_UPDATE_BY, LAST_UPDATE_TIME) values ('b33f2e90-75c1-4424-bc62-0fa9d43d00bd','eb5c37c2-1690-4854-a350-aa56494b99d7','run.when','PER UNIT OF WORK',{ts '2015-12-02 07:59:55.282'},null,null,{ts '2015-12-14 08:57:23.636'});
insert into METL_COMPONENT_SETTING (ID, COMPONENT_ID, NAME, VALUE, CREATE_TIME, CREATE_BY, LAST_UPDATE_BY, LAST_UPDATE_TIME) values ('d3261412-7125-4a6f-950c-44a2a3e5b7ac','0f20d8d1-76a1-466c-8f22-1e780cf2c169','expected.entity.messages.count','2',{ts '2015-12-19 10:52:06.655'},null,null,{ts '2015-12-19 10:52:06.655'});
insert into METL_COMPONENT_SETTING (ID, COMPONENT_ID, NAME, VALUE, CREATE_TIME, CREATE_BY, LAST_UPDATE_BY, LAST_UPDATE_TIME) values ('e7d392a5-c80a-4771-9fd6-a97a2ac3f905','eb5c37c2-1690-4854-a350-aa56494b99d7','sql','drop table if exists table1;
create table table1 (id integer, parent integer, primary key (id));
--this is the first set of parent/children
insert into table1 values (1,null);
insert into table1 values (2,1);
insert into table1 values (3,2);
--this is the second set of parent/children
insert into table1 values (5,null);
insert into table1 values (6,5);
insert into table1 values (7,6);
',{ts '2015-12-02 08:03:06.473'},null,null,{ts '2015-12-14 09:01:50.034'});
insert into METL_COMPONENT_SETTING (ID, COMPONENT_ID, NAME, VALUE, CREATE_TIME, CREATE_BY, LAST_UPDATE_BY, LAST_UPDATE_TIME) values ('e9c9a9a5-72db-4a56-af50-105591decc8c','10be6a22-4dfe-4ba5-9747-97ed47158092','sql','select * From table1 where id = :table1.parent',{ts '2015-12-19 10:52:39.593'},null,null,{ts '2015-12-19 10:52:39.593'});
insert into METL_FLOW (ID, ROW_ID, PROJECT_VERSION_ID, DELETED, NAME, FOLDER_ID, CREATE_TIME, CREATE_BY, LAST_UPDATE_BY, LAST_UPDATE_TIME, TEST) values ('76d07ae1-99bd-4f44-9d2b-2a4d2be00f68','724cc35b-21e8-48ac-942a-6d0764e93797','de12fc2b-e9f2-4f8d-8dd5-682af7083e21',0,'RDBMSReader - Recursive Reader Mult Inbound ',null,{ts '2015-12-02 07:59:09.709'},null,null,{ts '2015-12-14 08:57:23.635'},0);
insert into METL_FLOW (ID, ROW_ID, PROJECT_VERSION_ID, DELETED, NAME, FOLDER_ID, CREATE_TIME, CREATE_BY, LAST_UPDATE_BY, LAST_UPDATE_TIME, TEST) values ('a5db0775-02bf-4b88-9553-f8e9859a6c1d','0a9d193c-d9df-4b3e-9f67-4c03373291b3','de12fc2b-e9f2-4f8d-8dd5-682af7083e21',0,'RDBMSReader - Single Inbound Recursive Reader',null,{ts '2015-12-19 10:48:22.973'},null,null,{ts '2015-12-19 10:51:44.529'},1);
insert into METL_FLOW_STEP (ID, FLOW_ID, COMPONENT_ID, X, Y, APPROXIMATE_ORDER, CREATE_TIME, CREATE_BY, LAST_UPDATE_BY, LAST_UPDATE_TIME) values ('05d6d58a-d6ca-4a6a-ab20-869ea84e8cbd','76d07ae1-99bd-4f44-9d2b-2a4d2be00f68','eb5c37c2-1690-4854-a350-aa56494b99d7',40,20,0,{ts '2015-12-02 07:59:43.253'},null,null,{ts '2015-12-14 08:57:23.636'});
insert into METL_FLOW_STEP (ID, FLOW_ID, COMPONENT_ID, X, Y, APPROXIMATE_ORDER, CREATE_TIME, CREATE_BY, LAST_UPDATE_BY, LAST_UPDATE_TIME) values ('115f933d-6c84-462f-943f-b897c4f01aeb','76d07ae1-99bd-4f44-9d2b-2a4d2be00f68','352d7005-8152-4c14-a7f2-6c6d1a64dad1',650,20,3,{ts '2015-12-13 21:07:36.818'},null,null,{ts '2015-12-14 08:57:55.204'});
insert into METL_FLOW_STEP (ID, FLOW_ID, COMPONENT_ID, X, Y, APPROXIMATE_ORDER, CREATE_TIME, CREATE_BY, LAST_UPDATE_BY, LAST_UPDATE_TIME) values ('34ff9f2e-f5e6-422b-925b-9e9ed649f870','a5db0775-02bf-4b88-9553-f8e9859a6c1d','0f20d8d1-76a1-466c-8f22-1e780cf2c169',560,30,3,{ts '2015-12-19 10:51:41.153'},null,null,{ts '2015-12-19 10:51:44.532'});
insert into METL_FLOW_STEP (ID, FLOW_ID, COMPONENT_ID, X, Y, APPROXIMATE_ORDER, CREATE_TIME, CREATE_BY, LAST_UPDATE_BY, LAST_UPDATE_TIME) values ('42897ff5-6930-4d14-8959-344b98720ae2','a5db0775-02bf-4b88-9553-f8e9859a6c1d','109a913f-83ae-4525-9d63-2b774484a9b1',40,30,0,{ts '2015-12-19 10:49:05.122'},null,null,{ts '2015-12-19 10:51:44.530'});
insert into METL_FLOW_STEP (ID, FLOW_ID, COMPONENT_ID, X, Y, APPROXIMATE_ORDER, CREATE_TIME, CREATE_BY, LAST_UPDATE_BY, LAST_UPDATE_TIME) values ('60f9ea0c-4771-4c33-98cd-2c587a39fd37','a5db0775-02bf-4b88-9553-f8e9859a6c1d','cad27cf2-a3eb-4368-8524-bede85cebc3b',190,30,1,{ts '2015-12-19 10:49:37.319'},null,null,{ts '2015-12-19 10:51:44.531'});
insert into METL_FLOW_STEP (ID, FLOW_ID, COMPONENT_ID, X, Y, APPROXIMATE_ORDER, CREATE_TIME, CREATE_BY, LAST_UPDATE_BY, LAST_UPDATE_TIME) values ('85c33390-34f9-4e31-9aa5-f6d2a28b079e','76d07ae1-99bd-4f44-9d2b-2a4d2be00f68','71c71450-5464-4881-9a68-0eae96e17659',650,150,4,{ts '2015-12-02 15:38:23.582'},null,null,{ts '2015-12-14 08:57:23.640'});
insert into METL_FLOW_STEP (ID, FLOW_ID, COMPONENT_ID, X, Y, APPROXIMATE_ORDER, CREATE_TIME, CREATE_BY, LAST_UPDATE_BY, LAST_UPDATE_TIME) values ('8879e3c8-8aee-4922-b470-a5500b348fcb','76d07ae1-99bd-4f44-9d2b-2a4d2be00f68','dc10575c-f44e-45d9-a0eb-64b7ac11292d',200,20,1,{ts '2015-12-02 08:03:39.411'},null,null,{ts '2015-12-14 08:57:23.637'});
insert into METL_FLOW_STEP (ID, FLOW_ID, COMPONENT_ID, X, Y, APPROXIMATE_ORDER, CREATE_TIME, CREATE_BY, LAST_UPDATE_BY, LAST_UPDATE_TIME) values ('96b5b3d6-8bfd-4fbc-a6f7-a7594d6eb315','76d07ae1-99bd-4f44-9d2b-2a4d2be00f68','68c18891-81c9-4ced-8275-5d81822fbb0b',400,20,2,{ts '2015-12-02 08:05:10.318'},null,null,{ts '2015-12-14 08:57:23.638'});
insert into METL_FLOW_STEP (ID, FLOW_ID, COMPONENT_ID, X, Y, APPROXIMATE_ORDER, CREATE_TIME, CREATE_BY, LAST_UPDATE_BY, LAST_UPDATE_TIME) values ('9f58b93a-d938-404f-9a54-681b68ff6126','a5db0775-02bf-4b88-9553-f8e9859a6c1d','10be6a22-4dfe-4ba5-9747-97ed47158092',380,30,2,{ts '2015-12-19 10:50:49.467'},null,null,{ts '2015-12-19 10:51:44.531'});
insert into METL_FLOW_STEP_LINK (SOURCE_STEP_ID, TARGET_STEP_ID, CREATE_TIME, CREATE_BY, LAST_UPDATE_BY, LAST_UPDATE_TIME) values ('05d6d58a-d6ca-4a6a-ab20-869ea84e8cbd','8879e3c8-8aee-4922-b470-a5500b348fcb',{ts '2015-12-02 08:03:42.377'},null,null,{ts '2015-12-14 08:57:23.640'});
insert into METL_FLOW_STEP_LINK (SOURCE_STEP_ID, TARGET_STEP_ID, CREATE_TIME, CREATE_BY, LAST_UPDATE_BY, LAST_UPDATE_TIME) values ('42897ff5-6930-4d14-8959-344b98720ae2','60f9ea0c-4771-4c33-98cd-2c587a39fd37',{ts '2015-12-19 10:49:41.009'},null,null,{ts '2015-12-19 10:51:44.532'});
insert into METL_FLOW_STEP_LINK (SOURCE_STEP_ID, TARGET_STEP_ID, CREATE_TIME, CREATE_BY, LAST_UPDATE_BY, LAST_UPDATE_TIME) values ('60f9ea0c-4771-4c33-98cd-2c587a39fd37','9f58b93a-d938-404f-9a54-681b68ff6126',{ts '2015-12-19 10:50:54.445'},null,null,{ts '2015-12-19 10:51:44.532'});
insert into METL_FLOW_STEP_LINK (SOURCE_STEP_ID, TARGET_STEP_ID, CREATE_TIME, CREATE_BY, LAST_UPDATE_BY, LAST_UPDATE_TIME) values ('8879e3c8-8aee-4922-b470-a5500b348fcb','96b5b3d6-8bfd-4fbc-a6f7-a7594d6eb315',{ts '2015-12-02 08:05:14.400'},null,null,{ts '2015-12-14 08:57:23.640'});
insert into METL_FLOW_STEP_LINK (SOURCE_STEP_ID, TARGET_STEP_ID, CREATE_TIME, CREATE_BY, LAST_UPDATE_BY, LAST_UPDATE_TIME) values ('96b5b3d6-8bfd-4fbc-a6f7-a7594d6eb315','115f933d-6c84-462f-943f-b897c4f01aeb',{ts '2015-12-14 08:57:21.609'},null,null,{ts '2015-12-14 08:57:23.641'});
insert into METL_FLOW_STEP_LINK (SOURCE_STEP_ID, TARGET_STEP_ID, CREATE_TIME, CREATE_BY, LAST_UPDATE_BY, LAST_UPDATE_TIME) values ('96b5b3d6-8bfd-4fbc-a6f7-a7594d6eb315','85c33390-34f9-4e31-9aa5-f6d2a28b079e',{ts '2015-12-14 08:57:23.635'},null,null,{ts '2015-12-14 08:57:23.641'});
insert into METL_FLOW_STEP_LINK (SOURCE_STEP_ID, TARGET_STEP_ID, CREATE_TIME, CREATE_BY, LAST_UPDATE_BY, LAST_UPDATE_TIME) values ('96b5b3d6-8bfd-4fbc-a6f7-a7594d6eb315','96b5b3d6-8bfd-4fbc-a6f7-a7594d6eb315',{ts '2015-12-02 08:06:17.825'},null,null,{ts '2015-12-14 08:57:23.641'});
insert into METL_FLOW_STEP_LINK (SOURCE_STEP_ID, TARGET_STEP_ID, CREATE_TIME, CREATE_BY, LAST_UPDATE_BY, LAST_UPDATE_TIME) values ('9f58b93a-d938-404f-9a54-681b68ff6126','34ff9f2e-f5e6-422b-925b-9e9ed649f870',{ts '2015-12-19 10:51:44.529'},null,null,{ts '2015-12-19 10:51:44.532'});
insert into METL_FLOW_STEP_LINK (SOURCE_STEP_ID, TARGET_STEP_ID, CREATE_TIME, CREATE_BY, LAST_UPDATE_BY, LAST_UPDATE_TIME) values ('9f58b93a-d938-404f-9a54-681b68ff6126','9f58b93a-d938-404f-9a54-681b68ff6126',{ts '2015-12-19 10:51:17.696'},null,null,{ts '2015-12-19 10:51:44.532'});
